{
  "parent": "roe_weapons:custom/bow_3",
  "textures": {
    "2": "roe_weapons:block/bow_3"
  },
  "overrides": [
    {
      "predicate": {
        "pulling": 1,
        "pull": 0.0
      },
      "model": "roe_weapons:item/bow_3_pulling_0"
    },
    {
      "predicate": {
        "pulling": 1,
        "pull": 0.2
      },
      "model": "roe_weapons:item/bow_3_pulling_0"
    },
    {
      "predicate": {
        "pulling": 1,
        "pull": 0.4
      },
      "model": "roe_weapons:item/bow_3_pulling_1"
    },
    {
      "predicate": {
        "pulling": 1,
        "pull": 0.5
      },
      "model": "roe_weapons:item/bow_3_pulling_1"
    },
    {
      "predicate": {
        "pulling": 1,
        "pull": 0.65
      },
      "model": "roe_weapons:item/bow_3_pulling_1"
    },
    {
      "predicate": {
        "pulling": 1,
        "pull": 0.75
      },
      "model": "roe_weapons:item/bow_3_pulling_2"
    },
    {
      "predicate": {
        "pulling": 1,
        "pull": 0.9
      },
      "model": "roe_weapons:item/bow_3_pulling_2"
    },
    {
      "predicate": {
        "pulling": 1,
        "pull": 1.0
      },
      "model": "roe_weapons:item/bow_3_pulling_2"
    }
  ]
}
