{
  "parent": "roe_weapons:custom/crossbow_5",
  "textures": {
    "0": "roe_weapons:block/crossbow_5"
  },
  "overrides": [
    {
      "predicate": {
        "pulling": 1,
        "pull": 0.0
      },
      "model": "roe_weapons:item/crossbow_5_pulling_0"
    },
    {
      "predicate": {
        "pulling": 1,
        "pull": 0.25
      },
      "model": "roe_weapons:item/crossbow_5_pulling_1"
    },
    {
      "predicate": {
        "pulling": 1,
        "pull": 0.35
      },
      "model": "roe_weapons:item/crossbow_5_pulling_1"
    },
    {
      "predicate": {
        "pulling": 1,
        "pull": 0.5
      },
      "model": "roe_weapons:item/crossbow_5_pulling_2"
    },
    {
      "predicate": {
        "pulling": 1,
        "pull": 0.60
      },
      "model": "roe_weapons:item/crossbow_5_pulling_2"
    },
    {
      "predicate": {
        "charged": 1
      },
      "model": "roe_weapons:item/crossbow_5_charged"
    },
    {
      "predicate": {
        "charged": 1,
        "firework": 1
      },
      "model": "roe_weapons:item/crossbow_5_charged"
    }
  ]
}
