{
  "parent": "roe_weapons:custom/cursed_bow",
  "textures": {
    "1": "roe_weapons:block/cursed_arrow",
    "0": "roe_weapons:block/cursed_bow"
  },
  "overrides": [
    {
      "predicate": {
        "pulling": 1,
        "pull": 0.0
      },
      "model": "roe_weapons:item/cursed_bow_pulling_0"
    },
    {
      "predicate": {
        "pulling": 1,
        "pull": 0.2
      },
      "model": "roe_weapons:item/cursed_bow_pulling_0"
    },
    {
      "predicate": {
        "pulling": 1,
        "pull": 0.4
      },
      "model": "roe_weapons:item/cursed_bow_pulling_1"
    },
    {
      "predicate": {
        "pulling": 1,
        "pull": 0.5
      },
      "model": "roe_weapons:item/cursed_bow_pulling_1"
    },
    {
      "predicate": {
        "pulling": 1,
        "pull": 0.65
      },
      "model": "roe_weapons:item/cursed_bow_pulling_1"
    },
    {
      "predicate": {
        "pulling": 1,
        "pull": 0.75
      },
      "model": "roe_weapons:item/cursed_bow_pulling_2"
    },
    {
      "predicate": {
        "pulling": 1,
        "pull": 0.9
      },
      "model": "roe_weapons:item/cursed_bow_pulling_2"
    },
    {
      "predicate": {
        "pulling": 1,
        "pull": 1.0
      },
      "model": "roe_weapons:item/cursed_bow_pulling_2"
    }
  ]
}
