{
  "credit": "Made By AtPoe",
  "texture_size": [
    64,
    64
  ],
  "elements": [
    {
      "from": [
        7.1,
        -2,
        7.1
      ],
      "to": [
        8.9,
        8,
        8.9
      ],
      "rotation": {
        "angle": 0,
        "axis": "y",
        "origin": [
          0,
          24,
          0
        ]
      },
      "faces": {
        "north": {
          "uv": [
            12.75,
            10.5,
            12,
            13.25
          ],
          "texture": "#sword_0"
        },
        "east": {
          "uv": [
            12.75,
            10.5,
            12,
            13.25
          ],
          "texture": "#sword_0"
        },
        "south": {
          "uv": [
            12.75,
            10.5,
            12,
            13.25
          ],
          "texture": "#sword_0"
        },
        "west": {
          "uv": [
            12.75,
            10.5,
            12,
            13.25
          ],
          "texture": "#sword_0"
        }
      }
    },
    {
      "from": [
        7,
        8,
        7
      ],
      "to": [
        9,
        10,
        9
      ],
      "rotation": {
        "angle": 0,
        "axis": "y",
        "origin": [
          0.5,
          30,
          0
        ]
      },
      "faces": {
        "north": {
          "uv": [
            12.75,
            9.75,
            12,
            10.5
          ],
          "texture": "#sword_0"
        },
        "east": {
          "uv": [
            12.75,
            9.75,
            12,
            10.5
          ],
          "texture": "#sword_0"
        },
        "south": {
          "uv": [
            12.75,
            9.75,
            12,
            10.5
          ],
          "texture": "#sword_0"
        },
        "west": {
          "uv": [
            12.75,
            9.75,
            12,
            10.5
          ],
          "texture": "#sword_0"
        },
        "up": {
          "uv": [
            12.75,
            9.75,
            12,
            10.5
          ],
          "texture": "#sword_0"
        },
        "down": {
          "uv": [
            12.75,
            10.25,
            12,
            10.5
          ],
          "texture": "#sword_0"
        }
      }
    },
    {
      "from": [
        6.3,
        10,
        6.9
      ],
      "to": [
        9.7,
        13.4,
        9.1
      ],
      "rotation": {
        "angle": 0,
        "axis": "y",
        "origin": [
          1.65,
          32.2,
          -0.275
        ]
      },
      "faces": {
        "north": {
          "uv": [
            13.25,
            6.75,
            11.5,
            8.25
          ],
          "texture": "#sword_0"
        },
        "east": {
          "uv": [
            13.25,
            6.75,
            11.5,
            8.25
          ],
          "texture": "#sword_0"
        },
        "south": {
          "uv": [
            13.25,
            6.75,
            11.5,
            8.25
          ],
          "texture": "#sword_0"
        },
        "west": {
          "uv": [
            13.25,
            6.75,
            11.5,
            8.25
          ],
          "texture": "#sword_0"
        },
        "up": {
          "uv": [
            13.25,
            6.75,
            11.5,
            8.25
          ],
          "texture": "#sword_0"
        },
        "down": {
          "uv": [
            13.25,
            6.75,
            11.5,
            8.25
          ],
          "texture": "#sword_0"
        }
      }
    },
    {
      "from": [
        6.78,
        -4.02,
        6.78
      ],
      "to": [
        9.22,
        -1.98,
        9.22
      ],
      "rotation": {
        "angle": 0,
        "axis": "y",
        "origin": [
          8,
          -3,
          8
        ]
      },
      "faces": {
        "north": {
          "uv": [
            12.75,
            13.25,
            12,
            14
          ],
          "rotation": 180,
          "texture": "#sword_0"
        },
        "east": {
          "uv": [
            12.75,
            13.25,
            12.5,
            14
          ],
          "rotation": 270,
          "texture": "#sword_0"
        },
        "south": {
          "uv": [
            12.75,
            13.25,
            12,
            13.5
          ],
          "texture": "#sword_0"
        },
        "west": {
          "uv": [
            12,
            13.25,
            12.25,
            14
          ],
          "rotation": 90,
          "texture": "#sword_0"
        },
        "up": {
          "uv": [
            12,
            13.25,
            12.75,
            14
          ],
          "rotation": 180,
          "texture": "#sword_0"
        },
        "down": {
          "uv": [
            12,
            13.25,
            12.75,
            14
          ],
          "texture": "#sword_0"
        }
      }
    },
    {
      "from": [
        7.025,
        13.4,
        7.1
      ],
      "to": [
        8.95,
        14.4,
        8.9
      ],
      "rotation": {
        "angle": 0,
        "axis": "y",
        "origin": [
          7.95,
          14,
          7.975
        ]
      },
      "faces": {
        "north": {
          "uv": [
            12,
            13.25,
            12.75,
            14
          ],
          "rotation": 180,
          "texture": "#sword_0"
        },
        "east": {
          "uv": [
            12,
            13.25,
            12.75,
            14
          ],
          "rotation": 180,
          "texture": "#sword_0"
        },
        "south": {
          "uv": [
            12,
            13.25,
            12.75,
            14
          ],
          "rotation": 180,
          "texture": "#sword_0"
        },
        "west": {
          "uv": [
            12,
            13.25,
            12.75,
            14
          ],
          "rotation": 180,
          "texture": "#sword_0"
        },
        "up": {
          "uv": [
            12,
            13.25,
            12.75,
            14
          ],
          "texture": "#sword_0"
        },
        "down": {
          "uv": [
            12,
            13.25,
            12.75,
            14
          ],
          "texture": "#sword_0"
        }
      }
    },
    {
      "from": [
        5,
        11.3,
        7.1
      ],
      "to": [
        6.5,
        12.7,
        8.9
      ],
      "rotation": {
        "angle": 0,
        "axis": "y",
        "origin": [
          -1.35,
          32.5,
          0.225
        ]
      },
      "faces": {
        "north": {
          "uv": [
            10,
            9.25,
            11,
            11
          ],
          "texture": "#sword_0"
        },
        "east": {
          "uv": [
            11,
            9.25,
            10,
            11
          ],
          "texture": "#sword_0"
        },
        "south": {
          "uv": [
            11,
            9.25,
            10,
            11
          ],
          "texture": "#sword_0"
        },
        "west": {
          "uv": [
            11,
            9.25,
            10,
            11
          ],
          "texture": "#sword_0"
        },
        "up": {
          "uv": [
            11,
            9,
            10,
            10.5
          ],
          "texture": "#sword_0"
        },
        "down": {
          "uv": [
            11,
            10.5,
            10.75,
            10.75
          ],
          "texture": "#sword_0"
        }
      }
    },
    {
      "from": [
        9.5,
        11.3,
        7.1
      ],
      "to": [
        11,
        12.7,
        8.9
      ],
      "rotation": {
        "angle": 0,
        "axis": "y",
        "origin": [
          17.35,
          32.5,
          0.225
        ]
      },
      "faces": {
        "north": {
          "uv": [
            11,
            9.25,
            10,
            11
          ],
          "texture": "#sword_0"
        },
        "east": {
          "uv": [
            10,
            9.25,
            11,
            11
          ],
          "texture": "#sword_0"
        },
        "south": {
          "uv": [
            10,
            9.25,
            11,
            11
          ],
          "texture": "#sword_0"
        },
        "west": {
          "uv": [
            10,
            9.25,
            11,
            11
          ],
          "texture": "#sword_0"
        },
        "up": {
          "uv": [
            10,
            9,
            11,
            10.5
          ],
          "texture": "#sword_0"
        },
        "down": {
          "uv": [
            10.75,
            10.5,
            11,
            10.75
          ],
          "texture": "#sword_0"
        }
      }
    },
    {
      "from": [
        12.99264,
        3.86405,
        7.48
      ],
      "to": [
        17.03264,
        8.90405,
        8.52
      ],
      "rotation": {
        "angle": -22.5,
        "axis": "z",
        "origin": [
          16.91264,
          8.78405,
          7.54
        ]
      },
      "faces": {
        "north": {
          "uv": [
            13.5,
            9,
            14.5,
            10.25
          ],
          "texture": "#sword_0"
        },
        "east": {
          "uv": [
            12.25,
            9.5,
            12.5,
            9.75
          ],
          "texture": "#sword_0"
        },
        "south": {
          "uv": [
            14.5,
            9,
            13.5,
            10.25
          ],
          "texture": "#sword_0"
        },
        "west": {
          "uv": [
            12.5,
            9.5,
            12.25,
            9.75
          ],
          "texture": "#sword_0"
        },
        "down": {
          "uv": [
            12.25,
            9.5,
            12.5,
            9.75
          ],
          "texture": "#sword_0"
        }
      }
    },
    {
      "from": [
        12.98943,
        8.849,
        7.46
      ],
      "to": [
        17.06943,
        13.929,
        8.54
      ],
      "rotation": {
        "angle": 0,
        "axis": "y",
        "origin": [
          17.02943,
          13.789,
          7.52
        ]
      },
      "faces": {
        "north": {
          "uv": [
            14.5,
            7.75,
            15.5,
            9
          ],
          "texture": "#sword_0"
        },
        "east": {
          "uv": [
            12.5,
            9.5,
            12.25,
            9.75
          ],
          "texture": "#sword_0"
        },
        "south": {
          "uv": [
            15.5,
            7.75,
            14.5,
            9
          ],
          "texture": "#sword_0"
        }
      }
    },
    {
      "from": [
        9.55,
        10.4,
        7.5
      ],
      "to": [
        13.55,
        14.4,
        8.5
      ],
      "rotation": {
        "angle": -45,
        "axis": "z",
        "origin": [
          9.6,
          10.4,
          7
        ]
      },
      "faces": {
        "north": {
          "uv": [
            13.5,
            8,
            14.5,
            9
          ],
          "texture": "#sword_0"
        },
        "south": {
          "uv": [
            14.5,
            8,
            13.5,
            9
          ],
          "texture": "#sword_0"
        },
        "down": {
          "uv": [
            12.25,
            8.5,
            12.5,
            8.75
          ],
          "texture": "#sword_0"
        }
      }
    },
    {
      "from": [
        9.34,
        10.965,
        7.64
      ],
      "to": [
        17.86,
        14.16,
        8.36
      ],
      "rotation": {
        "angle": 22.5,
        "axis": "z",
        "origin": [
          9.6,
          10.9,
          7.5
        ]
      },
      "faces": {
        "north": {
          "uv": [
            12.5,
            9.25,
            12.25,
            9.5
          ],
          "texture": "#sword_0"
        },
        "east": {
          "uv": [
            12.5,
            9.25,
            12.25,
            9.5
          ],
          "texture": "#sword_0"
        },
        "south": {
          "uv": [
            12.5,
            9.25,
            12.25,
            9.5
          ],
          "texture": "#sword_0"
        },
        "up": {
          "uv": [
            12.5,
            9.25,
            12.25,
            9.5
          ],
          "texture": "#sword_0"
        }
      }
    },
    {
      "from": [
        9.35,
        10.2,
        7.7
      ],
      "to": [
        13.75,
        14.6,
        8.3
      ],
      "rotation": {
        "angle": -45,
        "axis": "z",
        "origin": [
          9.6,
          10.4,
          7
        ]
      },
      "faces": {
        "north": {
          "uv": [
            13.5,
            8,
            14.5,
            9
          ],
          "texture": "#sword_0"
        },
        "south": {
          "uv": [
            14.5,
            8,
            13.5,
            9
          ],
          "texture": "#sword_0"
        },
        "down": {
          "uv": [
            12.5,
            9.5,
            12.25,
            9.75
          ],
          "texture": "#sword_0"
        }
      }
    },
    {
      "from": [
        12.71443,
        8.649,
        7.66
      ],
      "to": [
        17.19443,
        14.129,
        8.34
      ],
      "rotation": {
        "angle": 0,
        "axis": "y",
        "origin": [
          16.95443,
          13.789,
          7.52
        ]
      },
      "faces": {
        "north": {
          "uv": [
            12.25,
            9.5,
            12.5,
            9.75
          ],
          "texture": "#sword_0"
        },
        "east": {
          "uv": [
            12.5,
            9.5,
            12.25,
            9.75
          ],
          "texture": "#sword_0"
        },
        "south": {
          "uv": [
            12.25,
            9.5,
            12.5,
            9.75
          ],
          "texture": "#sword_0"
        }
      }
    },
    {
      "from": [
        12.79264,
        3.66405,
        7.68
      ],
      "to": [
        17.23264,
        8.77905,
        8.32
      ],
      "rotation": {
        "angle": -22.5,
        "axis": "z",
        "origin": [
          16.91264,
          8.78405,
          7.54
        ]
      },
      "faces": {
        "north": {
          "uv": [
            12.25,
            9.5,
            12.5,
            9.75
          ],
          "texture": "#sword_0"
        },
        "east": {
          "uv": [
            12.5,
            9.5,
            12.25,
            9.75
          ],
          "texture": "#sword_0"
        },
        "south": {
          "uv": [
            12.25,
            9.5,
            12.5,
            9.75
          ],
          "texture": "#sword_0"
        },
        "west": {
          "uv": [
            12.5,
            9.5,
            12.25,
            9.75
          ],
          "texture": "#sword_0"
        },
        "down": {
          "uv": [
            12.25,
            9.5,
            12.5,
            9.75
          ],
          "texture": "#sword_0"
        }
      }
    },
    {
      "from": [
        9.54,
        10.84,
        7.44
      ],
      "to": [
        17.66,
        13.96,
        8.56
      ],
      "rotation": {
        "angle": 22.5,
        "axis": "z",
        "origin": [
          9.6,
          10.9,
          7.5
        ]
      },
      "faces": {
        "north": {
          "uv": [
            13.25,
            6.75,
            15.25,
            7.5
          ],
          "texture": "#sword_0"
        },
        "east": {
          "uv": [
            12.5,
            9.5,
            12.25,
            9.75
          ],
          "texture": "#sword_0"
        },
        "south": {
          "uv": [
            15.25,
            6.75,
            13.25,
            7.5
          ],
          "texture": "#sword_0"
        },
        "up": {
          "uv": [
            12.5,
            9.5,
            12.25,
            9.75
          ],
          "texture": "#sword_0"
        },
        "down": {
          "uv": [
            12.25,
            8.5,
            12.5,
            8.75
          ],
          "texture": "#sword_0"
        }
      }
    },
    {
      "from": [
        -1.03264,
        3.86405,
        7.48
      ],
      "to": [
        3.00736,
        8.90405,
        8.52
      ],
      "rotation": {
        "angle": 22.5,
        "axis": "z",
        "origin": [
          -0.91264,
          8.78405,
          7.54
        ]
      },
      "faces": {
        "north": {
          "uv": [
            14.5,
            9,
            13.5,
            10.25
          ],
          "texture": "#sword_0"
        },
        "east": {
          "uv": [
            12.25,
            9.5,
            12.5,
            9.75
          ],
          "texture": "#sword_0"
        },
        "south": {
          "uv": [
            13.5,
            9,
            14.5,
            10.25
          ],
          "texture": "#sword_0"
        },
        "west": {
          "uv": [
            12.5,
            9.5,
            12.25,
            9.75
          ],
          "texture": "#sword_0"
        },
        "down": {
          "uv": [
            12.25,
            9.5,
            12.5,
            9.75
          ],
          "texture": "#sword_0"
        }
      }
    },
    {
      "from": [
        -1.06943,
        8.849,
        7.46
      ],
      "to": [
        3.01057,
        13.929,
        8.54
      ],
      "rotation": {
        "angle": 0,
        "axis": "y",
        "origin": [
          -1.02943,
          13.789,
          7.52
        ]
      },
      "faces": {
        "north": {
          "uv": [
            15.5,
            7.75,
            14.5,
            9
          ],
          "texture": "#sword_0"
        },
        "south": {
          "uv": [
            14.5,
            7.75,
            15.5,
            9
          ],
          "texture": "#sword_0"
        },
        "west": {
          "uv": [
            12.25,
            9.5,
            12.5,
            9.75
          ],
          "texture": "#sword_0"
        }
      }
    },
    {
      "from": [
        2.45,
        10.4,
        7.5
      ],
      "to": [
        6.45,
        14.4,
        8.5
      ],
      "rotation": {
        "angle": 45,
        "axis": "z",
        "origin": [
          6.4,
          10.4,
          7
        ]
      },
      "faces": {
        "north": {
          "uv": [
            14.5,
            8,
            13.5,
            9
          ],
          "texture": "#sword_0"
        },
        "south": {
          "uv": [
            13.5,
            8,
            14.5,
            9
          ],
          "texture": "#sword_0"
        },
        "down": {
          "uv": [
            12.5,
            8.5,
            12.25,
            8.75
          ],
          "texture": "#sword_0"
        }
      }
    },
    {
      "from": [
        -1.86,
        10.965,
        7.64
      ],
      "to": [
        6.66,
        14.16,
        8.36
      ],
      "rotation": {
        "angle": -22.5,
        "axis": "z",
        "origin": [
          6.4,
          10.9,
          7.5
        ]
      },
      "faces": {
        "north": {
          "uv": [
            12.5,
            9.25,
            12.25,
            9.5
          ],
          "texture": "#sword_0"
        },
        "south": {
          "uv": [
            12.5,
            9.25,
            12.25,
            9.5
          ],
          "texture": "#sword_0"
        },
        "west": {
          "uv": [
            12.25,
            9.25,
            12.5,
            9.5
          ],
          "texture": "#sword_0"
        },
        "up": {
          "uv": [
            12.25,
            9.25,
            12.5,
            9.5
          ],
          "texture": "#sword_0"
        }
      }
    },
    {
      "from": [
        2.25,
        10.2,
        7.7
      ],
      "to": [
        6.65,
        14.6,
        8.3
      ],
      "rotation": {
        "angle": 45,
        "axis": "z",
        "origin": [
          6.4,
          10.4,
          7
        ]
      },
      "faces": {
        "north": {
          "uv": [
            14.5,
            8,
            13.5,
            9
          ],
          "texture": "#sword_0"
        },
        "south": {
          "uv": [
            13.5,
            8,
            14.5,
            9
          ],
          "texture": "#sword_0"
        },
        "down": {
          "uv": [
            12.25,
            9.5,
            12.5,
            9.75
          ],
          "texture": "#sword_0"
        }
      }
    },
    {
      "from": [
        -1.19443,
        8.649,
        7.66
      ],
      "to": [
        3.28557,
        14.129,
        8.34
      ],
      "rotation": {
        "angle": 0,
        "axis": "y",
        "origin": [
          -0.95443,
          13.789,
          7.52
        ]
      },
      "faces": {
        "north": {
          "uv": [
            12.5,
            9.5,
            12.25,
            9.75
          ],
          "texture": "#sword_0"
        },
        "south": {
          "uv": [
            12.5,
            9.5,
            12.25,
            9.75
          ],
          "texture": "#sword_0"
        },
        "west": {
          "uv": [
            12.25,
            9.5,
            12.5,
            9.75
          ],
          "texture": "#sword_0"
        }
      }
    },
    {
      "from": [
        -1.23264,
        3.66405,
        7.68
      ],
      "to": [
        3.20736,
        8.77905,
        8.32
      ],
      "rotation": {
        "angle": 22.5,
        "axis": "z",
        "origin": [
          -0.91264,
          8.78405,
          7.54
        ]
      },
      "faces": {
        "north": {
          "uv": [
            12.5,
            9.5,
            12.25,
            9.75
          ],
          "texture": "#sword_0"
        },
        "east": {
          "uv": [
            12.5,
            9.75,
            12.25,
            9.5
          ],
          "texture": "#sword_0"
        },
        "south": {
          "uv": [
            12.5,
            9.5,
            12.25,
            9.75
          ],
          "texture": "#sword_0"
        },
        "west": {
          "uv": [
            12.25,
            9.5,
            12.5,
            9.75
          ],
          "texture": "#sword_0"
        },
        "down": {
          "uv": [
            12.25,
            9.5,
            12.5,
            9.75
          ],
          "texture": "#sword_0"
        }
      }
    },
    {
      "from": [
        -1.66,
        10.84,
        7.44
      ],
      "to": [
        6.46,
        13.96,
        8.56
      ],
      "rotation": {
        "angle": -22.5,
        "axis": "z",
        "origin": [
          6.4,
          10.9,
          7.5
        ]
      },
      "faces": {
        "north": {
          "uv": [
            15.25,
            6.75,
            13.25,
            7.5
          ],
          "texture": "#sword_0"
        },
        "south": {
          "uv": [
            13.25,
            6.75,
            15.25,
            7.5
          ],
          "texture": "#sword_0"
        },
        "west": {
          "uv": [
            12.25,
            9.5,
            12.5,
            9.75
          ],
          "texture": "#sword_0"
        },
        "up": {
          "uv": [
            12.25,
            9.5,
            12.5,
            9.75
          ],
          "texture": "#sword_0"
        },
        "down": {
          "uv": [
            12.5,
            8.5,
            12.25,
            8.75
          ],
          "texture": "#sword_0"
        }
      }
    }
  ],
  "gui_light": "front",
  "display": {
    "thirdperson_righthand": {
      "rotation": [
        4,
        -90,
        0
      ],
      "translation": [
        0,
        4.5,
        1
      ],
      "scale": [
        0.9,
        0.9,
        0.9
      ]
    },
    "thirdperson_lefthand": {
      "rotation": [
        4,
        -90,
        0
      ],
      "translation": [
        0,
        4.5,
        1
      ],
      "scale": [
        0.9,
        0.9,
        0.9
      ]
    },
    "firstperson_righthand": {
      "rotation": [
        4,
        -90,
        0
      ],
      "translation": [
        0,
        4.5,
        3.5
      ],
      "scale": [
        0.8,
        0.8,
        0.8
      ]
    },
    "firstperson_lefthand": {
      "rotation": [
        4,
        -90,
        0
      ],
      "translation": [
        0,
        4.5,
        2.25
      ],
      "scale": [
        0.9,
        0.9,
        0.9
      ]
    },
    "ground": {
      "rotation": [
        0,
        0,
        -45
      ],
      "translation": [
        0,
        3,
        0
      ],
      "scale": [
        0.65,
        0.65,
        0.65
      ]
    },
    "gui": {
      "rotation": [
        0,
        0,
        -45
      ],
      "translation": [
        -1.25,
        -0.9,
        0
      ],
      "scale": [
        0.75,
        0.72,
        1
      ]
    },
    "head": {
      "rotation": [
        0,
        0,
        52.75
      ],
      "translation": [
        7,
        6.75,
        0.75
      ]
    },
    "fixed": {
      "rotation": [
        0,
        -180,
        -45
      ],
      "translation": [
        0.75,
        -0.75,
        0.75
      ],
      "scale": [
        0.8,
        0.8,
        0.8
      ]
    }
  },
  "groups": [
    {
      "name": "axe",
      "origin": [
        8,
        8,
        8
      ],
      "color": 0,
      "children": [
        0,
        1,
        2,
        3,
        4,
        5,
        6,
        7,
        8,
        9,
        10,
        11,
        12,
        13,
        14,
        15,
        16,
        17,
        18,
        19,
        20,
        21,
        22
      ]
    }
  ]
}