{
  "credit": "Made By AtPoe",
  "texture_size": [
    64,
    64
  ],
  "elements": [
    {
      "name": "handle",
      "from": [
        7,
        7.95,
        13
      ],
      "to": [
        9,
        13.95,
        19
      ],
      "rotation": {
        "angle": 0,
        "axis": "y",
        "origin": [
          14,
          15.45,
          13.5
        ]
      },
      "faces": {
        "east": {
          "uv": [
            14.75,
            9,
            12.75,
            11
          ],
          "texture": "#0"
        },
        "south": {
          "uv": [
            12.75,
            9,
            12,
            11
          ],
          "texture": "#0"
        },
        "west": {
          "uv": [
            14.75,
            9,
            12.75,
            11
          ],
          "texture": "#0"
        },
        "up": {
          "uv": [
            12.75,
            9,
            12,
            11
          ],
          "texture": "#0"
        },
        "down": {
          "uv": [
            12,
            9,
            12.75,
            11
          ],
          "texture": "#0"
        }
      }
    },
    {
      "from": [
        6,
        8.5,
        11.275
      ],
      "to": [
        10,
        12.5,
        12.275
      ],
      "rotation": {
        "angle": 0,
        "axis": "y",
        "origin": [
          7.5,
          10,
          13.775
        ]
      },
      "faces": {
        "north": {
          "uv": [
            12.5,
            8,
            13.5,
            9
          ],
          "texture": "#0"
        },
        "east": {
          "uv": [
            13.25,
            8,
            13.5,
            9
          ],
          "texture": "#0"
        },
        "west": {
          "uv": [
            12.5,
            8,
            12.75,
            9
          ],
          "texture": "#0"
        },
        "up": {
          "uv": [
            12.5,
            8,
            13.5,
            8.25
          ],
          "texture": "#0"
        },
        "down": {
          "uv": [
            12.5,
            8.75,
            13.5,
            9
          ],
          "texture": "#0"
        }
      }
    },
    {
      "name": "shield",
      "from": [
        3.5,
        16,
        12.2
      ],
      "to": [
        12.5,
        17,
        13.2
      ],
      "rotation": {
        "angle": 0,
        "axis": "y",
        "origin": [
          8.5,
          11.5,
          12.7
        ]
      },
      "faces": {
        "north": {
          "uv": [
            0.25,
            0.25,
            3.75,
            0.5
          ],
          "texture": "#0"
        },
        "east": {
          "uv": [
            0.25,
            0.25,
            0.5,
            0.5
          ],
          "texture": "#0"
        },
        "south": {
          "uv": [
            0.25,
            0.25,
            3.75,
            0.5
          ],
          "texture": "#0"
        },
        "west": {
          "uv": [
            3.5,
            0.25,
            3.75,
            0.5
          ],
          "texture": "#0"
        },
        "up": {
          "uv": [
            0.25,
            0.25,
            3.75,
            0.5
          ],
          "texture": "#0"
        },
        "down": {
          "uv": [
            0.25,
            0.25,
            3.75,
            0.5
          ],
          "texture": "#0"
        }
      }
    },
    {
      "name": "shield",
      "from": [
        3.5,
        4,
        12.2
      ],
      "to": [
        12.5,
        5,
        13.2
      ],
      "rotation": {
        "angle": 0,
        "axis": "y",
        "origin": [
          8.5,
          -0.5,
          12.7
        ]
      },
      "faces": {
        "north": {
          "uv": [
            0.25,
            3.5,
            3.75,
            3.75
          ],
          "texture": "#0"
        },
        "east": {
          "uv": [
            0.25,
            3.5,
            0.5,
            3.75
          ],
          "texture": "#0"
        },
        "south": {
          "uv": [
            0.25,
            3.5,
            3.75,
            3.75
          ],
          "texture": "#0"
        },
        "west": {
          "uv": [
            3.5,
            3.5,
            3.75,
            3.75
          ],
          "texture": "#0"
        },
        "up": {
          "uv": [
            0.5,
            3.5,
            3.5,
            3.75
          ],
          "texture": "#0"
        },
        "down": {
          "uv": [
            0.25,
            3.5,
            3.75,
            3.75
          ],
          "texture": "#0"
        }
      }
    },
    {
      "name": "shield",
      "from": [
        2.5,
        5,
        12
      ],
      "to": [
        13.5,
        16,
        13
      ],
      "rotation": {
        "angle": 0,
        "axis": "y",
        "origin": [
          8.5,
          11.5,
          12.5
        ]
      },
      "faces": {
        "north": {
          "uv": [
            0.5,
            0.5,
            3.5,
            3.5
          ],
          "texture": "#0"
        },
        "east": {
          "uv": [
            0.5,
            0.5,
            0.75,
            3.5
          ],
          "texture": "#0"
        },
        "south": {
          "uv": [
            0.5,
            0.5,
            3.5,
            3.5
          ],
          "texture": "#0"
        },
        "west": {
          "uv": [
            3.25,
            0.5,
            3.5,
            3.5
          ],
          "texture": "#0"
        },
        "up": {
          "uv": [
            0.5,
            0.5,
            3.5,
            0.75
          ],
          "texture": "#0"
        },
        "down": {
          "uv": [
            0.5,
            3.25,
            3.5,
            3.5
          ],
          "texture": "#0"
        }
      }
    },
    {
      "name": "shield",
      "from": [
        3.5,
        6,
        11.7
      ],
      "to": [
        12.5,
        15,
        12.7
      ],
      "rotation": {
        "angle": 0,
        "axis": "y",
        "origin": [
          8.5,
          11.5,
          12.2
        ]
      },
      "faces": {
        "north": {
          "uv": [
            0.75,
            0.75,
            3.25,
            3.25
          ],
          "texture": "#0"
        },
        "east": {
          "uv": [
            0.75,
            0.75,
            1,
            3.25
          ],
          "texture": "#0"
        },
        "south": {
          "uv": [
            0.75,
            0.75,
            3.25,
            3.25
          ],
          "texture": "#0"
        },
        "west": {
          "uv": [
            3,
            0.75,
            3.25,
            3.25
          ],
          "texture": "#0"
        },
        "up": {
          "uv": [
            0.75,
            0.75,
            3.25,
            1
          ],
          "texture": "#0"
        },
        "down": {
          "uv": [
            0.75,
            3,
            3.25,
            3.25
          ],
          "texture": "#0"
        }
      }
    },
    {
      "name": "shield",
      "from": [
        1.5,
        6,
        12.2
      ],
      "to": [
        2.5,
        15,
        13.2
      ],
      "rotation": {
        "angle": 0,
        "axis": "y",
        "origin": [
          -2.5,
          11.5,
          12.7
        ]
      },
      "faces": {
        "north": {
          "uv": [
            3.5,
            0.5,
            3.75,
            3.5
          ],
          "texture": "#0"
        },
        "east": {
          "uv": [
            3.5,
            0.5,
            3.75,
            3.5
          ],
          "texture": "#0"
        },
        "south": {
          "uv": [
            3.5,
            0.5,
            3.75,
            3.5
          ],
          "texture": "#0"
        },
        "west": {
          "uv": [
            3.5,
            0.5,
            3.75,
            3.5
          ],
          "texture": "#0"
        },
        "up": {
          "uv": [
            3.5,
            0.5,
            3.75,
            0.75
          ],
          "texture": "#0"
        },
        "down": {
          "uv": [
            3.5,
            3.25,
            3.75,
            3.5
          ],
          "texture": "#0"
        }
      }
    },
    {
      "name": "shield",
      "from": [
        13.5,
        6,
        12.2
      ],
      "to": [
        14.5,
        15,
        13.2
      ],
      "rotation": {
        "angle": 0,
        "axis": "y",
        "origin": [
          9.5,
          11.5,
          12.7
        ]
      },
      "faces": {
        "north": {
          "uv": [
            0.25,
            0.5,
            0.5,
            3.5
          ],
          "texture": "#0"
        },
        "east": {
          "uv": [
            0.25,
            0.5,
            0.5,
            3.5
          ],
          "texture": "#0"
        },
        "south": {
          "uv": [
            0.25,
            0.5,
            0.5,
            3.5
          ],
          "texture": "#0"
        },
        "west": {
          "uv": [
            0.25,
            0.5,
            0.5,
            3.5
          ],
          "texture": "#0"
        },
        "up": {
          "uv": [
            0.25,
            0.5,
            0.5,
            0.75
          ],
          "texture": "#0"
        },
        "down": {
          "uv": [
            0.25,
            3.25,
            0.5,
            3.5
          ],
          "texture": "#0"
        }
      }
    }
  ],
  "display": {
    "thirdperson_righthand": {
      "rotation": [
        90,
        -90,
        90
      ],
      "translation": [
        8,
        -5,
        3
      ]
    },
    "thirdperson_lefthand": {
      "rotation": [
        90,
        -90,
        90
      ],
      "translation": [
        8,
        -5,
        3
      ]
    },
    "firstperson_righthand": {
      "rotation": [
        75,
        -90,
        90
      ],
      "translation": [
        8,
        -7,
        3
      ]
    },
    "firstperson_lefthand": {
      "rotation": [
        75,
        -90,
        90
      ],
      "translation": [
        8,
        -7,
        3
      ]
    },
    "ground": {
      "rotation": [
        45,
        0,
        0
      ],
      "translation": [
        0,
        3,
        0
      ],
      "scale": [
        0.5,
        0.5,
        0.5
      ]
    },
    "gui": {
      "rotation": [
        -22.25,
        152.25,
        30.5
      ],
      "translation": [
        -3.25,
        -0.25,
        0
      ],
      "scale": [
        0.85,
        0.85,
        1
      ]
    },
    "head": {
      "rotation": [
        90,
        0,
        0
      ],
      "translation": [
        0,
        11.75,
        -3
      ]
    },
    "fixed": {
      "translation": [
        0,
        -0.75,
        -3
      ],
      "scale": [
        0.8,
        0.8,
        0.8
      ]
    }
  },
  "groups": [
    {
      "name": "shield",
      "origin": [
        0,
        11,
        1
      ],
      "color": 0,
      "children": [
        0,
        1,
        2,
        3,
        4,
        5,
        6,
        7
      ]
    }
  ]
}