{
  "credit": "Made By AtPoe",
  "texture_size": [
    128,
    128
  ],
  "elements": [
    {
      "from": [
        7,
        9.5,
        11
      ],
      "to": [
        11,
        10,
        13
      ],
      "rotation": {
        "angle": 0,
        "axis": "y",
        "origin": [
          7,
          9,
          11
        ]
      },
      "faces": {
        "north": {
          "uv": [
            5.5,
            3.5,
            7.5,
            3.75
          ],
          "texture": "#0"
        },
        "east": {
          "uv": [
            0,
            8,
            1,
            8.25
          ],
          "texture": "#0"
        },
        "south": {
          "uv": [
            5.5,
            4,
            7.5,
            4.25
          ],
          "texture": "#0"
        },
        "west": {
          "uv": [
            1,
            8,
            2,
            8.25
          ],
          "texture": "#0"
        },
        "up": {
          "uv": [
            2,
            3,
            0,
            2
          ],
          "texture": "#0"
        },
        "down": {
          "uv": [
            4,
            2,
            2,
            3
          ],
          "texture": "#0"
        }
      }
    },
    {
      "from": [
        11,
        10,
        11
      ],
      "to": [
        11.5,
        14,
        13
      ],
      "rotation": {
        "angle": 0,
        "axis": "y",
        "origin": [
          11,
          10,
          11
        ]
      },
      "faces": {
        "north": {
          "uv": [
            5.5,
            4.5,
            5.75,
            6.5
          ],
          "texture": "#0"
        },
        "east": {
          "uv": [
            2.5,
            0,
            3.5,
            2
          ],
          "texture": "#0"
        },
        "south": {
          "uv": [
            6,
            0,
            6.25,
            2
          ],
          "texture": "#0"
        },
        "west": {
          "uv": [
            0,
            3,
            1,
            5
          ],
          "texture": "#0"
        },
        "up": {
          "uv": [
            4.75,
            7,
            4.5,
            6
          ],
          "texture": "#0"
        },
        "down": {
          "uv": [
            5.25,
            7.5,
            5,
            8.5
          ],
          "texture": "#0"
        }
      }
    },
    {
      "from": [
        7,
        13.8,
        11
      ],
      "to": [
        11,
        14.5,
        13
      ],
      "rotation": {
        "angle": 0,
        "axis": "y",
        "origin": [
          7,
          14,
          11
        ]
      },
      "faces": {
        "north": {
          "uv": [
            4,
            2,
            6,
            2.375
          ],
          "texture": "#0"
        },
        "east": {
          "uv": [
            3.5,
            7,
            4.5,
            7.375
          ],
          "texture": "#0"
        },
        "south": {
          "uv": [
            4,
            2.5,
            6,
            2.875
          ],
          "texture": "#0"
        },
        "west": {
          "uv": [
            4.5,
            7,
            5.5,
            7.375
          ],
          "texture": "#0"
        },
        "up": {
          "uv": [
            3,
            4,
            1,
            3
          ],
          "texture": "#0"
        },
        "down": {
          "uv": [
            5,
            3,
            3,
            4
          ],
          "texture": "#0"
        }
      }
    },
    {
      "from": [
        6.5,
        10,
        11
      ],
      "to": [
        7,
        14,
        13
      ],
      "rotation": {
        "angle": 0,
        "axis": "y",
        "origin": [
          6.5,
          10,
          11
        ]
      },
      "faces": {
        "north": {
          "uv": [
            1,
            6,
            1.25,
            8
          ],
          "texture": "#0"
        },
        "east": {
          "uv": [
            3.5,
            0,
            4.5,
            2
          ],
          "texture": "#0"
        },
        "south": {
          "uv": [
            1.5,
            6,
            1.75,
            8
          ],
          "texture": "#0"
        },
        "west": {
          "uv": [
            1,
            4,
            2,
            6
          ],
          "texture": "#0"
        },
        "up": {
          "uv": [
            2.25,
            9,
            2,
            8
          ],
          "texture": "#0"
        },
        "down": {
          "uv": [
            8.25,
            2,
            8,
            3
          ],
          "texture": "#0"
        }
      }
    },
    {
      "name": "Center",
      "from": [
        6.3,
        10.5,
        11.2
      ],
      "to": [
        6.9,
        11.1,
        11.8
      ],
      "rotation": {
        "angle": 0,
        "axis": "y",
        "origin": [
          1.5,
          10,
          10.5
        ]
      },
      "faces": {
        "north": {
          "uv": [
            6,
            2,
            8,
            2.25
          ],
          "texture": "#0"
        },
        "east": {
          "uv": [
            10,
            10,
            10.25,
            10.25
          ],
          "texture": "#0"
        },
        "south": {
          "uv": [
            2.5,
            6,
            4.5,
            6.25
          ],
          "texture": "#0"
        },
        "west": {
          "uv": [
            0,
            10.5,
            0.25,
            10.75
          ],
          "texture": "#0"
        },
        "up": {
          "uv": [
            8,
            2.75,
            6,
            2.5
          ],
          "texture": "#0"
        },
        "down": {
          "uv": [
            8,
            4.5,
            6,
            4.75
          ],
          "texture": "#0"
        }
      }
    },
    {
      "name": "Center",
      "from": [
        6.3,
        10.5,
        12.2
      ],
      "to": [
        6.9,
        11.1,
        12.8
      ],
      "rotation": {
        "angle": 0,
        "axis": "y",
        "origin": [
          1.5,
          10,
          11.5
        ]
      },
      "faces": {
        "north": {
          "uv": [
            6,
            2,
            8,
            2.25
          ],
          "texture": "#0"
        },
        "east": {
          "uv": [
            10,
            10,
            10.25,
            10.25
          ],
          "texture": "#0"
        },
        "south": {
          "uv": [
            2.5,
            6,
            4.5,
            6.25
          ],
          "texture": "#0"
        },
        "west": {
          "uv": [
            0,
            10.5,
            0.25,
            10.75
          ],
          "texture": "#0"
        },
        "up": {
          "uv": [
            8,
            2.75,
            6,
            2.5
          ],
          "texture": "#0"
        },
        "down": {
          "uv": [
            8,
            4.5,
            6,
            4.75
          ],
          "texture": "#0"
        }
      }
    },
    {
      "name": "Center",
      "from": [
        11.1,
        10.5,
        12.2
      ],
      "to": [
        11.7,
        11.1,
        12.8
      ],
      "rotation": {
        "angle": 0,
        "axis": "y",
        "origin": [
          6.3,
          10,
          11.5
        ]
      },
      "faces": {
        "north": {
          "uv": [
            6,
            2,
            8,
            2.25
          ],
          "texture": "#0"
        },
        "east": {
          "uv": [
            10,
            10,
            10.25,
            10.25
          ],
          "texture": "#0"
        },
        "south": {
          "uv": [
            2.5,
            6,
            4.5,
            6.25
          ],
          "texture": "#0"
        },
        "west": {
          "uv": [
            0,
            10.5,
            0.25,
            10.75
          ],
          "texture": "#0"
        },
        "up": {
          "uv": [
            8,
            2.75,
            6,
            2.5
          ],
          "texture": "#0"
        },
        "down": {
          "uv": [
            8,
            4.5,
            6,
            4.75
          ],
          "texture": "#0"
        }
      }
    },
    {
      "name": "Center",
      "from": [
        11.1,
        10.5,
        11.2
      ],
      "to": [
        11.7,
        11.1,
        11.8
      ],
      "rotation": {
        "angle": 0,
        "axis": "y",
        "origin": [
          6.3,
          10,
          10.5
        ]
      },
      "faces": {
        "north": {
          "uv": [
            6,
            2,
            8,
            2.25
          ],
          "texture": "#0"
        },
        "east": {
          "uv": [
            10,
            10,
            10.25,
            10.25
          ],
          "texture": "#0"
        },
        "south": {
          "uv": [
            2.5,
            6,
            4.5,
            6.25
          ],
          "texture": "#0"
        },
        "west": {
          "uv": [
            0,
            10.5,
            0.25,
            10.75
          ],
          "texture": "#0"
        },
        "up": {
          "uv": [
            8,
            2.75,
            6,
            2.5
          ],
          "texture": "#0"
        },
        "down": {
          "uv": [
            8,
            4.5,
            6,
            4.75
          ],
          "texture": "#0"
        }
      }
    },
    {
      "name": "Center",
      "from": [
        6.3,
        12.8,
        11.2
      ],
      "to": [
        6.9,
        13.4,
        11.8
      ],
      "rotation": {
        "angle": 0,
        "axis": "y",
        "origin": [
          1.5,
          12.3,
          10.5
        ]
      },
      "faces": {
        "north": {
          "uv": [
            6,
            2,
            8,
            2.25
          ],
          "texture": "#0"
        },
        "east": {
          "uv": [
            10,
            10,
            10.25,
            10.25
          ],
          "texture": "#0"
        },
        "south": {
          "uv": [
            2.5,
            6,
            4.5,
            6.25
          ],
          "texture": "#0"
        },
        "west": {
          "uv": [
            0,
            10.5,
            0.25,
            10.75
          ],
          "texture": "#0"
        },
        "up": {
          "uv": [
            8,
            2.75,
            6,
            2.5
          ],
          "texture": "#0"
        },
        "down": {
          "uv": [
            8,
            4.5,
            6,
            4.75
          ],
          "texture": "#0"
        }
      }
    },
    {
      "name": "Center",
      "from": [
        6.3,
        12.8,
        12.2
      ],
      "to": [
        6.9,
        13.4,
        12.8
      ],
      "rotation": {
        "angle": 0,
        "axis": "y",
        "origin": [
          1.5,
          12.3,
          11.5
        ]
      },
      "faces": {
        "north": {
          "uv": [
            6,
            2,
            8,
            2.25
          ],
          "texture": "#0"
        },
        "east": {
          "uv": [
            10,
            10,
            10.25,
            10.25
          ],
          "texture": "#0"
        },
        "south": {
          "uv": [
            2.5,
            6,
            4.5,
            6.25
          ],
          "texture": "#0"
        },
        "west": {
          "uv": [
            0,
            10.5,
            0.25,
            10.75
          ],
          "texture": "#0"
        },
        "up": {
          "uv": [
            8,
            2.75,
            6,
            2.5
          ],
          "texture": "#0"
        },
        "down": {
          "uv": [
            8,
            4.5,
            6,
            4.75
          ],
          "texture": "#0"
        }
      }
    },
    {
      "name": "Center",
      "from": [
        11.1,
        12.8,
        11.2
      ],
      "to": [
        11.7,
        13.4,
        11.8
      ],
      "rotation": {
        "angle": 0,
        "axis": "y",
        "origin": [
          6.3,
          12.3,
          10.5
        ]
      },
      "faces": {
        "north": {
          "uv": [
            6,
            2,
            8,
            2.25
          ],
          "texture": "#0"
        },
        "east": {
          "uv": [
            10,
            10,
            10.25,
            10.25
          ],
          "texture": "#0"
        },
        "south": {
          "uv": [
            2.5,
            6,
            4.5,
            6.25
          ],
          "texture": "#0"
        },
        "west": {
          "uv": [
            0,
            10.5,
            0.25,
            10.75
          ],
          "texture": "#0"
        },
        "up": {
          "uv": [
            8,
            2.75,
            6,
            2.5
          ],
          "texture": "#0"
        },
        "down": {
          "uv": [
            8,
            4.5,
            6,
            4.75
          ],
          "texture": "#0"
        }
      }
    },
    {
      "name": "Center",
      "from": [
        11.1,
        12.8,
        12.2
      ],
      "to": [
        11.7,
        13.4,
        12.8
      ],
      "rotation": {
        "angle": 0,
        "axis": "y",
        "origin": [
          6.3,
          12.3,
          11.5
        ]
      },
      "faces": {
        "north": {
          "uv": [
            6,
            2,
            8,
            2.25
          ],
          "texture": "#0"
        },
        "east": {
          "uv": [
            10,
            10,
            10.25,
            10.25
          ],
          "texture": "#0"
        },
        "south": {
          "uv": [
            2.5,
            6,
            4.5,
            6.25
          ],
          "texture": "#0"
        },
        "west": {
          "uv": [
            0,
            10.5,
            0.25,
            10.75
          ],
          "texture": "#0"
        },
        "up": {
          "uv": [
            8,
            2.75,
            6,
            2.5
          ],
          "texture": "#0"
        },
        "down": {
          "uv": [
            8,
            4.5,
            6,
            4.75
          ],
          "texture": "#0"
        }
      }
    },
    {
      "from": [
        11,
        11.2,
        15
      ],
      "to": [
        11.5,
        14,
        17
      ],
      "rotation": {
        "angle": 0,
        "axis": "y",
        "origin": [
          11,
          10,
          15
        ]
      },
      "faces": {
        "north": {
          "uv": [
            5.5,
            7,
            5.75,
            8.375
          ],
          "texture": "#0"
        },
        "east": {
          "uv": [
            2,
            4,
            3,
            5.375
          ],
          "texture": "#0"
        },
        "south": {
          "uv": [
            6,
            7,
            6.25,
            8.375
          ],
          "texture": "#0"
        },
        "west": {
          "uv": [
            3,
            4,
            4,
            5.375
          ],
          "texture": "#0"
        },
        "up": {
          "uv": [
            2.75,
            9,
            2.5,
            8
          ],
          "texture": "#0"
        },
        "down": {
          "uv": [
            3.25,
            8,
            3,
            9
          ],
          "texture": "#0"
        }
      }
    },
    {
      "from": [
        6.5,
        14,
        15
      ],
      "to": [
        11.5,
        14.5,
        17
      ],
      "rotation": {
        "angle": 0,
        "axis": "y",
        "origin": [
          7,
          14,
          15
        ]
      },
      "faces": {
        "north": {
          "uv": [
            2.5,
            5.5,
            5,
            5.75
          ],
          "texture": "#0"
        },
        "east": {
          "uv": [
            8,
            3,
            9,
            3.25
          ],
          "texture": "#0"
        },
        "south": {
          "uv": [
            5.5,
            3,
            8,
            3.25
          ],
          "texture": "#0"
        },
        "west": {
          "uv": [
            3.5,
            8,
            4.5,
            8.25
          ],
          "texture": "#0"
        },
        "up": {
          "uv": [
            2.5,
            1,
            0,
            0
          ],
          "texture": "#0"
        },
        "down": {
          "uv": [
            2.5,
            1,
            0,
            2
          ],
          "texture": "#0"
        }
      }
    },
    {
      "from": [
        6.5,
        11.2,
        15
      ],
      "to": [
        7,
        14,
        17
      ],
      "rotation": {
        "angle": 0,
        "axis": "y",
        "origin": [
          6.5,
          10,
          15
        ]
      },
      "faces": {
        "north": {
          "uv": [
            6.5,
            7,
            6.75,
            8.375
          ],
          "texture": "#0"
        },
        "east": {
          "uv": [
            4,
            4,
            5,
            5.375
          ],
          "texture": "#0"
        },
        "south": {
          "uv": [
            7,
            7,
            7.25,
            8.375
          ],
          "texture": "#0"
        },
        "west": {
          "uv": [
            4.5,
            0,
            5.5,
            1.375
          ],
          "texture": "#0"
        },
        "up": {
          "uv": [
            4.75,
            9,
            4.5,
            8
          ],
          "texture": "#0"
        },
        "down": {
          "uv": [
            8.25,
            4.5,
            8,
            5.5
          ],
          "texture": "#0"
        }
      }
    },
    {
      "name": "Center",
      "from": [
        6.3,
        11.8,
        15.7
      ],
      "to": [
        11.7,
        12.4,
        16.3
      ],
      "rotation": {
        "angle": 0,
        "axis": "y",
        "origin": [
          6.3,
          11.3,
          15
        ]
      },
      "faces": {
        "north": {
          "uv": [
            6,
            2,
            8,
            2.25
          ],
          "texture": "#0"
        },
        "east": {
          "uv": [
            10,
            10,
            10.25,
            10.25
          ],
          "texture": "#0"
        },
        "south": {
          "uv": [
            2.5,
            6,
            4.5,
            6.25
          ],
          "texture": "#0"
        },
        "west": {
          "uv": [
            0,
            10.5,
            0.25,
            10.75
          ],
          "texture": "#0"
        },
        "up": {
          "uv": [
            8,
            2.75,
            6,
            2.5
          ],
          "texture": "#0"
        },
        "down": {
          "uv": [
            8,
            4.5,
            6,
            4.75
          ],
          "texture": "#0"
        }
      }
    },
    {
      "name": "grip1",
      "from": [
        6.9,
        11.6,
        15.5
      ],
      "to": [
        7.9,
        12.6,
        16.5
      ],
      "rotation": {
        "angle": 0,
        "axis": "y",
        "origin": [
          6.9,
          11.1,
          14.8
        ]
      },
      "faces": {
        "north": {
          "uv": [
            8,
            5.5,
            8.5,
            6
          ],
          "texture": "#0"
        },
        "east": {
          "uv": [
            8,
            6,
            8.5,
            6.5
          ],
          "texture": "#0"
        },
        "south": {
          "uv": [
            7.5,
            8,
            8,
            8.5
          ],
          "texture": "#0"
        },
        "west": {
          "uv": [
            8,
            8,
            8.5,
            8.5
          ],
          "texture": "#0"
        },
        "up": {
          "uv": [
            0.5,
            9,
            0,
            8.5
          ],
          "texture": "#0"
        },
        "down": {
          "uv": [
            9,
            0,
            8.5,
            0.5
          ],
          "texture": "#0"
        }
      }
    },
    {
      "name": "grip2",
      "from": [
        8,
        11.6,
        15.5
      ],
      "to": [
        9,
        12.6,
        16.5
      ],
      "rotation": {
        "angle": 0,
        "axis": "y",
        "origin": [
          8,
          11.1,
          14.8
        ]
      },
      "faces": {
        "north": {
          "uv": [
            0.5,
            8.5,
            1,
            9
          ],
          "texture": "#0"
        },
        "east": {
          "uv": [
            8.5,
            0.5,
            9,
            1
          ],
          "texture": "#0"
        },
        "south": {
          "uv": [
            1,
            8.5,
            1.5,
            9
          ],
          "texture": "#0"
        },
        "west": {
          "uv": [
            8.5,
            1,
            9,
            1.5
          ],
          "texture": "#0"
        },
        "up": {
          "uv": [
            2,
            9,
            1.5,
            8.5
          ],
          "texture": "#0"
        },
        "down": {
          "uv": [
            9,
            1.5,
            8.5,
            2
          ],
          "texture": "#0"
        }
      }
    },
    {
      "name": "grip3",
      "from": [
        9.1,
        11.6,
        15.5
      ],
      "to": [
        10.1,
        12.6,
        16.5
      ],
      "rotation": {
        "angle": 0,
        "axis": "y",
        "origin": [
          9.1,
          11.1,
          14.8
        ]
      },
      "faces": {
        "north": {
          "uv": [
            8.5,
            2,
            9,
            2.5
          ],
          "texture": "#0"
        },
        "east": {
          "uv": [
            8.5,
            2.5,
            9,
            3
          ],
          "texture": "#0"
        },
        "south": {
          "uv": [
            3.5,
            8.5,
            4,
            9
          ],
          "texture": "#0"
        },
        "west": {
          "uv": [
            8.5,
            3.5,
            9,
            4
          ],
          "texture": "#0"
        },
        "up": {
          "uv": [
            4.5,
            9,
            4,
            8.5
          ],
          "texture": "#0"
        },
        "down": {
          "uv": [
            9,
            4,
            8.5,
            4.5
          ],
          "texture": "#0"
        }
      }
    },
    {
      "name": "grip4",
      "from": [
        10.2,
        11.6,
        15.5
      ],
      "to": [
        11.2,
        12.6,
        16.5
      ],
      "rotation": {
        "angle": 0,
        "axis": "y",
        "origin": [
          10.2,
          11.1,
          14.8
        ]
      },
      "faces": {
        "north": {
          "uv": [
            8.5,
            4.5,
            9,
            5
          ],
          "texture": "#0"
        },
        "east": {
          "uv": [
            5,
            8.5,
            5.5,
            9
          ],
          "texture": "#0"
        },
        "south": {
          "uv": [
            8.5,
            5,
            9,
            5.5
          ],
          "texture": "#0"
        },
        "west": {
          "uv": [
            5.5,
            8.5,
            6,
            9
          ],
          "texture": "#0"
        },
        "up": {
          "uv": [
            9,
            6,
            8.5,
            5.5
          ],
          "texture": "#0"
        },
        "down": {
          "uv": [
            6.5,
            8.5,
            6,
            9
          ],
          "texture": "#0"
        }
      }
    },
    {
      "name": "knuckle",
      "from": [
        6.5,
        14.5,
        16
      ],
      "to": [
        7.5,
        15.3,
        17
      ],
      "rotation": {
        "angle": 0,
        "axis": "y",
        "origin": [
          6.5,
          14.3,
          16
        ]
      },
      "faces": {
        "north": {
          "uv": [
            9.5,
            0,
            10,
            0.375
          ],
          "texture": "#0"
        },
        "east": {
          "uv": [
            0.5,
            9.5,
            1,
            9.875
          ],
          "texture": "#0"
        },
        "south": {
          "uv": [
            9.5,
            0.5,
            10,
            0.875
          ],
          "texture": "#0"
        },
        "west": {
          "uv": [
            1,
            9.5,
            1.5,
            9.875
          ],
          "texture": "#0"
        },
        "up": {
          "uv": [
            9,
            6.5,
            8.5,
            6
          ],
          "texture": "#0"
        },
        "down": {
          "uv": [
            7,
            8.5,
            6.5,
            9
          ],
          "texture": "#0"
        }
      }
    },
    {
      "name": "knuckle",
      "from": [
        8.5,
        14.5,
        16
      ],
      "to": [
        9.5,
        15.4,
        17
      ],
      "rotation": {
        "angle": 0,
        "axis": "y",
        "origin": [
          8.5,
          14.4,
          16
        ]
      },
      "faces": {
        "north": {
          "uv": [
            8.5,
            6.5,
            9,
            7
          ],
          "texture": "#0"
        },
        "east": {
          "uv": [
            7,
            8.5,
            7.5,
            9
          ],
          "texture": "#0"
        },
        "south": {
          "uv": [
            8.5,
            7,
            9,
            7.5
          ],
          "texture": "#0"
        },
        "west": {
          "uv": [
            7.5,
            8.5,
            8,
            9
          ],
          "texture": "#0"
        },
        "up": {
          "uv": [
            9,
            8,
            8.5,
            7.5
          ],
          "texture": "#0"
        },
        "down": {
          "uv": [
            8.5,
            8.5,
            8,
            9
          ],
          "texture": "#0"
        }
      }
    },
    {
      "name": "knuckle",
      "from": [
        10.5,
        14.5,
        16
      ],
      "to": [
        11.5,
        15.3,
        17
      ],
      "rotation": {
        "angle": 0,
        "axis": "y",
        "origin": [
          10.5,
          14.3,
          16
        ]
      },
      "faces": {
        "north": {
          "uv": [
            9.5,
            1,
            10,
            1.375
          ],
          "texture": "#0"
        },
        "east": {
          "uv": [
            1.5,
            9.5,
            2,
            9.875
          ],
          "texture": "#0"
        },
        "south": {
          "uv": [
            9.5,
            1.5,
            10,
            1.875
          ],
          "texture": "#0"
        },
        "west": {
          "uv": [
            2,
            9.5,
            2.5,
            9.875
          ],
          "texture": "#0"
        },
        "up": {
          "uv": [
            9,
            8.5,
            8.5,
            8
          ],
          "texture": "#0"
        },
        "down": {
          "uv": [
            9,
            8.5,
            8.5,
            9
          ],
          "texture": "#0"
        }
      }
    },
    {
      "from": [
        8.5,
        14.4,
        11.7
      ],
      "to": [
        9.5,
        15.4,
        12.7
      ],
      "rotation": {
        "angle": 0,
        "axis": "y",
        "origin": [
          8.5,
          14.4,
          11.7
        ]
      },
      "faces": {
        "north": {
          "uv": [
            0,
            9,
            0.5,
            9.5
          ],
          "texture": "#0"
        },
        "east": {
          "uv": [
            9,
            0,
            9.5,
            0.5
          ],
          "texture": "#0"
        },
        "south": {
          "uv": [
            0.5,
            9,
            1,
            9.5
          ],
          "texture": "#0"
        },
        "west": {
          "uv": [
            9,
            0.5,
            9.5,
            1
          ],
          "texture": "#0"
        },
        "up": {
          "uv": [
            1.5,
            9.5,
            1,
            9
          ],
          "texture": "#0"
        },
        "down": {
          "uv": [
            9.5,
            1,
            9,
            1.5
          ],
          "texture": "#0"
        }
      }
    },
    {
      "from": [
        8.5,
        14.4,
        10.8
      ],
      "to": [
        9.5,
        15.1,
        11.8
      ],
      "rotation": {
        "angle": 0,
        "axis": "y",
        "origin": [
          8.5,
          14.4,
          10.8
        ]
      },
      "faces": {
        "north": {
          "uv": [
            0,
            9,
            0.5,
            9.5
          ],
          "texture": "#0"
        },
        "east": {
          "uv": [
            9,
            0,
            9.5,
            0.5
          ],
          "texture": "#0"
        },
        "south": {
          "uv": [
            0.5,
            9,
            1,
            9.5
          ],
          "texture": "#0"
        },
        "west": {
          "uv": [
            9,
            0.5,
            9.5,
            1
          ],
          "texture": "#0"
        },
        "up": {
          "uv": [
            1.5,
            9.5,
            1,
            9
          ],
          "texture": "#0"
        },
        "down": {
          "uv": [
            9.5,
            1,
            9,
            1.5
          ],
          "texture": "#0"
        }
      }
    },
    {
      "from": [
        8.5,
        14.4,
        11.7
      ],
      "to": [
        9.5,
        15.4,
        12.7
      ],
      "rotation": {
        "angle": 0,
        "axis": "y",
        "origin": [
          8.5,
          14.4,
          11.7
        ]
      },
      "faces": {
        "north": {
          "uv": [
            0,
            9,
            0.5,
            9.5
          ],
          "texture": "#0"
        },
        "east": {
          "uv": [
            9,
            0,
            9.5,
            0.5
          ],
          "texture": "#0"
        },
        "south": {
          "uv": [
            0.5,
            9,
            1,
            9.5
          ],
          "texture": "#0"
        },
        "west": {
          "uv": [
            9,
            0.5,
            9.5,
            1
          ],
          "texture": "#0"
        },
        "up": {
          "uv": [
            1.5,
            9.5,
            1,
            9
          ],
          "texture": "#0"
        },
        "down": {
          "uv": [
            9.5,
            1,
            9,
            1.5
          ],
          "texture": "#0"
        }
      }
    },
    {
      "from": [
        7.7,
        14.3,
        12.2
      ],
      "to": [
        8.7,
        15.3,
        13.2
      ],
      "rotation": {
        "angle": 0,
        "axis": "y",
        "origin": [
          7.7,
          14.3,
          12.2
        ]
      },
      "faces": {
        "north": {
          "uv": [
            1.5,
            9,
            2,
            9.5
          ],
          "texture": "#0"
        },
        "east": {
          "uv": [
            9,
            1.5,
            9.5,
            2
          ],
          "texture": "#0"
        },
        "south": {
          "uv": [
            2,
            9,
            2.5,
            9.5
          ],
          "texture": "#0"
        },
        "west": {
          "uv": [
            9,
            2,
            9.5,
            2.5
          ],
          "texture": "#0"
        },
        "up": {
          "uv": [
            3,
            9.5,
            2.5,
            9
          ],
          "texture": "#0"
        },
        "down": {
          "uv": [
            9.5,
            2.5,
            9,
            3
          ],
          "texture": "#0"
        }
      }
    },
    {
      "from": [
        9.4,
        14.3,
        12.2
      ],
      "to": [
        10.4,
        15.3,
        13.2
      ],
      "rotation": {
        "angle": 0,
        "axis": "y",
        "origin": [
          9.4,
          14.3,
          12.2
        ]
      },
      "faces": {
        "north": {
          "uv": [
            3,
            9,
            3.5,
            9.5
          ],
          "texture": "#0"
        },
        "east": {
          "uv": [
            9,
            3,
            9.5,
            3.5
          ],
          "texture": "#0"
        },
        "south": {
          "uv": [
            3.5,
            9,
            4,
            9.5
          ],
          "texture": "#0"
        },
        "west": {
          "uv": [
            9,
            3.5,
            9.5,
            4
          ],
          "texture": "#0"
        },
        "up": {
          "uv": [
            4.5,
            9.5,
            4,
            9
          ],
          "texture": "#0"
        },
        "down": {
          "uv": [
            9.5,
            4,
            9,
            4.5
          ],
          "texture": "#0"
        }
      }
    },
    {
      "from": [
        7.7,
        14.3,
        10.7
      ],
      "to": [
        8.7,
        15.3,
        11.7
      ],
      "rotation": {
        "angle": 0,
        "axis": "y",
        "origin": [
          7.7,
          14.3,
          10.7
        ]
      },
      "faces": {
        "north": {
          "uv": [
            1.5,
            9,
            2,
            9.5
          ],
          "texture": "#0"
        },
        "east": {
          "uv": [
            9,
            1.5,
            9.5,
            2
          ],
          "texture": "#0"
        },
        "south": {
          "uv": [
            2,
            9,
            2.5,
            9.5
          ],
          "texture": "#0"
        },
        "west": {
          "uv": [
            9,
            2,
            9.5,
            2.5
          ],
          "texture": "#0"
        },
        "up": {
          "uv": [
            3,
            9.5,
            2.5,
            9
          ],
          "texture": "#0"
        },
        "down": {
          "uv": [
            9.5,
            2.5,
            9,
            3
          ],
          "texture": "#0"
        }
      }
    },
    {
      "from": [
        9.4,
        14.3,
        10.7
      ],
      "to": [
        10.4,
        15.3,
        11.7
      ],
      "rotation": {
        "angle": 0,
        "axis": "y",
        "origin": [
          9.4,
          14.3,
          10.7
        ]
      },
      "faces": {
        "north": {
          "uv": [
            3,
            9,
            3.5,
            9.5
          ],
          "texture": "#0"
        },
        "east": {
          "uv": [
            9,
            3,
            9.5,
            3.5
          ],
          "texture": "#0"
        },
        "south": {
          "uv": [
            3.5,
            9,
            4,
            9.5
          ],
          "texture": "#0"
        },
        "west": {
          "uv": [
            9,
            3.5,
            9.5,
            4
          ],
          "texture": "#0"
        },
        "up": {
          "uv": [
            4.5,
            9.5,
            4,
            9
          ],
          "texture": "#0"
        },
        "down": {
          "uv": [
            9.5,
            4,
            9,
            4.5
          ],
          "texture": "#0"
        }
      }
    },
    {
      "from": [
        7.8,
        14.3,
        11.5
      ],
      "to": [
        8.6,
        15.2,
        12.5
      ],
      "rotation": {
        "angle": 0,
        "axis": "y",
        "origin": [
          7.7,
          14.3,
          11.5
        ]
      },
      "faces": {
        "north": {
          "uv": [
            9.5,
            2,
            9.875,
            2.5
          ],
          "texture": "#0"
        },
        "east": {
          "uv": [
            4.5,
            9,
            5,
            9.5
          ],
          "texture": "#0"
        },
        "south": {
          "uv": [
            2.5,
            9.5,
            2.875,
            10
          ],
          "texture": "#0"
        },
        "west": {
          "uv": [
            9,
            4.5,
            9.5,
            5
          ],
          "texture": "#0"
        },
        "up": {
          "uv": [
            9.875,
            3,
            9.5,
            2.5
          ],
          "texture": "#0"
        },
        "down": {
          "uv": [
            3.375,
            9.5,
            3,
            10
          ],
          "texture": "#0"
        }
      }
    },
    {
      "from": [
        9.5,
        14.3,
        11.5
      ],
      "to": [
        10.3,
        15.2,
        12.5
      ],
      "rotation": {
        "angle": 0,
        "axis": "y",
        "origin": [
          9.4,
          14.3,
          11.5
        ]
      },
      "faces": {
        "north": {
          "uv": [
            9.5,
            3,
            9.875,
            3.5
          ],
          "texture": "#0"
        },
        "east": {
          "uv": [
            5,
            9,
            5.5,
            9.5
          ],
          "texture": "#0"
        },
        "south": {
          "uv": [
            3.5,
            9.5,
            3.875,
            10
          ],
          "texture": "#0"
        },
        "west": {
          "uv": [
            9,
            5,
            9.5,
            5.5
          ],
          "texture": "#0"
        },
        "up": {
          "uv": [
            9.875,
            4,
            9.5,
            3.5
          ],
          "texture": "#0"
        },
        "down": {
          "uv": [
            4.375,
            9.5,
            4,
            10
          ],
          "texture": "#0"
        }
      }
    },
    {
      "name": "bone",
      "from": [
        8.6,
        14.7,
        12.4
      ],
      "to": [
        9.4,
        15.25,
        16.4
      ],
      "rotation": {
        "angle": 0,
        "axis": "y",
        "origin": [
          8.7,
          14.7,
          12.4
        ]
      },
      "faces": {
        "north": {
          "uv": [
            10,
            5.5,
            10.375,
            5.75
          ],
          "texture": "#0"
        },
        "east": {
          "uv": [
            6,
            5,
            8,
            5.25
          ],
          "texture": "#0"
        },
        "south": {
          "uv": [
            6,
            10,
            6.375,
            10.25
          ],
          "texture": "#0"
        },
        "west": {
          "uv": [
            6,
            5.5,
            8,
            5.75
          ],
          "texture": "#0"
        },
        "up": {
          "uv": [
            0.375,
            7,
            0,
            5
          ],
          "texture": "#0"
        },
        "down": {
          "uv": [
            0.875,
            5,
            0.5,
            7
          ],
          "texture": "#0"
        }
      }
    },
    {
      "name": "bone",
      "from": [
        7.9,
        14.6,
        12.8
      ],
      "to": [
        8.7,
        15.2,
        16.3
      ],
      "rotation": {
        "angle": -22.5,
        "axis": "y",
        "origin": [
          8,
          14.6,
          12.8
        ]
      },
      "faces": {
        "north": {
          "uv": [
            10,
            6,
            10.375,
            6.25
          ],
          "texture": "#0"
        },
        "east": {
          "uv": [
            6,
            6,
            7.75,
            6.25
          ],
          "texture": "#0"
        },
        "south": {
          "uv": [
            6.5,
            10,
            6.875,
            10.25
          ],
          "texture": "#0"
        },
        "west": {
          "uv": [
            6.5,
            0,
            8.25,
            0.25
          ],
          "texture": "#0"
        },
        "up": {
          "uv": [
            5.375,
            4.75,
            5,
            3
          ],
          "texture": "#0"
        },
        "down": {
          "uv": [
            5.375,
            5,
            5,
            6.75
          ],
          "texture": "#0"
        }
      }
    },
    {
      "name": "bone",
      "from": [
        9.4,
        14.6,
        13.1
      ],
      "to": [
        10.2,
        15.2,
        16.6
      ],
      "rotation": {
        "angle": 22.5,
        "axis": "y",
        "origin": [
          9.5,
          14.6,
          13.1
        ]
      },
      "faces": {
        "north": {
          "uv": [
            10,
            6.5,
            10.375,
            6.75
          ],
          "texture": "#0"
        },
        "east": {
          "uv": [
            6.5,
            0.5,
            8.25,
            0.75
          ],
          "texture": "#0"
        },
        "south": {
          "uv": [
            7,
            10,
            7.375,
            10.25
          ],
          "texture": "#0"
        },
        "west": {
          "uv": [
            6.5,
            1,
            8.25,
            1.25
          ],
          "texture": "#0"
        },
        "up": {
          "uv": [
            5.875,
            1.75,
            5.5,
            0
          ],
          "texture": "#0"
        },
        "down": {
          "uv": [
            2.375,
            5.5,
            2,
            7.25
          ],
          "texture": "#0"
        }
      }
    },
    {
      "from": [
        6.7,
        14.4,
        17
      ],
      "to": [
        7.3,
        15.2,
        18.8
      ],
      "rotation": {
        "angle": 0,
        "axis": "y",
        "origin": [
          6.5,
          14.4,
          17.8
        ]
      },
      "faces": {
        "north": {
          "uv": [
            10,
            7,
            10.25,
            7.375
          ],
          "texture": "#0"
        },
        "east": {
          "uv": [
            0,
            7.5,
            0.875,
            7.875
          ],
          "texture": "#0"
        },
        "south": {
          "uv": [
            7.5,
            10,
            7.75,
            10.375
          ],
          "texture": "#0"
        },
        "west": {
          "uv": [
            7.5,
            1.5,
            8.375,
            1.875
          ],
          "texture": "#0"
        },
        "up": {
          "uv": [
            5.75,
            9.875,
            5.5,
            9
          ],
          "texture": "#0"
        },
        "down": {
          "uv": [
            9.25,
            5.5,
            9,
            6.375
          ],
          "texture": "#0"
        }
      }
    },
    {
      "from": [
        6.8,
        14.4,
        18.8
      ],
      "to": [
        7.2,
        15.1,
        20.3
      ],
      "rotation": {
        "angle": 0,
        "axis": "y",
        "origin": [
          6.5,
          14.3,
          19.5
        ]
      },
      "faces": {
        "north": {
          "uv": [
            0.5,
            10,
            0.75,
            10.5
          ],
          "texture": "#0"
        },
        "east": {
          "uv": [
            4.5,
            1.5,
            5.375,
            2
          ],
          "texture": "#0"
        },
        "south": {
          "uv": [
            1,
            10,
            1.25,
            10.5
          ],
          "texture": "#0"
        },
        "west": {
          "uv": [
            6.5,
            1.5,
            7.375,
            2
          ],
          "texture": "#0"
        },
        "up": {
          "uv": [
            6.25,
            9.875,
            6,
            9
          ],
          "texture": "#0"
        },
        "down": {
          "uv": [
            6.75,
            9,
            6.5,
            9.875
          ],
          "texture": "#0"
        }
      }
    },
    {
      "from": [
        6.9,
        14.4,
        20.3
      ],
      "to": [
        7.1,
        14.9,
        21.1
      ],
      "rotation": {
        "angle": 0,
        "axis": "y",
        "origin": [
          6.5,
          14.2,
          20.9
        ]
      },
      "faces": {
        "north": {
          "uv": [
            10,
            1,
            10.25,
            1.5
          ],
          "texture": "#0"
        },
        "east": {
          "uv": [
            7.5,
            3.5,
            8.125,
            4
          ],
          "texture": "#0"
        },
        "south": {
          "uv": [
            1.5,
            10,
            1.75,
            10.5
          ],
          "texture": "#0"
        },
        "west": {
          "uv": [
            4,
            7.5,
            4.625,
            8
          ],
          "texture": "#0"
        },
        "up": {
          "uv": [
            9.75,
            6.625,
            9.5,
            6
          ],
          "texture": "#0"
        },
        "down": {
          "uv": [
            9.75,
            7,
            9.5,
            7.625
          ],
          "texture": "#0"
        }
      }
    },
    {
      "from": [
        6.9,
        14.4,
        21.1
      ],
      "to": [
        7.1,
        14.7,
        21.8
      ],
      "rotation": {
        "angle": 0,
        "axis": "y",
        "origin": [
          6.5,
          14.2,
          21.7
        ]
      },
      "faces": {
        "north": {
          "uv": [
            10,
            7.5,
            10.25,
            7.875
          ],
          "texture": "#0"
        },
        "east": {
          "uv": [
            9.5,
            4,
            10,
            4.375
          ],
          "texture": "#0"
        },
        "south": {
          "uv": [
            8,
            10,
            8.25,
            10.375
          ],
          "texture": "#0"
        },
        "west": {
          "uv": [
            4.5,
            9.5,
            5,
            9.875
          ],
          "texture": "#0"
        },
        "up": {
          "uv": [
            10.25,
            2,
            10,
            1.5
          ],
          "texture": "#0"
        },
        "down": {
          "uv": [
            2.25,
            10,
            2,
            10.5
          ],
          "texture": "#0"
        }
      }
    },
    {
      "from": [
        8.7,
        14.4,
        17
      ],
      "to": [
        9.3,
        15.3,
        18.8
      ],
      "rotation": {
        "angle": 0,
        "axis": "y",
        "origin": [
          8.5,
          14.4,
          17.8
        ]
      },
      "faces": {
        "north": {
          "uv": [
            10,
            2,
            10.25,
            2.5
          ],
          "texture": "#0"
        },
        "east": {
          "uv": [
            2.5,
            6.5,
            3.375,
            7
          ],
          "texture": "#0"
        },
        "south": {
          "uv": [
            2.5,
            10,
            2.75,
            10.5
          ],
          "texture": "#0"
        },
        "west": {
          "uv": [
            3.5,
            6.5,
            4.375,
            7
          ],
          "texture": "#0"
        },
        "up": {
          "uv": [
            9.25,
            7.375,
            9,
            6.5
          ],
          "texture": "#0"
        },
        "down": {
          "uv": [
            7.25,
            9,
            7,
            9.875
          ],
          "texture": "#0"
        }
      }
    },
    {
      "from": [
        8.8,
        14.4,
        18.8
      ],
      "to": [
        9.2,
        15.1,
        20.3
      ],
      "rotation": {
        "angle": 0,
        "axis": "y",
        "origin": [
          8.5,
          14.3,
          19.5
        ]
      },
      "faces": {
        "north": {
          "uv": [
            10,
            2.5,
            10.25,
            3
          ],
          "texture": "#0"
        },
        "east": {
          "uv": [
            5.5,
            6.5,
            6.375,
            7
          ],
          "texture": "#0"
        },
        "south": {
          "uv": [
            3,
            10,
            3.25,
            10.5
          ],
          "texture": "#0"
        },
        "west": {
          "uv": [
            6.5,
            6.5,
            7.375,
            7
          ],
          "texture": "#0"
        },
        "up": {
          "uv": [
            7.75,
            9.875,
            7.5,
            9
          ],
          "texture": "#0"
        },
        "down": {
          "uv": [
            9.25,
            7.5,
            9,
            8.375
          ],
          "texture": "#0"
        }
      }
    },
    {
      "from": [
        8.9,
        14.4,
        20.3
      ],
      "to": [
        9.1,
        14.9,
        21.1
      ],
      "rotation": {
        "angle": 0,
        "axis": "y",
        "origin": [
          8.5,
          14.2,
          20.9
        ]
      },
      "faces": {
        "north": {
          "uv": [
            10,
            3,
            10.25,
            3.5
          ],
          "texture": "#0"
        },
        "east": {
          "uv": [
            7.5,
            4,
            8.125,
            4.5
          ],
          "texture": "#0"
        },
        "south": {
          "uv": [
            3.5,
            10,
            3.75,
            10.5
          ],
          "texture": "#0"
        },
        "west": {
          "uv": [
            7.5,
            6.5,
            8.125,
            7
          ],
          "texture": "#0"
        },
        "up": {
          "uv": [
            9.75,
            8.625,
            9.5,
            8
          ],
          "texture": "#0"
        },
        "down": {
          "uv": [
            9.25,
            9.5,
            9,
            10.125
          ],
          "texture": "#0"
        }
      }
    },
    {
      "from": [
        8.9,
        14.4,
        21.1
      ],
      "to": [
        9.1,
        14.7,
        21.8
      ],
      "rotation": {
        "angle": 0,
        "axis": "y",
        "origin": [
          8.5,
          14.2,
          21.7
        ]
      },
      "faces": {
        "north": {
          "uv": [
            10,
            8,
            10.25,
            8.375
          ],
          "texture": "#0"
        },
        "east": {
          "uv": [
            9.5,
            4.5,
            10,
            4.875
          ],
          "texture": "#0"
        },
        "south": {
          "uv": [
            8.5,
            10,
            8.75,
            10.375
          ],
          "texture": "#0"
        },
        "west": {
          "uv": [
            5,
            9.5,
            5.5,
            9.875
          ],
          "texture": "#0"
        },
        "up": {
          "uv": [
            10.25,
            4,
            10,
            3.5
          ],
          "texture": "#0"
        },
        "down": {
          "uv": [
            4.25,
            10,
            4,
            10.5
          ],
          "texture": "#0"
        }
      }
    },
    {
      "from": [
        10.7,
        14.4,
        17
      ],
      "to": [
        11.3,
        15.2,
        18.8
      ],
      "rotation": {
        "angle": 0,
        "axis": "y",
        "origin": [
          10.5,
          14.4,
          17.8
        ]
      },
      "faces": {
        "north": {
          "uv": [
            10,
            8.5,
            10.25,
            8.875
          ],
          "texture": "#0"
        },
        "east": {
          "uv": [
            2,
            7.5,
            2.875,
            7.875
          ],
          "texture": "#0"
        },
        "south": {
          "uv": [
            10,
            9,
            10.25,
            9.375
          ],
          "texture": "#0"
        },
        "west": {
          "uv": [
            3,
            7.5,
            3.875,
            7.875
          ],
          "texture": "#0"
        },
        "up": {
          "uv": [
            8.25,
            9.875,
            8,
            9
          ],
          "texture": "#0"
        },
        "down": {
          "uv": [
            8.75,
            9,
            8.5,
            9.875
          ],
          "texture": "#0"
        }
      }
    },
    {
      "from": [
        10.8,
        14.4,
        18.8
      ],
      "to": [
        11.2,
        15.1,
        20.3
      ],
      "rotation": {
        "angle": 0,
        "axis": "y",
        "origin": [
          10.5,
          14.3,
          19.5
        ]
      },
      "faces": {
        "north": {
          "uv": [
            10,
            4,
            10.25,
            4.5
          ],
          "texture": "#0"
        },
        "east": {
          "uv": [
            0,
            7,
            0.875,
            7.5
          ],
          "texture": "#0"
        },
        "south": {
          "uv": [
            4.5,
            10,
            4.75,
            10.5
          ],
          "texture": "#0"
        },
        "west": {
          "uv": [
            2.5,
            7,
            3.375,
            7.5
          ],
          "texture": "#0"
        },
        "up": {
          "uv": [
            9.25,
            9.375,
            9,
            8.5
          ],
          "texture": "#0"
        },
        "down": {
          "uv": [
            0.25,
            9.5,
            0,
            10.375
          ],
          "texture": "#0"
        }
      }
    },
    {
      "from": [
        10.9,
        14.4,
        20.3
      ],
      "to": [
        11.1,
        14.9,
        21.1
      ],
      "rotation": {
        "angle": 0,
        "axis": "y",
        "origin": [
          10.5,
          14.2,
          20.9
        ]
      },
      "faces": {
        "north": {
          "uv": [
            10,
            4.5,
            10.25,
            5
          ],
          "texture": "#0"
        },
        "east": {
          "uv": [
            7.5,
            7,
            8.125,
            7.5
          ],
          "texture": "#0"
        },
        "south": {
          "uv": [
            5,
            10,
            5.25,
            10.5
          ],
          "texture": "#0"
        },
        "west": {
          "uv": [
            7.5,
            7.5,
            8.125,
            8
          ],
          "texture": "#0"
        },
        "up": {
          "uv": [
            9.75,
            9.625,
            9.5,
            9
          ],
          "texture": "#0"
        },
        "down": {
          "uv": [
            10.25,
            0,
            10,
            0.625
          ],
          "texture": "#0"
        }
      }
    },
    {
      "from": [
        10.9,
        14.4,
        21.1
      ],
      "to": [
        11.1,
        14.7,
        21.8
      ],
      "rotation": {
        "angle": 0,
        "axis": "y",
        "origin": [
          10.5,
          14.2,
          21.7
        ]
      },
      "faces": {
        "north": {
          "uv": [
            9.5,
            10,
            9.75,
            10.375
          ],
          "texture": "#0"
        },
        "east": {
          "uv": [
            9.5,
            5,
            10,
            5.375
          ],
          "texture": "#0"
        },
        "south": {
          "uv": [
            10,
            9.5,
            10.25,
            9.875
          ],
          "texture": "#0"
        },
        "west": {
          "uv": [
            9.5,
            5.5,
            10,
            5.875
          ],
          "texture": "#0"
        },
        "up": {
          "uv": [
            10.25,
            5.5,
            10,
            5
          ],
          "texture": "#0"
        },
        "down": {
          "uv": [
            5.75,
            10,
            5.5,
            10.5
          ],
          "texture": "#0"
        }
      }
    }
  ],
  "display": {
    "thirdperson_righthand": {
      "rotation": [
        0,
        180,
        90
      ],
      "translation": [
        -4,
        -3,
        8.26
      ]
    },
    "thirdperson_lefthand": {
      "rotation": [
        0,
        180,
        90
      ],
      "translation": [
        -4,
        -1,
        8.26
      ]
    },
    "firstperson_righthand": {
      "rotation": [
        -141,
        -7,
        -120
      ],
      "translation": [
        -1.25,
        -4.75,
        7
      ]
    },
    "firstperson_lefthand": {
      "rotation": [
        38,
        -170,
        57
      ],
      "translation": [
        0,
        -3.5,
        7.25
      ]
    },
    "ground": {
      "translation": [
        -1,
        -5,
        -7
      ]
    },
    "gui": {
      "rotation": [
        -90,
        -45,
        180
      ],
      "translation": [
        6.25,
        -4.75,
        0
      ]
    },
    "head": {
      "rotation": [
        90,
        0,
        -85
      ]
    },
    "fixed": {
      "rotation": [
        -90,
        45,
        0
      ],
      "translation": [
        -6.25,
        -4,
        2.75
      ]
    }
  },
  "groups": [
    {
      "name": "Back Strap",
      "origin": [
        6.5,
        10,
        11
      ],
      "color": 0,
      "children": [
        0,
        1,
        2,
        3
      ]
    },
    4,
    5,
    6,
    7,
    8,
    9,
    10,
    11,
    {
      "name": "Handle Strap",
      "origin": [
        6.5,
        10,
        15
      ],
      "color": 0,
      "children": [
        12,
        13,
        14
      ]
    },
    {
      "name": "Handle",
      "origin": [
        7,
        11.3,
        15.1
      ],
      "color": 0,
      "children": [
        15,
        16,
        17,
        18,
        19
      ]
    },
    {
      "name": "Hand",
      "origin": [
        7,
        11.3,
        15.1
      ],
      "color": 0,
      "children": [
        20,
        21,
        22,
        23,
        24,
        25,
        26,
        27,
        28,
        29,
        30,
        31,
        32,
        33,
        34
      ]
    },
    {
      "name": "claws",
      "origin": [
        10.4,
        13.9,
        16.6
      ],
      "color": 0,
      "children": [
        {
          "name": "claw1",
          "origin": [
            10.4,
            13.9,
            16.6
          ],
          "color": 0,
          "children": [
            35,
            36,
            37,
            38
          ]
        },
        {
          "name": "claw2",
          "origin": [
            10.4,
            13.9,
            16.6
          ],
          "color": 0,
          "children": [
            39,
            40,
            41,
            42
          ]
        },
        {
          "name": "claw3",
          "origin": [
            10.4,
            13.9,
            16.6
          ],
          "color": 0,
          "children": [
            43,
            44,
            45,
            46
          ]
        }
      ]
    }
  ]
}