{
  "credit": "Made By AtPoe",
  "texture_size": [
    64,
    64
  ],
  "elements": [
    {
      "from": [
        10.67287,
        8.3479,
        3.2156
      ],
      "to": [
        11.67287,
        10.8979,
        5.7156
      ],
      "rotation": {
        "angle": 0,
        "axis": "y",
        "origin": [
          7.65801,
          9.6329,
          8.01
        ]
      },
      "faces": {
        "north": {
          "uv": [
            1.758,
            4.008,
            2.242,
            4.492
          ],
          "rotation": 270,
          "texture": "#0"
        },
        "east": {
          "uv": [
            1.758,
            4.008,
            2.242,
            4.242
          ],
          "rotation": 180,
          "texture": "#0"
        },
        "south": {
          "uv": [
            1.758,
            4.008,
            2.242,
            4.492
          ],
          "rotation": 90,
          "texture": "#0"
        },
        "west": {
          "uv": [
            1.758,
            4.258,
            2.242,
            4.492
          ],
          "texture": "#0"
        },
        "up": {
          "uv": [
            1.758,
            4.008,
            2.242,
            4.492
          ],
          "rotation": 90,
          "texture": "#0"
        },
        "down": {
          "uv": [
            1.758,
            4.008,
            2.242,
            4.492
          ],
          "rotation": 90,
          "texture": "#0"
        }
      }
    },
    {
      "from": [
        11.32141,
        8.3229,
        7.044
      ],
      "to": [
        12.32141,
        10.9229,
        8.044
      ],
      "rotation": {
        "angle": 22.5,
        "axis": "y",
        "origin": [
          7.65801,
          9.6329,
          8.01
        ]
      },
      "faces": {
        "north": {
          "uv": [
            1.258,
            4.508,
            1.742,
            4.992
          ],
          "rotation": 270,
          "texture": "#0"
        },
        "east": {
          "uv": [
            1.258,
            4.508,
            1.742,
            4.742
          ],
          "rotation": 180,
          "texture": "#0"
        },
        "south": {
          "uv": [
            1.258,
            4.508,
            1.742,
            4.992
          ],
          "rotation": 90,
          "texture": "#0"
        },
        "west": {
          "uv": [
            1.258,
            4.758,
            1.742,
            4.992
          ],
          "texture": "#0"
        },
        "up": {
          "uv": [
            1.258,
            4.508,
            1.742,
            4.992
          ],
          "rotation": 90,
          "texture": "#0"
        },
        "down": {
          "uv": [
            1.258,
            4.508,
            1.742,
            4.992
          ],
          "rotation": 90,
          "texture": "#0"
        }
      }
    },
    {
      "from": [
        3.22208,
        8.3229,
        7.03261
      ],
      "to": [
        4.22208,
        10.9229,
        8.03261
      ],
      "rotation": {
        "angle": -22.5,
        "axis": "y",
        "origin": [
          7.85801,
          9.6329,
          8.01
        ]
      },
      "faces": {
        "north": {
          "uv": [
            1.258,
            4.992,
            1.742,
            4.508
          ],
          "rotation": 270,
          "texture": "#0"
        },
        "east": {
          "uv": [
            1.258,
            4.758,
            1.742,
            4.992
          ],
          "rotation": 180,
          "texture": "#0"
        },
        "south": {
          "uv": [
            1.258,
            4.992,
            1.742,
            4.508
          ],
          "rotation": 90,
          "texture": "#0"
        },
        "west": {
          "uv": [
            1.258,
            4.508,
            1.742,
            4.742
          ],
          "texture": "#0"
        },
        "up": {
          "uv": [
            1.258,
            4.992,
            1.742,
            4.508
          ],
          "rotation": 90,
          "texture": "#0"
        },
        "down": {
          "uv": [
            1.258,
            4.992,
            1.742,
            4.508
          ],
          "rotation": 90,
          "texture": "#0"
        }
      }
    },
    {
      "from": [
        8.32805,
        8.6229,
        -0.66419
      ],
      "to": [
        12.82805,
        10.6229,
        0.33581
      ],
      "rotation": {
        "angle": -45,
        "axis": "y",
        "origin": [
          2.65801,
          9.6329,
          6.31
        ]
      },
      "faces": {
        "north": {
          "uv": [
            1.258,
            4.008,
            1.492,
            4.492
          ],
          "rotation": 270,
          "texture": "#0"
        },
        "east": {
          "uv": [
            1.258,
            4.008,
            1.742,
            4.492
          ],
          "rotation": 180,
          "texture": "#0"
        },
        "south": {
          "uv": [
            1.508,
            4.008,
            1.742,
            4.492
          ],
          "rotation": 90,
          "texture": "#0"
        },
        "west": {
          "uv": [
            1.258,
            4.008,
            1.742,
            4.492
          ],
          "texture": "#0"
        },
        "up": {
          "uv": [
            1.258,
            4.008,
            1.742,
            4.492
          ],
          "rotation": 90,
          "texture": "#0"
        },
        "down": {
          "uv": [
            1.742,
            4.008,
            1.258,
            4.492
          ],
          "rotation": 90,
          "texture": "#0"
        }
      }
    },
    {
      "from": [
        5.90482,
        8.6229,
        11.95902
      ],
      "to": [
        6.90482,
        10.6229,
        16.45902
      ],
      "rotation": {
        "angle": -45,
        "axis": "y",
        "origin": [
          12.85801,
          9.6329,
          6.31
        ]
      },
      "faces": {
        "north": {
          "uv": [
            1.258,
            4.008,
            1.742,
            4.492
          ],
          "rotation": 180,
          "texture": "#0"
        },
        "east": {
          "uv": [
            1.508,
            4.008,
            1.742,
            4.492
          ],
          "rotation": 90,
          "texture": "#0"
        },
        "south": {
          "uv": [
            1.258,
            4.008,
            1.742,
            4.242
          ],
          "texture": "#0"
        },
        "west": {
          "uv": [
            1.258,
            4.008,
            1.492,
            4.492
          ],
          "rotation": 270,
          "texture": "#0"
        },
        "up": {
          "uv": [
            1.258,
            4.008,
            1.742,
            4.492
          ],
          "texture": "#0"
        },
        "down": {
          "uv": [
            1.742,
            4.008,
            1.258,
            4.492
          ],
          "rotation": 180,
          "texture": "#0"
        }
      }
    },
    {
      "from": [
        11.76412,
        8.8729,
        12.54052
      ],
      "to": [
        12.76412,
        10.3729,
        15.54052
      ],
      "rotation": {
        "angle": 22.5,
        "axis": "y",
        "origin": [
          2.65801,
          9.6329,
          6.31
        ]
      },
      "faces": {
        "north": {
          "uv": [
            0.258,
            4.508,
            0.742,
            4.992
          ],
          "texture": "#0"
        },
        "east": {
          "uv": [
            0.258,
            4.508,
            0.492,
            4.992
          ],
          "rotation": 270,
          "texture": "#0"
        },
        "south": {
          "uv": [
            0.258,
            4.508,
            0.742,
            4.742
          ],
          "rotation": 180,
          "texture": "#0"
        },
        "west": {
          "uv": [
            0.508,
            4.508,
            0.742,
            4.992
          ],
          "rotation": 90,
          "texture": "#0"
        },
        "up": {
          "uv": [
            0.258,
            4.508,
            0.742,
            4.992
          ],
          "rotation": 180,
          "texture": "#0"
        },
        "down": {
          "uv": [
            0.258,
            4.992,
            0.742,
            4.508
          ],
          "rotation": 180,
          "texture": "#0"
        }
      }
    },
    {
      "from": [
        1.90571,
        9.1229,
        12.68262
      ],
      "to": [
        3.40571,
        10.1229,
        15.18262
      ],
      "rotation": {
        "angle": -22.5,
        "axis": "y",
        "origin": [
          12.85801,
          9.6329,
          6.31
        ]
      },
      "faces": {
        "north": {
          "uv": [
            1.508,
            0.258,
            2.242,
            2.742
          ],
          "texture": "#0"
        },
        "east": {
          "uv": [
            1.508,
            0.258,
            2.242,
            2.742
          ],
          "rotation": 270,
          "texture": "#0"
        },
        "south": {
          "uv": [
            2.258,
            2.258,
            2.992,
            2.492
          ],
          "rotation": 180,
          "texture": "#0"
        },
        "west": {
          "uv": [
            1.508,
            0.258,
            2.242,
            2.742
          ],
          "rotation": 90,
          "texture": "#0"
        },
        "up": {
          "uv": [
            1.508,
            0.258,
            2.242,
            2.742
          ],
          "rotation": 180,
          "texture": "#0"
        },
        "down": {
          "uv": [
            1.508,
            0.258,
            2.242,
            2.742
          ],
          "rotation": 180,
          "texture": "#0"
        }
      }
    },
    {
      "from": [
        2.7519,
        8.8729,
        12.54052
      ],
      "to": [
        3.7519,
        10.3729,
        15.54052
      ],
      "rotation": {
        "angle": -22.5,
        "axis": "y",
        "origin": [
          12.85801,
          9.6329,
          6.31
        ]
      },
      "faces": {
        "north": {
          "uv": [
            0.258,
            4.508,
            0.742,
            4.992
          ],
          "texture": "#0"
        },
        "east": {
          "uv": [
            0.508,
            4.508,
            0.742,
            4.992
          ],
          "rotation": 270,
          "texture": "#0"
        },
        "south": {
          "uv": [
            0.742,
            4.508,
            0.258,
            4.742
          ],
          "rotation": 180,
          "texture": "#0"
        },
        "west": {
          "uv": [
            0.258,
            4.508,
            0.492,
            4.992
          ],
          "rotation": 90,
          "texture": "#0"
        },
        "up": {
          "uv": [
            0.742,
            4.508,
            0.258,
            4.992
          ],
          "rotation": 180,
          "texture": "#0"
        },
        "down": {
          "uv": [
            0.742,
            4.992,
            0.258,
            4.508
          ],
          "rotation": 180,
          "texture": "#0"
        }
      }
    },
    {
      "from": [
        3.87287,
        8.3479,
        3.2156
      ],
      "to": [
        4.87287,
        10.8979,
        5.7156
      ],
      "rotation": {
        "angle": 0,
        "axis": "y",
        "origin": [
          7.85801,
          9.6329,
          8.01
        ]
      },
      "faces": {
        "north": {
          "uv": [
            1.758,
            4.492,
            2.242,
            4.008
          ],
          "rotation": 270,
          "texture": "#0"
        },
        "east": {
          "uv": [
            1.758,
            4.258,
            2.242,
            4.492
          ],
          "rotation": 180,
          "texture": "#0"
        },
        "south": {
          "uv": [
            1.758,
            4.008,
            2.242,
            4.492
          ],
          "rotation": 90,
          "texture": "#0"
        },
        "west": {
          "uv": [
            1.758,
            4.008,
            2.242,
            4.242
          ],
          "texture": "#0"
        },
        "up": {
          "uv": [
            1.758,
            4.492,
            2.242,
            4.008
          ],
          "rotation": 90,
          "texture": "#0"
        },
        "down": {
          "uv": [
            1.758,
            4.492,
            2.242,
            4.008
          ],
          "rotation": 90,
          "texture": "#0"
        }
      }
    },
    {
      "from": [
        4.77287,
        8.8729,
        3.7156
      ],
      "to": [
        10.77287,
        10.3729,
        5.2156
      ],
      "rotation": {
        "angle": 0,
        "axis": "y",
        "origin": [
          7.75801,
          9.6329,
          8.01
        ]
      },
      "faces": {
        "north": {
          "uv": [
            0.508,
            0.758,
            1.242,
            3.492
          ],
          "rotation": 270,
          "texture": "#0"
        },
        "south": {
          "uv": [
            0.508,
            0.758,
            1.242,
            3.492
          ],
          "rotation": 90,
          "texture": "#0"
        },
        "up": {
          "uv": [
            0.508,
            0.758,
            1.242,
            3.492
          ],
          "rotation": 90,
          "texture": "#0"
        },
        "down": {
          "uv": [
            0.508,
            0.758,
            1.242,
            3.492
          ],
          "rotation": 90,
          "texture": "#0"
        }
      }
    },
    {
      "from": [
        7.25186,
        8.8979,
        -1.78842
      ],
      "to": [
        12.82686,
        10.3479,
        -0.03842
      ],
      "rotation": {
        "angle": -45,
        "axis": "y",
        "origin": [
          2.65801,
          9.6329,
          6.31
        ]
      },
      "faces": {
        "north": {
          "uv": [
            3.492,
            3.008,
            1.508,
            3.742
          ],
          "texture": "#0"
        },
        "east": {
          "uv": [
            1.375,
            2.258,
            2.125,
            2.492
          ],
          "rotation": 270,
          "texture": "#0"
        },
        "south": {
          "uv": [
            3.492,
            3.008,
            1.508,
            3.742
          ],
          "rotation": 180,
          "texture": "#0"
        },
        "west": {
          "uv": [
            3.492,
            3.008,
            1.508,
            3.742
          ],
          "rotation": 90,
          "texture": "#0"
        },
        "up": {
          "uv": [
            3.492,
            3.008,
            1.508,
            3.742
          ],
          "rotation": 180,
          "texture": "#0"
        },
        "down": {
          "uv": [
            3.492,
            3.008,
            1.508,
            3.742
          ],
          "rotation": 180,
          "texture": "#0"
        }
      }
    },
    {
      "from": [
        4.78061,
        8.8979,
        10.95782
      ],
      "to": [
        6.53061,
        10.3479,
        16.45782
      ],
      "rotation": {
        "angle": -45,
        "axis": "y",
        "origin": [
          12.85801,
          9.6329,
          6.31
        ]
      },
      "faces": {
        "north": {
          "uv": [
            1.508,
            3.008,
            3.492,
            3.742
          ],
          "rotation": 270,
          "texture": "#0"
        },
        "east": {
          "uv": [
            1.508,
            3.008,
            3.492,
            3.742
          ],
          "rotation": 180,
          "texture": "#0"
        },
        "south": {
          "uv": [
            1.375,
            2.258,
            2.125,
            2.492
          ],
          "rotation": 90,
          "texture": "#0"
        },
        "west": {
          "uv": [
            1.508,
            3.008,
            3.492,
            3.742
          ],
          "texture": "#0"
        },
        "up": {
          "uv": [
            1.508,
            3.008,
            3.492,
            3.742
          ],
          "rotation": 90,
          "texture": "#0"
        },
        "down": {
          "uv": [
            1.508,
            3.008,
            3.492,
            3.742
          ],
          "rotation": 270,
          "texture": "#0"
        }
      }
    },
    {
      "from": [
        12.11031,
        9.1229,
        12.68262
      ],
      "to": [
        13.61031,
        10.1229,
        15.18262
      ],
      "rotation": {
        "angle": 22.5,
        "axis": "y",
        "origin": [
          2.65801,
          9.6329,
          6.31
        ]
      },
      "faces": {
        "north": {
          "uv": [
            1.508,
            0.258,
            2.242,
            2.742
          ],
          "texture": "#0"
        },
        "east": {
          "uv": [
            1.508,
            0.258,
            2.242,
            2.742
          ],
          "rotation": 270,
          "texture": "#0"
        },
        "south": {
          "uv": [
            2.258,
            2.258,
            2.992,
            2.492
          ],
          "rotation": 180,
          "texture": "#0"
        },
        "west": {
          "uv": [
            1.508,
            0.258,
            2.242,
            2.742
          ],
          "rotation": 90,
          "texture": "#0"
        },
        "up": {
          "uv": [
            1.508,
            0.258,
            2.242,
            2.742
          ],
          "rotation": 180,
          "texture": "#0"
        },
        "down": {
          "uv": [
            1.508,
            0.258,
            2.242,
            2.742
          ],
          "rotation": 180,
          "texture": "#0"
        }
      }
    },
    {
      "name": "string-low",
      "from": [
        0.9571,
        9.6179,
        9.8594
      ],
      "to": [
        7.9471,
        9.6579,
        10.2494
      ],
      "rotation": {
        "angle": 0,
        "axis": "y",
        "origin": [
          1.25801,
          9.6329,
          10.01
        ]
      },
      "faces": {
        "north": {
          "uv": [
            3.758,
            10.758,
            7.992,
            10.992
          ],
          "texture": "#0"
        },
        "east": {
          "uv": [
            3.758,
            10.758,
            7.992,
            10.992
          ],
          "rotation": 270,
          "texture": "#0"
        },
        "south": {
          "uv": [
            3.758,
            10.758,
            7.992,
            10.992
          ],
          "rotation": 180,
          "texture": "#0"
        },
        "west": {
          "uv": [
            3.758,
            10.758,
            7.992,
            10.992
          ],
          "rotation": 90,
          "texture": "#0"
        },
        "up": {
          "uv": [
            3.758,
            10.758,
            7.992,
            10.992
          ],
          "rotation": 180,
          "texture": "#0"
        },
        "down": {
          "uv": [
            3.758,
            10.758,
            7.992,
            10.992
          ],
          "rotation": 180,
          "texture": "#0"
        }
      }
    },
    {
      "name": "string-high",
      "from": [
        7.90312,
        9.6229,
        9.8594
      ],
      "to": [
        14.86812,
        9.6629,
        10.2494
      ],
      "rotation": {
        "angle": 0,
        "axis": "y",
        "origin": [
          14.25801,
          9.6329,
          10.01
        ]
      },
      "faces": {
        "north": {
          "uv": [
            3.758,
            10.758,
            7.992,
            10.992
          ],
          "texture": "#0"
        },
        "east": {
          "uv": [
            3.758,
            10.758,
            7.992,
            10.992
          ],
          "rotation": 270,
          "texture": "#0"
        },
        "south": {
          "uv": [
            3.758,
            10.758,
            7.992,
            10.992
          ],
          "rotation": 180,
          "texture": "#0"
        },
        "west": {
          "uv": [
            3.758,
            10.758,
            7.992,
            10.992
          ],
          "rotation": 90,
          "texture": "#0"
        },
        "up": {
          "uv": [
            3.758,
            10.758,
            7.992,
            10.992
          ],
          "rotation": 180,
          "texture": "#0"
        },
        "down": {
          "uv": [
            3.758,
            10.758,
            7.992,
            10.992
          ],
          "rotation": 180,
          "texture": "#0"
        }
      }
    },
    {
      "from": [
        4.5,
        3.575,
        5.025
      ],
      "to": [
        11.1,
        7.575,
        6.625
      ],
      "rotation": {
        "angle": 0,
        "axis": "y",
        "origin": [
          6.8,
          7.5,
          5.025
        ]
      },
      "faces": {
        "north": {
          "uv": [
            4.258,
            3.758,
            6.492,
            5.492
          ],
          "texture": "#0"
        },
        "east": {
          "uv": [
            3.758,
            1.508,
            5.025,
            3.742
          ],
          "texture": "#0"
        },
        "south": {
          "uv": [
            4.258,
            3.758,
            6.492,
            5.492
          ],
          "texture": "#0"
        },
        "west": {
          "uv": [
            3.758,
            1.508,
            5.025,
            3.742
          ],
          "texture": "#0"
        },
        "up": {
          "uv": [
            2.508,
            5.008,
            4.15,
            5.4
          ],
          "texture": "#0"
        },
        "down": {
          "uv": [
            3.758,
            1.508,
            5.025,
            3.742
          ],
          "texture": "#0"
        }
      }
    },
    {
      "from": [
        4.5,
        3.55,
        11.225
      ],
      "to": [
        11.1,
        7.575,
        12.825
      ],
      "rotation": {
        "angle": 0,
        "axis": "y",
        "origin": [
          6.8,
          7.475,
          11.225
        ]
      },
      "faces": {
        "north": {
          "uv": [
            4.258,
            3.758,
            6.492,
            5.492
          ],
          "texture": "#0"
        },
        "east": {
          "uv": [
            3.758,
            1.508,
            5.025,
            3.742
          ],
          "texture": "#0"
        },
        "south": {
          "uv": [
            4.258,
            3.758,
            6.492,
            5.492
          ],
          "texture": "#0"
        },
        "west": {
          "uv": [
            3.758,
            1.508,
            5.025,
            3.742
          ],
          "texture": "#0"
        },
        "up": {
          "uv": [
            2.508,
            5.008,
            4.15,
            5.4
          ],
          "texture": "#0"
        },
        "down": {
          "uv": [
            3.758,
            1.508,
            5.025,
            3.742
          ],
          "texture": "#0"
        }
      }
    },
    {
      "from": [
        4.5,
        7.575,
        5.025
      ],
      "to": [
        11.1,
        9.35,
        12.825
      ],
      "rotation": {
        "angle": 0,
        "axis": "y",
        "origin": [
          6.8,
          7.5,
          6.625
        ]
      },
      "faces": {
        "north": {
          "uv": [
            2.508,
            4.992,
            4.242,
            3.758
          ],
          "texture": "#0"
        },
        "east": {
          "uv": [
            2.508,
            4.992,
            3.242,
            4.258
          ],
          "texture": "#0"
        },
        "south": {
          "uv": [
            2.508,
            4.992,
            4.242,
            3.758
          ],
          "texture": "#0"
        },
        "west": {
          "uv": [
            3.508,
            4.992,
            4.242,
            4.258
          ],
          "texture": "#0"
        },
        "up": {
          "uv": [
            2.508,
            4.992,
            4.242,
            3.758
          ],
          "texture": "#0"
        },
        "down": {
          "uv": [
            2.508,
            3.758,
            4.242,
            4.992
          ],
          "texture": "#0"
        }
      }
    },
    {
      "from": [
        6.5,
        8.65,
        5.125
      ],
      "to": [
        7.1,
        10.2,
        9.725
      ],
      "rotation": {
        "angle": 0,
        "axis": "y",
        "origin": [
          8.8,
          8.45,
          5.125
        ]
      },
      "faces": {
        "north": {
          "uv": [
            0.008,
            0.008,
            0.15,
            0.1375
          ],
          "texture": "#0"
        },
        "east": {
          "uv": [
            3.492,
            3.742,
            1.758,
            3.508
          ],
          "texture": "#0"
        },
        "south": {
          "uv": [
            0.008,
            0.008,
            0.15,
            0.1375
          ],
          "texture": "#0"
        },
        "west": {
          "uv": [
            1.758,
            3.742,
            3.492,
            3.508
          ],
          "texture": "#0"
        },
        "up": {
          "uv": [
            2.758,
            2.242,
            2.992,
            0.508
          ],
          "texture": "#0"
        },
        "down": {
          "uv": [
            0.008,
            0.008,
            0.15,
            1.15
          ],
          "texture": "#0"
        }
      }
    },
    {
      "from": [
        8.5,
        8.65,
        5.125
      ],
      "to": [
        9.1,
        10.2,
        9.725
      ],
      "rotation": {
        "angle": 0,
        "axis": "y",
        "origin": [
          10.8,
          8.45,
          5.125
        ]
      },
      "faces": {
        "north": {
          "uv": [
            0.008,
            0.008,
            0.158,
            0.3955
          ],
          "texture": "#0"
        },
        "east": {
          "uv": [
            3.492,
            3.742,
            1.758,
            3.508
          ],
          "texture": "#0"
        },
        "south": {
          "uv": [
            0.008,
            0.008,
            0.158,
            0.3955
          ],
          "texture": "#0"
        },
        "west": {
          "uv": [
            1.758,
            3.742,
            3.492,
            3.508
          ],
          "texture": "#0"
        },
        "up": {
          "uv": [
            2.758,
            2.242,
            2.992,
            0.508
          ],
          "texture": "#0"
        },
        "down": {
          "uv": [
            0.008,
            0.008,
            0.158,
            1.158
          ],
          "texture": "#0"
        }
      }
    },
    {
      "from": [
        8.525,
        8.5,
        8.9
      ],
      "to": [
        9.075,
        9.55,
        10
      ],
      "rotation": {
        "angle": -22.5,
        "axis": "x",
        "origin": [
          8.8,
          9.275,
          7.7
        ]
      },
      "faces": {
        "north": {
          "uv": [
            0.008,
            0.008,
            0.1375,
            0.242
          ],
          "texture": "#0"
        },
        "east": {
          "uv": [
            1.258,
            4.008,
            1.742,
            4.492
          ],
          "texture": "#0"
        },
        "south": {
          "uv": [
            2.242,
            4.242,
            1.758,
            4.008
          ],
          "texture": "#0"
        },
        "west": {
          "uv": [
            1.742,
            4.008,
            1.258,
            4.492
          ],
          "texture": "#0"
        },
        "up": {
          "uv": [
            2.242,
            4.492,
            1.758,
            4.008
          ],
          "texture": "#0"
        },
        "down": {
          "uv": [
            0.008,
            0.008,
            0.1375,
            0.275
          ],
          "texture": "#0"
        }
      }
    },
    {
      "from": [
        6.525,
        8.5,
        8.9
      ],
      "to": [
        7.075,
        9.55,
        10
      ],
      "rotation": {
        "angle": -22.5,
        "axis": "x",
        "origin": [
          6.8,
          9.275,
          7.7
        ]
      },
      "faces": {
        "north": {
          "uv": [
            0.008,
            0.008,
            0.1375,
            0.242
          ],
          "texture": "#0"
        },
        "east": {
          "uv": [
            1.258,
            4.008,
            1.742,
            4.492
          ],
          "texture": "#0"
        },
        "south": {
          "uv": [
            2.242,
            4.242,
            1.758,
            4.008
          ],
          "texture": "#0"
        },
        "west": {
          "uv": [
            1.742,
            4.008,
            1.258,
            4.492
          ],
          "texture": "#0"
        },
        "up": {
          "uv": [
            2.242,
            4.492,
            1.758,
            4.008
          ],
          "texture": "#0"
        },
        "down": {
          "uv": [
            0.008,
            0.008,
            0.1375,
            0.275
          ],
          "texture": "#0"
        }
      }
    },
    {
      "from": [
        6.85,
        9.2,
        11.8
      ],
      "to": [
        8.85,
        9.7,
        12.8
      ],
      "rotation": {
        "angle": 0,
        "axis": "y",
        "origin": [
          6.85,
          9.2,
          10.8
        ]
      },
      "faces": {
        "north": {
          "uv": [
            1.258,
            4.508,
            1.742,
            4.992
          ],
          "texture": "#0"
        },
        "east": {
          "uv": [
            1.258,
            4.508,
            1.742,
            4.992
          ],
          "texture": "#0"
        },
        "south": {
          "uv": [
            1.258,
            4.508,
            1.742,
            4.992
          ],
          "texture": "#0"
        },
        "west": {
          "uv": [
            1.258,
            4.508,
            1.742,
            4.992
          ],
          "texture": "#0"
        },
        "up": {
          "uv": [
            1.258,
            4.508,
            1.742,
            4.992
          ],
          "texture": "#0"
        },
        "down": {
          "uv": [
            0.008,
            0.008,
            0.492,
            0.242
          ],
          "texture": "#0"
        }
      }
    },
    {
      "from": [
        6.9,
        9.78891,
        11.89896
      ],
      "to": [
        8.8,
        10.08891,
        12.39896
      ],
      "rotation": {
        "angle": 0,
        "axis": "y",
        "origin": [
          6.85,
          9.78891,
          10.89896
        ]
      },
      "faces": {
        "north": {
          "uv": [
            1.758,
            4.008,
            2.242,
            4.242
          ],
          "texture": "#0"
        },
        "east": {
          "uv": [
            1.758,
            4.008,
            2.242,
            4.242
          ],
          "texture": "#0"
        },
        "south": {
          "uv": [
            0.008,
            0.008,
            0.475,
            0.075
          ],
          "texture": "#0"
        },
        "west": {
          "uv": [
            1.758,
            4.008,
            2.242,
            4.242
          ],
          "texture": "#0"
        },
        "up": {
          "uv": [
            1.758,
            4.008,
            2.242,
            4.242
          ],
          "texture": "#0"
        },
        "down": {
          "uv": [
            1.758,
            4.008,
            2.242,
            4.242
          ],
          "texture": "#0"
        }
      }
    },
    {
      "from": [
        6.875,
        9.62678,
        12.26967
      ],
      "to": [
        8.825,
        9.97678,
        12.81967
      ],
      "rotation": {
        "angle": 45,
        "axis": "x",
        "origin": [
          7.85,
          9.87678,
          12.46967
        ]
      },
      "faces": {
        "north": {
          "uv": [
            1.258,
            4.508,
            1.742,
            4.742
          ],
          "texture": "#0"
        },
        "east": {
          "uv": [
            1.258,
            4.508,
            1.742,
            4.742
          ],
          "texture": "#0"
        },
        "south": {
          "uv": [
            0.008,
            0.008,
            0.4875,
            0.0875
          ],
          "texture": "#0"
        },
        "west": {
          "uv": [
            1.258,
            4.508,
            1.742,
            4.742
          ],
          "texture": "#0"
        },
        "up": {
          "uv": [
            1.258,
            4.508,
            1.742,
            4.742
          ],
          "texture": "#0"
        },
        "down": {
          "uv": [
            1.758,
            4.008,
            2.242,
            4.242
          ],
          "texture": "#0"
        }
      }
    },
    {
      "name": "feather",
      "from": [
        6.8778,
        9.73116,
        8.95187
      ],
      "to": [
        8.63739,
        9.73116,
        11.00087
      ],
      "rotation": {
        "angle": -45,
        "axis": "z",
        "origin": [
          7.75002,
          9.77474,
          3.89884
        ]
      },
      "faces": {
        "up": {
          "uv": [
            14.5,
            13.875,
            13,
            15.375
          ],
          "rotation": 270,
          "texture": "#0"
        },
        "down": {
          "uv": [
            14.5,
            13.875,
            13,
            15.375
          ],
          "rotation": 90,
          "texture": "#0"
        }
      }
    },
    {
      "name": "feather",
      "from": [
        6.94976,
        9.7278,
        8.95187
      ],
      "to": [
        8.70935,
        9.7278,
        11.00087
      ],
      "rotation": {
        "angle": 45,
        "axis": "z",
        "origin": [
          7.82955,
          9.7278,
          9.97636
        ]
      },
      "faces": {
        "up": {
          "uv": [
            14.5,
            13.875,
            13,
            15.375
          ],
          "rotation": 270,
          "texture": "#0"
        },
        "down": {
          "uv": [
            14.5,
            13.875,
            13,
            15.375
          ],
          "rotation": 90,
          "texture": "#0"
        }
      }
    },
    {
      "name": "arrow",
      "from": [
        6.87101,
        9.64905,
        -1.66934
      ],
      "to": [
        8.6306,
        9.64905,
        0.09025
      ],
      "rotation": {
        "angle": 45,
        "axis": "z",
        "origin": [
          7.7508,
          9.64905,
          -0.93425
        ]
      },
      "faces": {
        "up": {
          "uv": [
            8.5,
            13.625,
            6.75,
            15.625
          ],
          "rotation": 270,
          "texture": "#0"
        },
        "down": {
          "uv": [
            8.25,
            13.875,
            6.75,
            15.375
          ],
          "rotation": 90,
          "texture": "#0"
        }
      }
    },
    {
      "name": "arrow",
      "from": [
        6.90802,
        9.64905,
        -1.66934
      ],
      "to": [
        8.66761,
        9.64905,
        0.09025
      ],
      "rotation": {
        "angle": -45,
        "axis": "z",
        "origin": [
          7.78782,
          9.64905,
          -0.93425
        ]
      },
      "faces": {
        "up": {
          "uv": [
            8.5,
            13.625,
            6.75,
            15.625
          ],
          "rotation": 270,
          "texture": "#0"
        },
        "down": {
          "uv": [
            8.25,
            13.875,
            6.75,
            15.375
          ],
          "rotation": 90,
          "texture": "#0"
        }
      }
    },
    {
      "name": "stick",
      "from": [
        7.48608,
        9.38489,
        -0.31342
      ],
      "to": [
        8.06489,
        9.9637,
        8.94758
      ],
      "rotation": {
        "angle": 0,
        "axis": "y",
        "origin": [
          7.75002,
          9.65898,
          3.56602
        ]
      },
      "faces": {
        "north": {
          "uv": [
            8.25,
            14.5,
            7.75,
            14.75
          ],
          "texture": "#0"
        },
        "east": {
          "uv": [
            10.25,
            14.5,
            9.75,
            14.75
          ],
          "texture": "#0"
        },
        "south": {
          "uv": [
            13.5,
            14.5,
            13,
            14.75
          ],
          "texture": "#0"
        },
        "west": {
          "uv": [
            10.25,
            14.5,
            9.75,
            14.75
          ],
          "texture": "#0"
        },
        "up": {
          "uv": [
            10.25,
            14.5,
            9.75,
            14.75
          ],
          "rotation": 90,
          "texture": "#0"
        },
        "down": {
          "uv": [
            10.25,
            14.5,
            9.75,
            14.75
          ],
          "rotation": 270,
          "texture": "#0"
        }
      }
    }
  ],
  "gui_light": "front",
  "display": {
    "thirdperson_righthand": {
      "translation": [
        0.13,
        -0.75,
        4.5
      ],
      "scale": [
        0.65,
        0.75,
        0.75
      ]
    },
    "thirdperson_lefthand": {
      "translation": [
        -0.12,
        -0.75,
        4.5
      ],
      "scale": [
        0.65,
        0.75,
        0.75
      ]
    },
    "firstperson_righthand": {
      "rotation": [
        -5,
        -9.5,
        0
      ],
      "translation": [
        1,
        2.75,
        2.5
      ],
      "scale": [
        0.65,
        0.75,
        0.75
      ]
    },
    "firstperson_lefthand": {
      "rotation": [
        -5,
        -9.5,
        0
      ],
      "translation": [
        1,
        2.75,
        2.5
      ],
      "scale": [
        0.65,
        0.75,
        0.75
      ]
    },
    "ground": {
      "rotation": [
        0,
        0,
        -45
      ],
      "translation": [
        0,
        3,
        0
      ],
      "scale": [
        0.5,
        0.65,
        0.65
      ]
    },
    "gui": {
      "rotation": [
        90,
        44.25,
        0
      ],
      "translation": [
        -0.5,
        0.75,
        0
      ]
    },
    "head": {
      "rotation": [
        0,
        0,
        -90
      ],
      "translation": [
        -1,
        9,
        0.75
      ],
      "scale": [
        0.6,
        0.6,
        0.6
      ]
    },
    "fixed": {
      "rotation": [
        -90,
        0,
        0
      ],
      "scale": [
        0.65,
        0.75,
        0.75
      ]
    }
  },
  "groups": [
    {
      "name": "bow",
      "origin": [
        8,
        8,
        8
      ],
      "color": 0,
      "children": [
        {
          "name": "bow",
          "origin": [
            5.64912,
            9.84776,
            8
          ],
          "color": 0,
          "children": [
            0,
            1,
            2,
            3,
            4,
            5,
            6,
            7,
            8,
            9,
            10,
            11,
            12
          ]
        },
        {
          "name": "string",
          "origin": [
            8,
            8,
            8
          ],
          "color": 0,
          "children": [
            13,
            14
          ]
        },
        {
          "name": "gauntlet",
          "origin": [
            8,
            8,
            8
          ],
          "color": 0,
          "children": [
            15,
            16,
            17,
            18,
            19,
            20,
            21,
            22,
            23,
            24
          ]
        },
        {
          "name": "arrow",
          "origin": [
            8,
            8,
            8
          ],
          "color": 0,
          "children": [
            25,
            26,
            27,
            28,
            29
          ]
        }
      ]
    }
  ]
}