{
  "credit": "Made By AtPoe",
  "texture_size": [
    32,
    32
  ],
  "elements": [
    {
      "from": [
        4.4,
        3,
        6.75
      ],
      "to": [
        11.6,
        4,
        9.25
      ],
      "rotation": {
        "angle": 0,
        "axis": "y",
        "origin": [
          8,
          9.0026,
          8
        ]
      },
      "faces": {
        "north": {
          "uv": [
            11.5,
            5.5,
            13.5,
            6
          ],
          "texture": "#sword_7"
        },
        "east": {
          "uv": [
            4,
            13,
            5.5,
            13.5
          ],
          "texture": "#sword_7"
        },
        "south": {
          "uv": [
            11.5,
            5,
            13.5,
            5.5
          ],
          "texture": "#sword_7"
        },
        "west": {
          "uv": [
            2.5,
            13,
            4,
            13.5
          ],
          "texture": "#sword_7"
        },
        "up": {
          "uv": [
            4,
            10.5,
            2,
            9
          ],
          "rotation": 180,
          "texture": "#sword_7"
        },
        "down": {
          "uv": [
            11,
            2,
            9,
            3.5
          ],
          "rotation": 180,
          "texture": "#sword_7"
        }
      }
    },
    {
      "from": [
        2.37391,
        3.84947,
        7.35
      ],
      "to": [
        5.29891,
        5.44947,
        8.65
      ],
      "rotation": {
        "angle": -45,
        "axis": "z",
        "origin": [
          3.93152,
          4.35984,
          8
        ]
      },
      "faces": {
        "north": {
          "uv": [
            11,
            13.5,
            12,
            14
          ],
          "texture": "#sword_7"
        },
        "east": {
          "uv": [
            12,
            13.5,
            13,
            14
          ],
          "texture": "#sword_7"
        },
        "south": {
          "uv": [
            13.5,
            10,
            14.5,
            10.5
          ],
          "texture": "#sword_7"
        },
        "west": {
          "uv": [
            13.5,
            10.5,
            14.5,
            11
          ],
          "texture": "#sword_7"
        },
        "up": {
          "uv": [
            3,
            13,
            2,
            12
          ],
          "rotation": 180,
          "texture": "#sword_7"
        },
        "down": {
          "uv": [
            13,
            2,
            12,
            3
          ],
          "rotation": 180,
          "texture": "#sword_7"
        }
      }
    },
    {
      "from": [
        2.37391,
        3.37021,
        7.5
      ],
      "to": [
        4.99891,
        4.59521,
        8.5
      ],
      "rotation": {
        "angle": -22.5,
        "axis": "z",
        "origin": [
          3.93152,
          4.35984,
          8
        ]
      },
      "faces": {
        "north": {
          "uv": [
            5.5,
            14,
            6.5,
            14.5
          ],
          "texture": "#sword_7"
        },
        "east": {
          "uv": [
            14.5,
            0,
            15,
            0.5
          ],
          "texture": "#sword_7"
        },
        "south": {
          "uv": [
            14,
            4.5,
            15,
            5
          ],
          "texture": "#sword_7"
        },
        "west": {
          "uv": [
            0,
            14.5,
            0.5,
            15
          ],
          "texture": "#sword_7"
        },
        "up": {
          "uv": [
            15,
            6,
            14,
            5.5
          ],
          "rotation": 180,
          "texture": "#sword_7"
        },
        "down": {
          "uv": [
            15,
            6,
            14,
            6.5
          ],
          "rotation": 180,
          "texture": "#sword_7"
        }
      }
    },
    {
      "from": [
        7,
        -4.8,
        7
      ],
      "to": [
        9,
        3.1,
        9
      ],
      "rotation": {
        "angle": 0,
        "axis": "y",
        "origin": [
          8,
          11.7026,
          8
        ]
      },
      "faces": {
        "north": {
          "uv": [
            5,
            9,
            6,
            12
          ],
          "texture": "#sword_7"
        },
        "east": {
          "uv": [
            6,
            9,
            7,
            12
          ],
          "texture": "#sword_7"
        },
        "south": {
          "uv": [
            9,
            3.5,
            10,
            6.5
          ],
          "texture": "#sword_7"
        },
        "west": {
          "uv": [
            4,
            9,
            5,
            12
          ],
          "texture": "#sword_7"
        },
        "up": {
          "uv": [
            4,
            13,
            3,
            12
          ],
          "rotation": 180,
          "texture": "#sword_7"
        },
        "down": {
          "uv": [
            5,
            12,
            4,
            13
          ],
          "rotation": 180,
          "texture": "#sword_7"
        }
      }
    },
    {
      "from": [
        4.5,
        3.5,
        7.75
      ],
      "to": [
        11.5,
        28.5,
        8.25
      ],
      "rotation": {
        "angle": 0,
        "axis": "y",
        "origin": [
          8,
          8.5026,
          8
        ]
      },
      "faces": {
        "north": {
          "uv": [
            2,
            0,
            4,
            9
          ],
          "texture": "#sword_7"
        },
        "east": {
          "uv": [
            8.5,
            0,
            9,
            9
          ],
          "texture": "#sword_7"
        },
        "south": {
          "uv": [
            0,
            0,
            2,
            9
          ],
          "texture": "#sword_7"
        },
        "west": {
          "uv": [
            8,
            0,
            8.5,
            9
          ],
          "texture": "#sword_7"
        },
        "up": {
          "uv": [
            13.5,
            6.5,
            11.5,
            6
          ],
          "rotation": 180,
          "texture": "#sword_7"
        },
        "down": {
          "uv": [
            13.5,
            10.5,
            11.5,
            11
          ],
          "rotation": 180,
          "texture": "#sword_7"
        }
      }
    },
    {
      "from": [
        5.5,
        3.5,
        7.25
      ],
      "to": [
        10.5,
        28.5,
        8.75
      ],
      "rotation": {
        "angle": 0,
        "axis": "y",
        "origin": [
          8,
          8.5026,
          8
        ]
      },
      "faces": {
        "north": {
          "uv": [
            6,
            0,
            7,
            9
          ],
          "texture": "#sword_7"
        },
        "east": {
          "uv": [
            7,
            0,
            8,
            9
          ],
          "texture": "#sword_7"
        },
        "south": {
          "uv": [
            4,
            0,
            5,
            9
          ],
          "texture": "#sword_7"
        },
        "west": {
          "uv": [
            5,
            0,
            6,
            9
          ],
          "texture": "#sword_7"
        },
        "up": {
          "uv": [
            6,
            13,
            5,
            12
          ],
          "rotation": 180,
          "texture": "#sword_7"
        },
        "down": {
          "uv": [
            7,
            12,
            6,
            13
          ],
          "rotation": 180,
          "texture": "#sword_7"
        }
      }
    },
    {
      "from": [
        14.79778,
        21.97538,
        7.5
      ],
      "to": [
        20.04778,
        27.22538,
        8.5
      ],
      "rotation": {
        "angle": 45,
        "axis": "z",
        "origin": [
          8,
          15.1776,
          8
        ]
      },
      "faces": {
        "north": {
          "uv": [
            9,
            0,
            11,
            2
          ],
          "texture": "#sword_7"
        },
        "east": {
          "uv": [
            8.5,
            12,
            9,
            14
          ],
          "texture": "#sword_7"
        },
        "south": {
          "uv": [
            0,
            9,
            2,
            11
          ],
          "texture": "#sword_7"
        },
        "west": {
          "uv": [
            8,
            12,
            8.5,
            14
          ],
          "texture": "#sword_7"
        },
        "up": {
          "uv": [
            11,
            12.5,
            9,
            12
          ],
          "rotation": 180,
          "texture": "#sword_7"
        },
        "down": {
          "uv": [
            13,
            12,
            11,
            12.5
          ],
          "rotation": 180,
          "texture": "#sword_7"
        }
      }
    },
    {
      "from": [
        15.49778,
        22.70038,
        7.225
      ],
      "to": [
        19.34778,
        26.55038,
        8.775
      ],
      "rotation": {
        "angle": 45,
        "axis": "z",
        "origin": [
          8,
          15.2026,
          8
        ]
      },
      "faces": {
        "north": {
          "uv": [
            7,
            12.5,
            8,
            13.5
          ],
          "texture": "#sword_7"
        },
        "east": {
          "uv": [
            12.5,
            7.5,
            13.5,
            8.5
          ],
          "texture": "#sword_7"
        },
        "south": {
          "uv": [
            12,
            11,
            13,
            12
          ],
          "texture": "#sword_7"
        },
        "west": {
          "uv": [
            12.5,
            6.5,
            13.5,
            7.5
          ],
          "texture": "#sword_7"
        },
        "up": {
          "uv": [
            13.5,
            9.5,
            12.5,
            8.5
          ],
          "rotation": 180,
          "texture": "#sword_7"
        },
        "down": {
          "uv": [
            10,
            12.5,
            9,
            13.5
          ],
          "rotation": 180,
          "texture": "#sword_7"
        }
      }
    },
    {
      "from": [
        2.42278,
        3.42538,
        6.5
      ],
      "to": [
        5.42278,
        6.42538,
        9.5
      ],
      "rotation": {
        "angle": 45,
        "axis": "z",
        "origin": [
          8,
          9.0026,
          8
        ]
      },
      "faces": {
        "north": {
          "uv": [
            9,
            8,
            10.5,
            9.5
          ],
          "texture": "#sword_7"
        },
        "east": {
          "uv": [
            8.5,
            9.5,
            10,
            11
          ],
          "texture": "#sword_7"
        },
        "south": {
          "uv": [
            9,
            6.5,
            10.5,
            8
          ],
          "texture": "#sword_7"
        },
        "west": {
          "uv": [
            7,
            9,
            8.5,
            10.5
          ],
          "texture": "#sword_7"
        },
        "up": {
          "uv": [
            11.5,
            5,
            10,
            3.5
          ],
          "rotation": 180,
          "texture": "#sword_7"
        },
        "down": {
          "uv": [
            11.5,
            5,
            10,
            6.5
          ],
          "rotation": 180,
          "texture": "#sword_7"
        }
      }
    },
    {
      "from": [
        5.67278,
        7.42538,
        7
      ],
      "to": [
        6.67278,
        8.42538,
        9
      ],
      "rotation": {
        "angle": 45,
        "axis": "z",
        "origin": [
          8,
          9.0026,
          8
        ]
      },
      "faces": {
        "north": {
          "uv": [
            11.5,
            14,
            12,
            14.5
          ],
          "texture": "#sword_7"
        },
        "east": {
          "uv": [
            0,
            14,
            1,
            14.5
          ],
          "texture": "#sword_7"
        },
        "south": {
          "uv": [
            11,
            14,
            11.5,
            14.5
          ],
          "texture": "#sword_7"
        },
        "west": {
          "uv": [
            13,
            13.5,
            14,
            14
          ],
          "texture": "#sword_7"
        },
        "up": {
          "uv": [
            14.5,
            1,
            14,
            0
          ],
          "rotation": 180,
          "texture": "#sword_7"
        },
        "down": {
          "uv": [
            2.5,
            14,
            2,
            15
          ],
          "rotation": 180,
          "texture": "#sword_7"
        }
      }
    },
    {
      "from": [
        7.92278,
        10.67538,
        6.75
      ],
      "to": [
        8.42278,
        11.17538,
        9.25
      ],
      "rotation": {
        "angle": 45,
        "axis": "z",
        "origin": [
          10,
          12.0026,
          8
        ]
      },
      "faces": {
        "north": {
          "uv": [
            12.5,
            14,
            13,
            14.5
          ],
          "texture": "#sword_7"
        },
        "east": {
          "uv": [
            3.5,
            13.5,
            5,
            14
          ],
          "texture": "#sword_7"
        },
        "south": {
          "uv": [
            12,
            14,
            12.5,
            14.5
          ],
          "texture": "#sword_7"
        },
        "west": {
          "uv": [
            13.5,
            3,
            15,
            3.5
          ],
          "texture": "#sword_7"
        },
        "up": {
          "uv": [
            14,
            5,
            13.5,
            3.5
          ],
          "rotation": 180,
          "texture": "#sword_7"
        },
        "down": {
          "uv": [
            5.5,
            13.5,
            5,
            15
          ],
          "rotation": 180,
          "texture": "#sword_7"
        }
      }
    },
    {
      "from": [
        7.67278,
        10.42538,
        7
      ],
      "to": [
        8.67278,
        11.42538,
        9
      ],
      "rotation": {
        "angle": 45,
        "axis": "z",
        "origin": [
          10,
          12.0026,
          8
        ]
      },
      "faces": {
        "north": {
          "uv": [
            11.5,
            14,
            12,
            14.5
          ],
          "texture": "#sword_7"
        },
        "east": {
          "uv": [
            0,
            14,
            1,
            14.5
          ],
          "texture": "#sword_7"
        },
        "south": {
          "uv": [
            11,
            14,
            11.5,
            14.5
          ],
          "texture": "#sword_7"
        },
        "west": {
          "uv": [
            13,
            13.5,
            14,
            14
          ],
          "texture": "#sword_7"
        },
        "up": {
          "uv": [
            14.5,
            1,
            14,
            0
          ],
          "rotation": 180,
          "texture": "#sword_7"
        },
        "down": {
          "uv": [
            2.5,
            14,
            2,
            15
          ],
          "rotation": 180,
          "texture": "#sword_7"
        }
      }
    },
    {
      "from": [
        5.42278,
        6.17538,
        7
      ],
      "to": [
        6.17278,
        6.92538,
        9
      ],
      "rotation": {
        "angle": 45,
        "axis": "z",
        "origin": [
          8,
          9.0026,
          8
        ]
      },
      "faces": {
        "north": {
          "uv": [
            14,
            14,
            14.5,
            14.5
          ],
          "texture": "#sword_7"
        },
        "east": {
          "uv": [
            3.5,
            14,
            4.5,
            14.5
          ],
          "texture": "#sword_7"
        },
        "south": {
          "uv": [
            14,
            13.5,
            14.5,
            14
          ],
          "texture": "#sword_7"
        },
        "west": {
          "uv": [
            2.5,
            14,
            3.5,
            14.5
          ],
          "texture": "#sword_7"
        },
        "up": {
          "uv": [
            14.5,
            4.5,
            14,
            3.5
          ],
          "rotation": 180,
          "texture": "#sword_7"
        },
        "down": {
          "uv": [
            5,
            14,
            4.5,
            15
          ],
          "rotation": 180,
          "texture": "#sword_7"
        }
      }
    },
    {
      "from": [
        4.67278,
        11.42538,
        6.75
      ],
      "to": [
        4.92278,
        11.67538,
        9.25
      ],
      "rotation": {
        "angle": 45,
        "axis": "z",
        "origin": [
          7,
          14.0026,
          8
        ]
      },
      "faces": {
        "north": {
          "uv": [
            13.5,
            14,
            14,
            14.5
          ],
          "texture": "#sword_7"
        },
        "east": {
          "uv": [
            5.5,
            13.5,
            7,
            14
          ],
          "texture": "#sword_7"
        },
        "south": {
          "uv": [
            13,
            14,
            13.5,
            14.5
          ],
          "texture": "#sword_7"
        },
        "west": {
          "uv": [
            13.5,
            5,
            15,
            5.5
          ],
          "texture": "#sword_7"
        },
        "up": {
          "uv": [
            14,
            7,
            13.5,
            5.5
          ],
          "rotation": 180,
          "texture": "#sword_7"
        },
        "down": {
          "uv": [
            7.5,
            13.5,
            7,
            15
          ],
          "rotation": 180,
          "texture": "#sword_7"
        }
      }
    },
    {
      "from": [
        4.42278,
        11.17538,
        7
      ],
      "to": [
        5.17278,
        11.92538,
        9
      ],
      "rotation": {
        "angle": 45,
        "axis": "z",
        "origin": [
          7,
          14.0026,
          8
        ]
      },
      "faces": {
        "north": {
          "uv": [
            14,
            14,
            14.5,
            14.5
          ],
          "texture": "#sword_7"
        },
        "east": {
          "uv": [
            3.5,
            14,
            4.5,
            14.5
          ],
          "texture": "#sword_7"
        },
        "south": {
          "uv": [
            14,
            13.5,
            14.5,
            14
          ],
          "texture": "#sword_7"
        },
        "west": {
          "uv": [
            2.5,
            14,
            3.5,
            14.5
          ],
          "texture": "#sword_7"
        },
        "up": {
          "uv": [
            14.5,
            4.5,
            14,
            3.5
          ],
          "rotation": 180,
          "texture": "#sword_7"
        },
        "down": {
          "uv": [
            5,
            14,
            4.5,
            15
          ],
          "rotation": 180,
          "texture": "#sword_7"
        }
      }
    },
    {
      "from": [
        7.67278,
        8.67538,
        7
      ],
      "to": [
        8.42278,
        9.42538,
        9
      ],
      "rotation": {
        "angle": 45,
        "axis": "z",
        "origin": [
          8,
          9.0026,
          8
        ]
      },
      "faces": {
        "north": {
          "uv": [
            6.5,
            14,
            7,
            14.5
          ],
          "texture": "#sword_7"
        },
        "east": {
          "uv": [
            13.5,
            7.5,
            14.5,
            8
          ],
          "texture": "#sword_7"
        },
        "south": {
          "uv": [
            11,
            3,
            11.5,
            3.5
          ],
          "texture": "#sword_7"
        },
        "west": {
          "uv": [
            13.5,
            7,
            14.5,
            7.5
          ],
          "texture": "#sword_7"
        },
        "up": {
          "uv": [
            8,
            14.5,
            7.5,
            13.5
          ],
          "rotation": 180,
          "texture": "#sword_7"
        },
        "down": {
          "uv": [
            14,
            8,
            13.5,
            9
          ],
          "rotation": 180,
          "texture": "#sword_7"
        }
      }
    },
    {
      "from": [
        8.92278,
        11.92538,
        6.75
      ],
      "to": [
        9.17278,
        12.17538,
        9.25
      ],
      "rotation": {
        "angle": 45,
        "axis": "z",
        "origin": [
          9,
          12.0026,
          8
        ]
      },
      "faces": {
        "north": {
          "uv": [
            8,
            10.5,
            8.5,
            11
          ],
          "texture": "#sword_7"
        },
        "east": {
          "uv": [
            13,
            1,
            14.5,
            1.5
          ],
          "texture": "#sword_7"
        },
        "south": {
          "uv": [
            8.5,
            9,
            9,
            9.5
          ],
          "texture": "#sword_7"
        },
        "west": {
          "uv": [
            1,
            13,
            2.5,
            13.5
          ],
          "texture": "#sword_7"
        },
        "up": {
          "uv": [
            4,
            12,
            3.5,
            10.5
          ],
          "rotation": 180,
          "texture": "#sword_7"
        },
        "down": {
          "uv": [
            13.5,
            1.5,
            13,
            3
          ],
          "rotation": 180,
          "texture": "#sword_7"
        }
      }
    },
    {
      "from": [
        8.67278,
        11.67538,
        7
      ],
      "to": [
        9.42278,
        12.42538,
        9
      ],
      "rotation": {
        "angle": 45,
        "axis": "z",
        "origin": [
          9,
          12.0026,
          8
        ]
      },
      "faces": {
        "north": {
          "uv": [
            6.5,
            14,
            7,
            14.5
          ],
          "texture": "#sword_7"
        },
        "east": {
          "uv": [
            13.5,
            7.5,
            14.5,
            8
          ],
          "texture": "#sword_7"
        },
        "south": {
          "uv": [
            11,
            3,
            11.5,
            3.5
          ],
          "texture": "#sword_7"
        },
        "west": {
          "uv": [
            13.5,
            7,
            14.5,
            7.5
          ],
          "texture": "#sword_7"
        },
        "up": {
          "uv": [
            8,
            14.5,
            7.5,
            13.5
          ],
          "rotation": 180,
          "texture": "#sword_7"
        },
        "down": {
          "uv": [
            14,
            8,
            13.5,
            9
          ],
          "rotation": 180,
          "texture": "#sword_7"
        }
      }
    },
    {
      "from": [
        5.92278,
        7.67538,
        6.75
      ],
      "to": [
        6.42278,
        8.17538,
        9.25
      ],
      "rotation": {
        "angle": 45,
        "axis": "z",
        "origin": [
          8,
          9.0026,
          8
        ]
      },
      "faces": {
        "north": {
          "uv": [
            12.5,
            14,
            13,
            14.5
          ],
          "texture": "#sword_7"
        },
        "east": {
          "uv": [
            3.5,
            13.5,
            5,
            14
          ],
          "texture": "#sword_7"
        },
        "south": {
          "uv": [
            12,
            14,
            12.5,
            14.5
          ],
          "texture": "#sword_7"
        },
        "west": {
          "uv": [
            13.5,
            3,
            15,
            3.5
          ],
          "texture": "#sword_7"
        },
        "up": {
          "uv": [
            14,
            5,
            13.5,
            3.5
          ],
          "rotation": 180,
          "texture": "#sword_7"
        },
        "down": {
          "uv": [
            5.5,
            13.5,
            5,
            15
          ],
          "rotation": 180,
          "texture": "#sword_7"
        }
      }
    },
    {
      "from": [
        5.67278,
        6.42538,
        6.75
      ],
      "to": [
        5.92278,
        6.67538,
        9.25
      ],
      "rotation": {
        "angle": 45,
        "axis": "z",
        "origin": [
          8,
          9.0026,
          8
        ]
      },
      "faces": {
        "north": {
          "uv": [
            13.5,
            14,
            14,
            14.5
          ],
          "texture": "#sword_7"
        },
        "east": {
          "uv": [
            5.5,
            13.5,
            7,
            14
          ],
          "texture": "#sword_7"
        },
        "south": {
          "uv": [
            13,
            14,
            13.5,
            14.5
          ],
          "texture": "#sword_7"
        },
        "west": {
          "uv": [
            13.5,
            5,
            15,
            5.5
          ],
          "texture": "#sword_7"
        },
        "up": {
          "uv": [
            14,
            7,
            13.5,
            5.5
          ],
          "rotation": 180,
          "texture": "#sword_7"
        },
        "down": {
          "uv": [
            7.5,
            13.5,
            7,
            15
          ],
          "rotation": 180,
          "texture": "#sword_7"
        }
      }
    },
    {
      "from": [
        7.92278,
        8.92538,
        6.75
      ],
      "to": [
        8.17278,
        9.17538,
        9.25
      ],
      "rotation": {
        "angle": 45,
        "axis": "z",
        "origin": [
          8,
          9.0026,
          8
        ]
      },
      "faces": {
        "north": {
          "uv": [
            8,
            10.5,
            8.5,
            11
          ],
          "texture": "#sword_7"
        },
        "east": {
          "uv": [
            13,
            1,
            14.5,
            1.5
          ],
          "texture": "#sword_7"
        },
        "south": {
          "uv": [
            8.5,
            9,
            9,
            9.5
          ],
          "texture": "#sword_7"
        },
        "west": {
          "uv": [
            1,
            13,
            2.5,
            13.5
          ],
          "texture": "#sword_7"
        },
        "up": {
          "uv": [
            4,
            12,
            3.5,
            10.5
          ],
          "rotation": 180,
          "texture": "#sword_7"
        },
        "down": {
          "uv": [
            13.5,
            1.5,
            13,
            3
          ],
          "rotation": 180,
          "texture": "#sword_7"
        }
      }
    },
    {
      "from": [
        2.92278,
        3.92538,
        6.25
      ],
      "to": [
        4.92278,
        5.92538,
        9.75
      ],
      "rotation": {
        "angle": 45,
        "axis": "z",
        "origin": [
          8,
          9.0026,
          8
        ]
      },
      "faces": {
        "north": {
          "uv": [
            10,
            12.5,
            11,
            13.5
          ],
          "texture": "#sword_7"
        },
        "east": {
          "uv": [
            10.5,
            7.5,
            12.5,
            8.5
          ],
          "texture": "#sword_7"
        },
        "south": {
          "uv": [
            12.5,
            9.5,
            13.5,
            10.5
          ],
          "texture": "#sword_7"
        },
        "west": {
          "uv": [
            10.5,
            6.5,
            12.5,
            7.5
          ],
          "texture": "#sword_7"
        },
        "up": {
          "uv": [
            8,
            12.5,
            7,
            10.5
          ],
          "rotation": 180,
          "texture": "#sword_7"
        },
        "down": {
          "uv": [
            1,
            11,
            0,
            13
          ],
          "rotation": 180,
          "texture": "#sword_7"
        }
      }
    },
    {
      "from": [
        6.5,
        -5.8,
        6.5
      ],
      "to": [
        9.5,
        -4.8,
        9.5
      ],
      "rotation": {
        "angle": 0,
        "axis": "y",
        "origin": [
          8,
          7.2026,
          8
        ]
      },
      "faces": {
        "north": {
          "uv": [
            13,
            11.5,
            14.5,
            12
          ],
          "texture": "#sword_7"
        },
        "east": {
          "uv": [
            13,
            12,
            14.5,
            12.5
          ],
          "texture": "#sword_7"
        },
        "south": {
          "uv": [
            5.5,
            13,
            7,
            13.5
          ],
          "texture": "#sword_7"
        },
        "west": {
          "uv": [
            13,
            11,
            14.5,
            11.5
          ],
          "texture": "#sword_7"
        },
        "up": {
          "uv": [
            11.5,
            11,
            10,
            9.5
          ],
          "rotation": 180,
          "texture": "#sword_7"
        },
        "down": {
          "uv": [
            3.5,
            10.5,
            2,
            12
          ],
          "rotation": 180,
          "texture": "#sword_7"
        }
      }
    },
    {
      "from": [
        -1.59067,
        -2.38807,
        6.25
      ],
      "to": [
        -0.09067,
        -0.88807,
        9.75
      ],
      "rotation": {
        "angle": 45,
        "axis": "z",
        "origin": [
          8,
          7.2026,
          8
        ]
      },
      "faces": {
        "north": {
          "uv": [
            12,
            12.5,
            13,
            13.5
          ],
          "texture": "#sword_7"
        },
        "east": {
          "uv": [
            11,
            0,
            13,
            1
          ],
          "texture": "#sword_7"
        },
        "south": {
          "uv": [
            11,
            12.5,
            12,
            13.5
          ],
          "texture": "#sword_7"
        },
        "west": {
          "uv": [
            10.5,
            8.5,
            12.5,
            9.5
          ],
          "texture": "#sword_7"
        },
        "up": {
          "uv": [
            2,
            13,
            1,
            11
          ],
          "rotation": 180,
          "texture": "#sword_7"
        },
        "down": {
          "uv": [
            12,
            1,
            11,
            3
          ],
          "rotation": 180,
          "texture": "#sword_7"
        }
      }
    },
    {
      "from": [
        6.25,
        -2.38807,
        -1.59067
      ],
      "to": [
        9.75,
        -0.88807,
        -0.09067
      ],
      "rotation": {
        "angle": -45,
        "axis": "x",
        "origin": [
          8,
          7.2026,
          8
        ]
      },
      "faces": {
        "north": {
          "uv": [
            10,
            11,
            12,
            12
          ],
          "texture": "#sword_7"
        },
        "east": {
          "uv": [
            13,
            0,
            14,
            1
          ],
          "texture": "#sword_7"
        },
        "south": {
          "uv": [
            8,
            11,
            10,
            12
          ],
          "texture": "#sword_7"
        },
        "west": {
          "uv": [
            0,
            13,
            1,
            14
          ],
          "texture": "#sword_7"
        },
        "up": {
          "uv": [
            13.5,
            4,
            11.5,
            3
          ],
          "rotation": 180,
          "texture": "#sword_7"
        },
        "down": {
          "uv": [
            13.5,
            4,
            11.5,
            5
          ],
          "rotation": 180,
          "texture": "#sword_7"
        }
      }
    },
    {
      "from": [
        -2.04778,
        -2.84518,
        6.75
      ],
      "to": [
        -0.79778,
        -1.59518,
        9.25
      ],
      "rotation": {
        "angle": 45,
        "axis": "z",
        "origin": [
          8,
          7.2026,
          8
        ]
      },
      "faces": {
        "north": {
          "uv": [
            9.5,
            14,
            10,
            14.5
          ],
          "texture": "#sword_7"
        },
        "east": {
          "uv": [
            13,
            13,
            14.5,
            13.5
          ],
          "texture": "#sword_7"
        },
        "south": {
          "uv": [
            9,
            14,
            9.5,
            14.5
          ],
          "texture": "#sword_7"
        },
        "west": {
          "uv": [
            13,
            12.5,
            14.5,
            13
          ],
          "texture": "#sword_7"
        },
        "up": {
          "uv": [
            1.5,
            15,
            1,
            13.5
          ],
          "rotation": 180,
          "texture": "#sword_7"
        },
        "down": {
          "uv": [
            2,
            13.5,
            1.5,
            15
          ],
          "rotation": 180,
          "texture": "#sword_7"
        }
      }
    },
    {
      "from": [
        6.75,
        -2.84518,
        -2.04778
      ],
      "to": [
        9.25,
        -1.59518,
        -0.79778
      ],
      "rotation": {
        "angle": -45,
        "axis": "x",
        "origin": [
          8,
          7.2026,
          8
        ]
      },
      "faces": {
        "north": {
          "uv": [
            2,
            13.5,
            3.5,
            14
          ],
          "texture": "#sword_7"
        },
        "east": {
          "uv": [
            10.5,
            14,
            11,
            14.5
          ],
          "texture": "#sword_7"
        },
        "south": {
          "uv": [
            13.5,
            1.5,
            15,
            2
          ],
          "texture": "#sword_7"
        },
        "west": {
          "uv": [
            10,
            14,
            10.5,
            14.5
          ],
          "texture": "#sword_7"
        },
        "up": {
          "uv": [
            15,
            2.5,
            13.5,
            2
          ],
          "rotation": 180,
          "texture": "#sword_7"
        },
        "down": {
          "uv": [
            15,
            2.5,
            13.5,
            3
          ],
          "rotation": 180,
          "texture": "#sword_7"
        }
      }
    },
    {
      "from": [
        10.70109,
        3.84947,
        7.35
      ],
      "to": [
        13.62609,
        5.44947,
        8.65
      ],
      "rotation": {
        "angle": 45,
        "axis": "z",
        "origin": [
          12.06848,
          4.35984,
          8
        ]
      },
      "faces": {
        "north": {
          "uv": [
            12,
            13.5,
            11,
            14
          ],
          "texture": "#sword_7"
        },
        "east": {
          "uv": [
            14.5,
            10.5,
            13.5,
            11
          ],
          "texture": "#sword_7"
        },
        "south": {
          "uv": [
            14.5,
            10,
            13.5,
            10.5
          ],
          "texture": "#sword_7"
        },
        "west": {
          "uv": [
            13,
            13.5,
            12,
            14
          ],
          "texture": "#sword_7"
        },
        "up": {
          "uv": [
            2,
            13,
            3,
            12
          ],
          "rotation": 180,
          "texture": "#sword_7"
        },
        "down": {
          "uv": [
            12,
            2,
            13,
            3
          ],
          "rotation": 180,
          "texture": "#sword_7"
        }
      }
    },
    {
      "from": [
        11.00109,
        3.37021,
        7.5
      ],
      "to": [
        13.62609,
        4.59521,
        8.5
      ],
      "rotation": {
        "angle": 22.5,
        "axis": "z",
        "origin": [
          12.06848,
          4.35984,
          8
        ]
      },
      "faces": {
        "north": {
          "uv": [
            6.5,
            14,
            5.5,
            14.5
          ],
          "texture": "#sword_7"
        },
        "east": {
          "uv": [
            0.5,
            14.5,
            0,
            15
          ],
          "texture": "#sword_7"
        },
        "south": {
          "uv": [
            15,
            4.5,
            14,
            5
          ],
          "texture": "#sword_7"
        },
        "west": {
          "uv": [
            15,
            0,
            14.5,
            0.5
          ],
          "texture": "#sword_7"
        },
        "up": {
          "uv": [
            14,
            6,
            15,
            5.5
          ],
          "rotation": 180,
          "texture": "#sword_7"
        },
        "down": {
          "uv": [
            14,
            6,
            15,
            6.5
          ],
          "rotation": 180,
          "texture": "#sword_7"
        }
      }
    },
    {
      "from": [
        16.09067,
        -2.38807,
        6.25
      ],
      "to": [
        17.59067,
        -0.88807,
        9.75
      ],
      "rotation": {
        "angle": -45,
        "axis": "z",
        "origin": [
          8,
          7.2026,
          8
        ]
      },
      "faces": {
        "north": {
          "uv": [
            13,
            12.5,
            12,
            13.5
          ],
          "texture": "#sword_7"
        },
        "east": {
          "uv": [
            12.5,
            8.5,
            10.5,
            9.5
          ],
          "texture": "#sword_7"
        },
        "south": {
          "uv": [
            12,
            12.5,
            11,
            13.5
          ],
          "texture": "#sword_7"
        },
        "west": {
          "uv": [
            13,
            0,
            11,
            1
          ],
          "texture": "#sword_7"
        },
        "up": {
          "uv": [
            1,
            13,
            2,
            11
          ],
          "rotation": 180,
          "texture": "#sword_7"
        },
        "down": {
          "uv": [
            11,
            1,
            12,
            3
          ],
          "rotation": 180,
          "texture": "#sword_7"
        }
      }
    },
    {
      "from": [
        16.79778,
        -2.84518,
        6.75
      ],
      "to": [
        18.04778,
        -1.59518,
        9.25
      ],
      "rotation": {
        "angle": -45,
        "axis": "z",
        "origin": [
          8,
          7.2026,
          8
        ]
      },
      "faces": {
        "north": {
          "uv": [
            10,
            14,
            9.5,
            14.5
          ],
          "texture": "#sword_7"
        },
        "east": {
          "uv": [
            14.5,
            12.5,
            13,
            13
          ],
          "texture": "#sword_7"
        },
        "south": {
          "uv": [
            9.5,
            14,
            9,
            14.5
          ],
          "texture": "#sword_7"
        },
        "west": {
          "uv": [
            14.5,
            13,
            13,
            13.5
          ],
          "texture": "#sword_7"
        },
        "up": {
          "uv": [
            1,
            15,
            1.5,
            13.5
          ],
          "rotation": 180,
          "texture": "#sword_7"
        },
        "down": {
          "uv": [
            1.5,
            13.5,
            2,
            15
          ],
          "rotation": 180,
          "texture": "#sword_7"
        }
      }
    }
  ],
  "gui_light": "front",
  "display": {
    "thirdperson_righthand": {
      "rotation": [
        -112.5,
        -84,
        -92.5
      ],
      "translation": [
        0.25,
        5,
        -0.75
      ],
      "scale": [
        0.9,
        0.9,
        0.9
      ]
    },
    "thirdperson_lefthand": {
      "rotation": [
        -112.5,
        -84,
        -92.5
      ],
      "translation": [
        0.25,
        5,
        -0.75
      ],
      "scale": [
        0.9,
        0.9,
        0.9
      ]
    },
    "firstperson_righthand": {
      "rotation": [
        4,
        -90,
        0
      ],
      "translation": [
        3,
        2.25,
        0.5
      ],
      "scale": [
        0.65,
        0.9,
        0.9
      ]
    },
    "firstperson_lefthand": {
      "rotation": [
        4,
        -90,
        0
      ],
      "translation": [
        3,
        2.25,
        0.5
      ],
      "scale": [
        0.65,
        0.9,
        0.9
      ]
    },
    "ground": {
      "rotation": [
        0,
        0,
        -45
      ],
      "translation": [
        0,
        3,
        0
      ],
      "scale": [
        0.6,
        0.6,
        0.6
      ]
    },
    "gui": {
      "rotation": [
        0,
        0,
        -45
      ],
      "translation": [
        -1.75,
        -1.65,
        0
      ],
      "scale": [
        0.6,
        0.52,
        0.5
      ]
    },
    "head": {
      "rotation": [
        0,
        0,
        140
      ],
      "translation": [
        4,
        -7.75,
        4.25
      ]
    },
    "fixed": {
      "rotation": [
        0,
        -180,
        -45
      ],
      "translation": [
        1.75,
        -1.5,
        0.75
      ],
      "scale": [
        0.7,
        0.7,
        0.7
      ]
    }
  },
  "groups": [
    {
      "name": "group",
      "origin": [
        8,
        1.2026,
        8
      ],
      "color": 0,
      "children": [
        0,
        1,
        2,
        3,
        4,
        5,
        6,
        7,
        8,
        9,
        10,
        11,
        12,
        13,
        14,
        15,
        16,
        17,
        18,
        19,
        20,
        21,
        22,
        23,
        24,
        25,
        26,
        27,
        28,
        29,
        30
      ]
    }
  ]
}