{
  "credit": "Made By AtPoe",
  "texture_size": [
    64,
    64
  ],
  "elements": [
    {
      "from": [
        7.14375,
        1.98661,
        10.33934
      ],
      "to": [
        8.84375,
        20.98661,
        12.03934
      ],
      "rotation": {
        "angle": 0,
        "axis": "y",
        "origin": [
          8,
          8,
          8
        ]
      },
      "faces": {
        "north": {
          "uv": [
            0.5,
            0,
            1,
            6.25
          ],
          "texture": "#axe_7"
        },
        "east": {
          "uv": [
            1,
            0,
            1.5,
            6.25
          ],
          "texture": "#axe_7"
        },
        "south": {
          "uv": [
            1.5,
            0,
            2,
            6.25
          ],
          "texture": "#axe_7"
        },
        "west": {
          "uv": [
            0,
            0,
            0.5,
            6.25
          ],
          "texture": "#axe_7"
        },
        "up": {
          "uv": [
            7,
            3.5,
            6.5,
            3
          ],
          "rotation": 270,
          "texture": "#axe_7"
        },
        "down": {
          "uv": [
            3.75,
            6.5,
            3.25,
            7
          ],
          "rotation": 90,
          "texture": "#axe_7"
        }
      }
    },
    {
      "from": [
        7.24375,
        14.23661,
        2.93934
      ],
      "to": [
        8.74375,
        17.23661,
        4.43934
      ],
      "rotation": {
        "angle": 0,
        "axis": "y",
        "origin": [
          8,
          8,
          8
        ]
      },
      "faces": {
        "north": {
          "uv": [
            2.5,
            5,
            3,
            5.75
          ],
          "texture": "#axe_7"
        },
        "east": {
          "uv": [
            3,
            5,
            3.5,
            5.75
          ],
          "texture": "#axe_7"
        },
        "south": {
          "uv": [
            3.5,
            5,
            4,
            5.75
          ],
          "texture": "#axe_7"
        },
        "west": {
          "uv": [
            2,
            5,
            2.5,
            5.75
          ],
          "texture": "#axe_7"
        },
        "up": {
          "uv": [
            7,
            4,
            6.5,
            3.5
          ],
          "rotation": 270,
          "texture": "#axe_7"
        },
        "down": {
          "uv": [
            4.25,
            6.5,
            3.75,
            7
          ],
          "rotation": 90,
          "texture": "#axe_7"
        }
      }
    },
    {
      "from": [
        7.25625,
        13.72581,
        17.46541
      ],
      "to": [
        8.75625,
        16.22581,
        19.96541
      ],
      "rotation": {
        "angle": -45,
        "axis": "x",
        "origin": [
          8,
          8,
          14
        ]
      },
      "faces": {
        "north": {
          "uv": [
            6,
            5.5,
            6.5,
            6.25
          ],
          "texture": "#axe_7"
        },
        "east": {
          "uv": [
            2,
            3.25,
            2.75,
            4
          ],
          "texture": "#axe_7"
        },
        "south": {
          "uv": [
            5.25,
            6,
            5.75,
            6.75
          ],
          "texture": "#axe_7"
        },
        "west": {
          "uv": [
            2.75,
            3.25,
            3.5,
            4
          ],
          "texture": "#axe_7"
        },
        "up": {
          "uv": [
            0.75,
            6.75,
            0,
            6.25
          ],
          "rotation": 90,
          "texture": "#axe_7"
        },
        "down": {
          "uv": [
            7,
            0,
            6.25,
            0.5
          ],
          "rotation": 270,
          "texture": "#axe_7"
        }
      }
    },
    {
      "from": [
        7.75625,
        14.2142,
        21.63402
      ],
      "to": [
        8.25625,
        17.2142,
        23.13402
      ],
      "rotation": {
        "angle": -22.5,
        "axis": "x",
        "origin": [
          8,
          8,
          14
        ]
      },
      "faces": {
        "north": {
          "uv": [
            3,
            7.5,
            3.25,
            8.25
          ],
          "texture": "#axe_7"
        },
        "east": {
          "uv": [
            2,
            7.5,
            2.25,
            8.25
          ],
          "texture": "#axe_7"
        },
        "south": {
          "uv": [
            2.25,
            7.5,
            2.5,
            8.25
          ],
          "texture": "#axe_7"
        },
        "west": {
          "uv": [
            2.5,
            7.5,
            2.75,
            8.25
          ],
          "texture": "#axe_7"
        },
        "up": {
          "uv": [
            4,
            8.25,
            3.75,
            8
          ],
          "rotation": 90,
          "texture": "#axe_7"
        },
        "down": {
          "uv": [
            4.25,
            8,
            4,
            8.25
          ],
          "rotation": 270,
          "texture": "#axe_7"
        }
      }
    },
    {
      "from": [
        7.25625,
        14.59688,
        20.71014
      ],
      "to": [
        8.75625,
        17.59688,
        22.21014
      ],
      "rotation": {
        "angle": -22.5,
        "axis": "x",
        "origin": [
          8,
          8,
          14
        ]
      },
      "faces": {
        "north": {
          "uv": [
            4,
            5.75,
            4.5,
            6.5
          ],
          "texture": "#axe_7"
        },
        "east": {
          "uv": [
            2.5,
            5.75,
            3,
            6.5
          ],
          "texture": "#axe_7"
        },
        "south": {
          "uv": [
            3,
            5.75,
            3.5,
            6.5
          ],
          "texture": "#axe_7"
        },
        "west": {
          "uv": [
            3.5,
            5.75,
            4,
            6.5
          ],
          "texture": "#axe_7"
        },
        "up": {
          "uv": [
            3,
            7.25,
            2.5,
            6.75
          ],
          "rotation": 90,
          "texture": "#axe_7"
        },
        "down": {
          "uv": [
            4.75,
            6.75,
            4.25,
            7.25
          ],
          "rotation": 270,
          "texture": "#axe_7"
        }
      }
    },
    {
      "from": [
        7.75625,
        13.08119,
        15.71268
      ],
      "to": [
        8.25625,
        16.08119,
        17.21268
      ],
      "rotation": {
        "angle": 22.5,
        "axis": "x",
        "origin": [
          8,
          8,
          14
        ]
      },
      "faces": {
        "north": {
          "uv": [
            1.75,
            7.5,
            2,
            8.25
          ],
          "texture": "#axe_7"
        },
        "east": {
          "uv": [
            2.75,
            7.25,
            3,
            8
          ],
          "texture": "#axe_7"
        },
        "south": {
          "uv": [
            7.5,
            0,
            7.75,
            0.75
          ],
          "texture": "#axe_7"
        },
        "west": {
          "uv": [
            1.5,
            7.5,
            1.75,
            8.25
          ],
          "texture": "#axe_7"
        },
        "up": {
          "uv": [
            3.5,
            8.25,
            3.25,
            8
          ],
          "rotation": 90,
          "texture": "#axe_7"
        },
        "down": {
          "uv": [
            3.75,
            8,
            3.5,
            8.25
          ],
          "rotation": 270,
          "texture": "#axe_7"
        }
      }
    },
    {
      "from": [
        7.25625,
        12.69851,
        14.7888
      ],
      "to": [
        8.75625,
        15.69851,
        16.2888
      ],
      "rotation": {
        "angle": 22.5,
        "axis": "x",
        "origin": [
          8,
          8,
          14
        ]
      },
      "faces": {
        "north": {
          "uv": [
            5.75,
            2.25,
            6.25,
            3
          ],
          "texture": "#axe_7"
        },
        "east": {
          "uv": [
            5.75,
            0.75,
            6.25,
            1.5
          ],
          "texture": "#axe_7"
        },
        "south": {
          "uv": [
            5.75,
            1.5,
            6.25,
            2.25
          ],
          "texture": "#axe_7"
        },
        "west": {
          "uv": [
            2,
            5.75,
            2.5,
            6.5
          ],
          "texture": "#axe_7"
        },
        "up": {
          "uv": [
            7.25,
            1.5,
            6.75,
            1
          ],
          "rotation": 90,
          "texture": "#axe_7"
        },
        "down": {
          "uv": [
            2.5,
            6.75,
            2,
            7.25
          ],
          "rotation": 270,
          "texture": "#axe_7"
        }
      }
    },
    {
      "from": [
        7.78125,
        13.01737,
        24.46485
      ],
      "to": [
        8.23125,
        16.51737,
        25.96485
      ],
      "rotation": {
        "angle": -45,
        "axis": "x",
        "origin": [
          8,
          8,
          14
        ]
      },
      "faces": {
        "north": {
          "uv": [
            1.25,
            6.75,
            1.5,
            7.75
          ],
          "texture": "#axe_7"
        },
        "east": {
          "uv": [
            0.5,
            6.75,
            0.75,
            7.75
          ],
          "texture": "#axe_7"
        },
        "south": {
          "uv": [
            0.75,
            6.75,
            1,
            7.75
          ],
          "texture": "#axe_7"
        },
        "west": {
          "uv": [
            1,
            6.75,
            1.25,
            7.75
          ],
          "texture": "#axe_7"
        },
        "up": {
          "uv": [
            8.25,
            1.5,
            8,
            1.25
          ],
          "rotation": 90,
          "texture": "#axe_7"
        },
        "down": {
          "uv": [
            3,
            8,
            2.75,
            8.25
          ],
          "rotation": 270,
          "texture": "#axe_7"
        }
      }
    },
    {
      "from": [
        7.25625,
        13.72448,
        23.75775
      ],
      "to": [
        8.75625,
        16.72448,
        25.25775
      ],
      "rotation": {
        "angle": -45,
        "axis": "x",
        "origin": [
          8,
          8,
          14
        ]
      },
      "faces": {
        "north": {
          "uv": [
            5.75,
            0,
            6.25,
            0.75
          ],
          "texture": "#axe_7"
        },
        "east": {
          "uv": [
            5.5,
            3,
            6,
            3.75
          ],
          "texture": "#axe_7"
        },
        "south": {
          "uv": [
            5.5,
            3.75,
            6,
            4.5
          ],
          "texture": "#axe_7"
        },
        "west": {
          "uv": [
            5.5,
            5.25,
            6,
            6
          ],
          "texture": "#axe_7"
        },
        "up": {
          "uv": [
            7,
            7,
            6.5,
            6.5
          ],
          "rotation": 90,
          "texture": "#axe_7"
        },
        "down": {
          "uv": [
            0.5,
            6.75,
            0,
            7.25
          ],
          "rotation": 270,
          "texture": "#axe_7"
        }
      }
    },
    {
      "from": [
        7.78125,
        10.92385,
        13.52363
      ],
      "to": [
        8.23125,
        13.92385,
        15.02363
      ],
      "rotation": {
        "angle": 45,
        "axis": "x",
        "origin": [
          8,
          8,
          14
        ]
      },
      "faces": {
        "north": {
          "uv": [
            0.25,
            7.25,
            0.5,
            8
          ],
          "texture": "#axe_7"
        },
        "east": {
          "uv": [
            4.5,
            5.25,
            5,
            6
          ],
          "texture": "#axe_7"
        },
        "south": {
          "uv": [
            0,
            7.25,
            0.25,
            8
          ],
          "texture": "#axe_7"
        },
        "west": {
          "uv": [
            5,
            5.25,
            5.5,
            6
          ],
          "texture": "#axe_7"
        },
        "up": {
          "uv": [
            5.5,
            8,
            5,
            7.75
          ],
          "rotation": 90,
          "texture": "#axe_7"
        },
        "down": {
          "uv": [
            6,
            7.75,
            5.5,
            8
          ],
          "rotation": 270,
          "texture": "#axe_7"
        }
      }
    },
    {
      "from": [
        7.25625,
        10.21674,
        12.81652
      ],
      "to": [
        8.75625,
        13.21674,
        14.31652
      ],
      "rotation": {
        "angle": 45,
        "axis": "x",
        "origin": [
          8,
          8,
          14
        ]
      },
      "faces": {
        "north": {
          "uv": [
            5.25,
            2.25,
            5.75,
            3
          ],
          "texture": "#axe_7"
        },
        "east": {
          "uv": [
            5.25,
            0,
            5.75,
            0.75
          ],
          "texture": "#axe_7"
        },
        "south": {
          "uv": [
            5.25,
            0.75,
            5.75,
            1.5
          ],
          "texture": "#axe_7"
        },
        "west": {
          "uv": [
            5.25,
            1.5,
            5.75,
            2.25
          ],
          "texture": "#axe_7"
        },
        "up": {
          "uv": [
            7,
            6,
            6.5,
            5.5
          ],
          "rotation": 90,
          "texture": "#axe_7"
        },
        "down": {
          "uv": [
            6.5,
            6.5,
            6,
            7
          ],
          "rotation": 270,
          "texture": "#axe_7"
        }
      }
    },
    {
      "from": [
        7.50625,
        11.86121,
        9.27625
      ],
      "to": [
        8.50625,
        12.86121,
        12.27625
      ],
      "rotation": {
        "angle": 22.5,
        "axis": "x",
        "origin": [
          8,
          8,
          14
        ]
      },
      "faces": {
        "north": {
          "uv": [
            1.25,
            8,
            1.5,
            8.25
          ],
          "texture": "#axe_7"
        },
        "east": {
          "uv": [
            7.25,
            6,
            8,
            6.25
          ],
          "texture": "#axe_7"
        },
        "south": {
          "uv": [
            8,
            1,
            8.25,
            1.25
          ],
          "texture": "#axe_7"
        },
        "west": {
          "uv": [
            7.25,
            6.25,
            8,
            6.5
          ],
          "texture": "#axe_7"
        },
        "up": {
          "uv": [
            7.25,
            7.5,
            6.5,
            7.25
          ],
          "rotation": 90,
          "texture": "#axe_7"
        },
        "down": {
          "uv": [
            8,
            7.25,
            7.25,
            7.5
          ],
          "rotation": 270,
          "texture": "#axe_7"
        }
      }
    },
    {
      "from": [
        7.50625,
        10.83152,
        10.54716
      ],
      "to": [
        8.50625,
        11.83152,
        13.54716
      ],
      "rotation": {
        "angle": 45,
        "axis": "x",
        "origin": [
          8,
          8,
          14
        ]
      },
      "faces": {
        "north": {
          "uv": [
            1,
            8,
            1.25,
            8.25
          ],
          "texture": "#axe_7"
        },
        "east": {
          "uv": [
            7.25,
            5.25,
            8,
            5.5
          ],
          "texture": "#axe_7"
        },
        "south": {
          "uv": [
            0.25,
            8,
            0.5,
            8.25
          ],
          "texture": "#axe_7"
        },
        "west": {
          "uv": [
            7.25,
            5.5,
            8,
            5.75
          ],
          "texture": "#axe_7"
        },
        "up": {
          "uv": [
            6.5,
            7.5,
            5.75,
            7.25
          ],
          "rotation": 90,
          "texture": "#axe_7"
        },
        "down": {
          "uv": [
            8,
            5.75,
            7.25,
            6
          ],
          "rotation": 270,
          "texture": "#axe_7"
        }
      }
    },
    {
      "from": [
        7.50625,
        14.84193,
        21.63482
      ],
      "to": [
        8.50625,
        15.84193,
        24.63482
      ],
      "rotation": {
        "angle": -45,
        "axis": "x",
        "origin": [
          8,
          8,
          14
        ]
      },
      "faces": {
        "north": {
          "uv": [
            0,
            8,
            0.25,
            8.25
          ],
          "texture": "#axe_7"
        },
        "east": {
          "uv": [
            2,
            7.25,
            2.75,
            7.5
          ],
          "texture": "#axe_7"
        },
        "south": {
          "uv": [
            7.75,
            7.75,
            8,
            8
          ],
          "texture": "#axe_7"
        },
        "west": {
          "uv": [
            4.25,
            7.25,
            5,
            7.5
          ],
          "texture": "#axe_7"
        },
        "up": {
          "uv": [
            5.75,
            7.5,
            5,
            7.25
          ],
          "rotation": 90,
          "texture": "#axe_7"
        },
        "down": {
          "uv": [
            8,
            5,
            7.25,
            5.25
          ],
          "rotation": 270,
          "texture": "#axe_7"
        }
      }
    },
    {
      "from": [
        7.50625,
        18.23661,
        11.56066
      ],
      "to": [
        8.50625,
        19.23661,
        14.56066
      ],
      "rotation": {
        "angle": 0,
        "axis": "y",
        "origin": [
          8,
          8,
          14
        ]
      },
      "faces": {
        "north": {
          "uv": [
            7.5,
            7.75,
            7.75,
            8
          ],
          "texture": "#axe_7"
        },
        "east": {
          "uv": [
            6.75,
            7,
            7.5,
            7.25
          ],
          "texture": "#axe_7"
        },
        "south": {
          "uv": [
            7.25,
            7.75,
            7.5,
            8
          ],
          "texture": "#axe_7"
        },
        "west": {
          "uv": [
            7,
            6.75,
            7.75,
            7
          ],
          "texture": "#axe_7"
        },
        "up": {
          "uv": [
            8,
            1.25,
            7.25,
            1
          ],
          "rotation": 90,
          "texture": "#axe_7"
        },
        "down": {
          "uv": [
            8,
            1.25,
            7.25,
            1.5
          ],
          "rotation": 270,
          "texture": "#axe_7"
        }
      }
    },
    {
      "from": [
        7.50625,
        19.23661,
        15.31066
      ],
      "to": [
        8.50625,
        20.23661,
        17.31066
      ],
      "rotation": {
        "angle": 0,
        "axis": "y",
        "origin": [
          8,
          8,
          14
        ]
      },
      "faces": {
        "north": {
          "uv": [
            7,
            7.75,
            7.25,
            8
          ],
          "texture": "#axe_7"
        },
        "east": {
          "uv": [
            7.75,
            3.75,
            8.25,
            4
          ],
          "texture": "#axe_7"
        },
        "south": {
          "uv": [
            7.75,
            6.75,
            8,
            7
          ],
          "texture": "#axe_7"
        },
        "west": {
          "uv": [
            7.75,
            4,
            8.25,
            4.25
          ],
          "texture": "#axe_7"
        },
        "up": {
          "uv": [
            8.25,
            4.5,
            7.75,
            4.25
          ],
          "rotation": 90,
          "texture": "#axe_7"
        },
        "down": {
          "uv": [
            5,
            7.75,
            4.5,
            8
          ],
          "rotation": 270,
          "texture": "#axe_7"
        }
      }
    },
    {
      "from": [
        7.53125,
        18.23661,
        14.56066
      ],
      "to": [
        8.48125,
        19.23661,
        17.56066
      ],
      "rotation": {
        "angle": 0,
        "axis": "y",
        "origin": [
          8,
          8,
          14
        ]
      },
      "faces": {
        "north": {
          "uv": [
            6.75,
            7.75,
            7,
            8
          ],
          "texture": "#axe_7"
        },
        "east": {
          "uv": [
            6.75,
            1.5,
            7.5,
            1.75
          ],
          "texture": "#axe_7"
        },
        "south": {
          "uv": [
            7.75,
            6.5,
            8,
            6.75
          ],
          "texture": "#axe_7"
        },
        "west": {
          "uv": [
            6.75,
            4.5,
            7.5,
            4.75
          ],
          "texture": "#axe_7"
        },
        "up": {
          "uv": [
            6.75,
            7.25,
            6,
            7
          ],
          "rotation": 90,
          "texture": "#axe_7"
        },
        "down": {
          "uv": [
            7.75,
            6.5,
            7,
            6.75
          ],
          "rotation": 270,
          "texture": "#axe_7"
        }
      }
    },
    {
      "from": [
        7.50625,
        11.23661,
        14.81066
      ],
      "to": [
        8.50625,
        12.23661,
        16.81066
      ],
      "rotation": {
        "angle": 0,
        "axis": "y",
        "origin": [
          8,
          8,
          14
        ]
      },
      "faces": {
        "north": {
          "uv": [
            6.5,
            7.75,
            6.75,
            8
          ],
          "texture": "#axe_7"
        },
        "east": {
          "uv": [
            7.75,
            2.5,
            8.25,
            2.75
          ],
          "texture": "#axe_7"
        },
        "south": {
          "uv": [
            6.25,
            7.75,
            6.5,
            8
          ],
          "texture": "#axe_7"
        },
        "west": {
          "uv": [
            7.75,
            2.75,
            8.25,
            3
          ],
          "texture": "#axe_7"
        },
        "up": {
          "uv": [
            3.75,
            8,
            3.25,
            7.75
          ],
          "rotation": 90,
          "texture": "#axe_7"
        },
        "down": {
          "uv": [
            4.25,
            7.75,
            3.75,
            8
          ],
          "rotation": 270,
          "texture": "#axe_7"
        }
      }
    },
    {
      "from": [
        7.53125,
        12.23661,
        13.81066
      ],
      "to": [
        8.48125,
        13.23661,
        17.81066
      ],
      "rotation": {
        "angle": 0,
        "axis": "y",
        "origin": [
          8,
          8,
          14
        ]
      },
      "faces": {
        "north": {
          "uv": [
            6,
            7.75,
            6.25,
            8
          ],
          "texture": "#axe_7"
        },
        "east": {
          "uv": [
            6.5,
            4,
            7.5,
            4.25
          ],
          "texture": "#axe_7"
        },
        "south": {
          "uv": [
            3,
            6.75,
            3.25,
            7
          ],
          "texture": "#axe_7"
        },
        "west": {
          "uv": [
            4.25,
            6.5,
            5.25,
            6.75
          ],
          "texture": "#axe_7"
        },
        "up": {
          "uv": [
            7.5,
            4.5,
            6.5,
            4.25
          ],
          "rotation": 90,
          "texture": "#axe_7"
        },
        "down": {
          "uv": [
            7.5,
            4.75,
            6.5,
            5
          ],
          "rotation": 270,
          "texture": "#axe_7"
        }
      }
    },
    {
      "from": [
        7.53125,
        13.23661,
        11.56066
      ],
      "to": [
        8.48125,
        18.23661,
        17.56066
      ],
      "rotation": {
        "angle": 0,
        "axis": "y",
        "origin": [
          8,
          8,
          14
        ]
      },
      "faces": {
        "north": {
          "uv": [
            6.25,
            1.75,
            6.5,
            3
          ],
          "texture": "#axe_7"
        },
        "east": {
          "uv": [
            2,
            0,
            3.5,
            1.25
          ],
          "texture": "#axe_7"
        },
        "south": {
          "uv": [
            5.75,
            6,
            6,
            7.25
          ],
          "texture": "#axe_7"
        },
        "west": {
          "uv": [
            2,
            1.25,
            3.5,
            2.5
          ],
          "texture": "#axe_7"
        },
        "up": {
          "uv": [
            6,
            5.25,
            4.5,
            5
          ],
          "rotation": 90,
          "texture": "#axe_7"
        },
        "down": {
          "uv": [
            6.5,
            4.75,
            5,
            5
          ],
          "rotation": 270,
          "texture": "#axe_7"
        }
      }
    },
    {
      "from": [
        7.75625,
        14.23661,
        18.56066
      ],
      "to": [
        8.25625,
        17.23661,
        20.06066
      ],
      "rotation": {
        "angle": 0,
        "axis": "y",
        "origin": [
          8,
          8,
          14
        ]
      },
      "faces": {
        "north": {
          "uv": [
            7,
            5.5,
            7.25,
            6.25
          ],
          "texture": "#axe_7"
        },
        "east": {
          "uv": [
            4,
            5,
            4.5,
            5.75
          ],
          "texture": "#axe_7"
        },
        "south": {
          "uv": [
            4,
            7,
            4.25,
            7.75
          ],
          "texture": "#axe_7"
        },
        "west": {
          "uv": [
            5,
            4,
            5.5,
            4.75
          ],
          "texture": "#axe_7"
        },
        "up": {
          "uv": [
            7,
            6.25,
            6.5,
            6
          ],
          "rotation": 90,
          "texture": "#axe_7"
        },
        "down": {
          "uv": [
            1.5,
            7.75,
            1,
            8
          ],
          "rotation": 270,
          "texture": "#axe_7"
        }
      }
    },
    {
      "from": [
        7.25625,
        14.23661,
        17.56066
      ],
      "to": [
        8.75625,
        17.23661,
        19.06066
      ],
      "rotation": {
        "angle": 0,
        "axis": "y",
        "origin": [
          8,
          8,
          14
        ]
      },
      "faces": {
        "north": {
          "uv": [
            3.5,
            5,
            4,
            5.75
          ],
          "texture": "#axe_7"
        },
        "east": {
          "uv": [
            2,
            5,
            2.5,
            5.75
          ],
          "texture": "#axe_7"
        },
        "south": {
          "uv": [
            2.5,
            5,
            3,
            5.75
          ],
          "texture": "#axe_7"
        },
        "west": {
          "uv": [
            3,
            5,
            3.5,
            5.75
          ],
          "texture": "#axe_7"
        },
        "up": {
          "uv": [
            7,
            4,
            6.5,
            3.5
          ],
          "rotation": 90,
          "texture": "#axe_7"
        },
        "down": {
          "uv": [
            4.25,
            6.5,
            3.75,
            7
          ],
          "rotation": 270,
          "texture": "#axe_7"
        }
      }
    },
    {
      "from": [
        7.74375,
        14.23661,
        1.93934
      ],
      "to": [
        8.24375,
        17.23661,
        3.43934
      ],
      "rotation": {
        "angle": 0,
        "axis": "y",
        "origin": [
          8,
          8,
          8
        ]
      },
      "faces": {
        "north": {
          "uv": [
            4,
            7,
            4.25,
            7.75
          ],
          "texture": "#axe_7"
        },
        "east": {
          "uv": [
            5,
            4,
            5.5,
            4.75
          ],
          "texture": "#axe_7"
        },
        "south": {
          "uv": [
            7,
            5.5,
            7.25,
            6.25
          ],
          "texture": "#axe_7"
        },
        "west": {
          "uv": [
            4,
            5,
            4.5,
            5.75
          ],
          "texture": "#axe_7"
        },
        "up": {
          "uv": [
            7,
            6.25,
            6.5,
            6
          ],
          "rotation": 270,
          "texture": "#axe_7"
        },
        "down": {
          "uv": [
            1.5,
            7.75,
            1,
            8
          ],
          "rotation": 90,
          "texture": "#axe_7"
        }
      }
    },
    {
      "from": [
        7.51875,
        13.23661,
        4.43934
      ],
      "to": [
        8.46875,
        18.23661,
        10.43934
      ],
      "rotation": {
        "angle": 0,
        "axis": "y",
        "origin": [
          8,
          8,
          8
        ]
      },
      "faces": {
        "north": {
          "uv": [
            5.75,
            6,
            6,
            7.25
          ],
          "texture": "#axe_7"
        },
        "east": {
          "uv": [
            2,
            1.25,
            3.5,
            2.5
          ],
          "texture": "#axe_7"
        },
        "south": {
          "uv": [
            6.25,
            1.75,
            6.5,
            3
          ],
          "texture": "#axe_7"
        },
        "west": {
          "uv": [
            2,
            0,
            3.5,
            1.25
          ],
          "texture": "#axe_7"
        },
        "up": {
          "uv": [
            6,
            5.25,
            4.5,
            5
          ],
          "rotation": 270,
          "texture": "#axe_7"
        },
        "down": {
          "uv": [
            6.5,
            4.75,
            5,
            5
          ],
          "rotation": 90,
          "texture": "#axe_7"
        }
      }
    },
    {
      "from": [
        7.51875,
        12.23661,
        4.18934
      ],
      "to": [
        8.46875,
        13.23661,
        8.18934
      ],
      "rotation": {
        "angle": 0,
        "axis": "y",
        "origin": [
          8,
          8,
          8
        ]
      },
      "faces": {
        "north": {
          "uv": [
            3,
            6.75,
            3.25,
            7
          ],
          "texture": "#axe_7"
        },
        "east": {
          "uv": [
            4.25,
            6.5,
            5.25,
            6.75
          ],
          "texture": "#axe_7"
        },
        "south": {
          "uv": [
            6,
            7.75,
            6.25,
            8
          ],
          "texture": "#axe_7"
        },
        "west": {
          "uv": [
            6.5,
            4,
            7.5,
            4.25
          ],
          "texture": "#axe_7"
        },
        "up": {
          "uv": [
            7.5,
            4.5,
            6.5,
            4.25
          ],
          "rotation": 270,
          "texture": "#axe_7"
        },
        "down": {
          "uv": [
            7.5,
            4.75,
            6.5,
            5
          ],
          "rotation": 90,
          "texture": "#axe_7"
        }
      }
    },
    {
      "from": [
        7.49375,
        11.23661,
        5.18934
      ],
      "to": [
        8.49375,
        12.23661,
        7.18934
      ],
      "rotation": {
        "angle": 0,
        "axis": "y",
        "origin": [
          8,
          8,
          8
        ]
      },
      "faces": {
        "north": {
          "uv": [
            6.25,
            7.75,
            6.5,
            8
          ],
          "texture": "#axe_7"
        },
        "east": {
          "uv": [
            7.75,
            2.75,
            8.25,
            3
          ],
          "texture": "#axe_7"
        },
        "south": {
          "uv": [
            6.5,
            7.75,
            6.75,
            8
          ],
          "texture": "#axe_7"
        },
        "west": {
          "uv": [
            7.75,
            2.5,
            8.25,
            2.75
          ],
          "texture": "#axe_7"
        },
        "up": {
          "uv": [
            3.75,
            8,
            3.25,
            7.75
          ],
          "rotation": 270,
          "texture": "#axe_7"
        },
        "down": {
          "uv": [
            4.25,
            7.75,
            3.75,
            8
          ],
          "rotation": 90,
          "texture": "#axe_7"
        }
      }
    },
    {
      "from": [
        7.51875,
        18.23661,
        4.43934
      ],
      "to": [
        8.46875,
        19.23661,
        7.43934
      ],
      "rotation": {
        "angle": 0,
        "axis": "y",
        "origin": [
          8,
          8,
          8
        ]
      },
      "faces": {
        "north": {
          "uv": [
            7.75,
            6.5,
            8,
            6.75
          ],
          "texture": "#axe_7"
        },
        "east": {
          "uv": [
            6.75,
            4.5,
            7.5,
            4.75
          ],
          "texture": "#axe_7"
        },
        "south": {
          "uv": [
            6.75,
            7.75,
            7,
            8
          ],
          "texture": "#axe_7"
        },
        "west": {
          "uv": [
            6.75,
            1.5,
            7.5,
            1.75
          ],
          "texture": "#axe_7"
        },
        "up": {
          "uv": [
            6.75,
            7.25,
            6,
            7
          ],
          "rotation": 270,
          "texture": "#axe_7"
        },
        "down": {
          "uv": [
            7.75,
            6.5,
            7,
            6.75
          ],
          "rotation": 90,
          "texture": "#axe_7"
        }
      }
    },
    {
      "from": [
        7.49375,
        19.23661,
        4.68934
      ],
      "to": [
        8.49375,
        20.23661,
        6.68934
      ],
      "rotation": {
        "angle": 0,
        "axis": "y",
        "origin": [
          8,
          8,
          8
        ]
      },
      "faces": {
        "north": {
          "uv": [
            7.75,
            6.75,
            8,
            7
          ],
          "texture": "#axe_7"
        },
        "east": {
          "uv": [
            7.75,
            4,
            8.25,
            4.25
          ],
          "texture": "#axe_7"
        },
        "south": {
          "uv": [
            7,
            7.75,
            7.25,
            8
          ],
          "texture": "#axe_7"
        },
        "west": {
          "uv": [
            7.75,
            3.75,
            8.25,
            4
          ],
          "texture": "#axe_7"
        },
        "up": {
          "uv": [
            8.25,
            4.5,
            7.75,
            4.25
          ],
          "rotation": 270,
          "texture": "#axe_7"
        },
        "down": {
          "uv": [
            5,
            7.75,
            4.5,
            8
          ],
          "rotation": 90,
          "texture": "#axe_7"
        }
      }
    },
    {
      "from": [
        7.49375,
        18.23661,
        7.43934
      ],
      "to": [
        8.49375,
        19.23661,
        10.43934
      ],
      "rotation": {
        "angle": 0,
        "axis": "y",
        "origin": [
          8,
          8,
          8
        ]
      },
      "faces": {
        "north": {
          "uv": [
            7.25,
            7.75,
            7.5,
            8
          ],
          "texture": "#axe_7"
        },
        "east": {
          "uv": [
            7,
            6.75,
            7.75,
            7
          ],
          "texture": "#axe_7"
        },
        "south": {
          "uv": [
            7.5,
            7.75,
            7.75,
            8
          ],
          "texture": "#axe_7"
        },
        "west": {
          "uv": [
            6.75,
            7,
            7.5,
            7.25
          ],
          "texture": "#axe_7"
        },
        "up": {
          "uv": [
            8,
            1.25,
            7.25,
            1
          ],
          "rotation": 270,
          "texture": "#axe_7"
        },
        "down": {
          "uv": [
            8,
            1.25,
            7.25,
            1.5
          ],
          "rotation": 90,
          "texture": "#axe_7"
        }
      }
    },
    {
      "from": [
        7.49375,
        14.84193,
        -2.63482
      ],
      "to": [
        8.49375,
        15.84193,
        0.36518
      ],
      "rotation": {
        "angle": 45,
        "axis": "x",
        "origin": [
          8,
          8,
          8
        ]
      },
      "faces": {
        "north": {
          "uv": [
            7.75,
            7.75,
            8,
            8
          ],
          "texture": "#axe_7"
        },
        "east": {
          "uv": [
            4.25,
            7.25,
            5,
            7.5
          ],
          "texture": "#axe_7"
        },
        "south": {
          "uv": [
            0,
            8,
            0.25,
            8.25
          ],
          "texture": "#axe_7"
        },
        "west": {
          "uv": [
            2,
            7.25,
            2.75,
            7.5
          ],
          "texture": "#axe_7"
        },
        "up": {
          "uv": [
            5.75,
            7.5,
            5,
            7.25
          ],
          "rotation": 270,
          "texture": "#axe_7"
        },
        "down": {
          "uv": [
            8,
            5,
            7.25,
            5.25
          ],
          "rotation": 90,
          "texture": "#axe_7"
        }
      }
    },
    {
      "from": [
        7.49375,
        10.83152,
        8.45284
      ],
      "to": [
        8.49375,
        11.83152,
        11.45284
      ],
      "rotation": {
        "angle": -45,
        "axis": "x",
        "origin": [
          8,
          8,
          8
        ]
      },
      "faces": {
        "north": {
          "uv": [
            0.25,
            8,
            0.5,
            8.25
          ],
          "texture": "#axe_7"
        },
        "east": {
          "uv": [
            7.25,
            5.5,
            8,
            5.75
          ],
          "texture": "#axe_7"
        },
        "south": {
          "uv": [
            1,
            8,
            1.25,
            8.25
          ],
          "texture": "#axe_7"
        },
        "west": {
          "uv": [
            7.25,
            5.25,
            8,
            5.5
          ],
          "texture": "#axe_7"
        },
        "up": {
          "uv": [
            6.5,
            7.5,
            5.75,
            7.25
          ],
          "rotation": 270,
          "texture": "#axe_7"
        },
        "down": {
          "uv": [
            8,
            5.75,
            7.25,
            6
          ],
          "rotation": 90,
          "texture": "#axe_7"
        }
      }
    },
    {
      "from": [
        7.49375,
        11.86121,
        9.72375
      ],
      "to": [
        8.49375,
        12.86121,
        12.72375
      ],
      "rotation": {
        "angle": -22.5,
        "axis": "x",
        "origin": [
          8,
          8,
          8
        ]
      },
      "faces": {
        "north": {
          "uv": [
            8,
            1,
            8.25,
            1.25
          ],
          "texture": "#axe_7"
        },
        "east": {
          "uv": [
            7.25,
            6.25,
            8,
            6.5
          ],
          "texture": "#axe_7"
        },
        "south": {
          "uv": [
            1.25,
            8,
            1.5,
            8.25
          ],
          "texture": "#axe_7"
        },
        "west": {
          "uv": [
            7.25,
            6,
            8,
            6.25
          ],
          "texture": "#axe_7"
        },
        "up": {
          "uv": [
            7.25,
            7.5,
            6.5,
            7.25
          ],
          "rotation": 270,
          "texture": "#axe_7"
        },
        "down": {
          "uv": [
            8,
            7.25,
            7.25,
            7.5
          ],
          "rotation": 90,
          "texture": "#axe_7"
        }
      }
    },
    {
      "from": [
        7.24375,
        10.21674,
        7.68348
      ],
      "to": [
        8.74375,
        13.21674,
        9.18348
      ],
      "rotation": {
        "angle": -45,
        "axis": "x",
        "origin": [
          8,
          8,
          8
        ]
      },
      "faces": {
        "north": {
          "uv": [
            5.25,
            0.75,
            5.75,
            1.5
          ],
          "texture": "#axe_7"
        },
        "east": {
          "uv": [
            5.25,
            1.5,
            5.75,
            2.25
          ],
          "texture": "#axe_7"
        },
        "south": {
          "uv": [
            5.25,
            2.25,
            5.75,
            3
          ],
          "texture": "#axe_7"
        },
        "west": {
          "uv": [
            5.25,
            0,
            5.75,
            0.75
          ],
          "texture": "#axe_7"
        },
        "up": {
          "uv": [
            7,
            6,
            6.5,
            5.5
          ],
          "rotation": 270,
          "texture": "#axe_7"
        },
        "down": {
          "uv": [
            6.5,
            6.5,
            6,
            7
          ],
          "rotation": 90,
          "texture": "#axe_7"
        }
      }
    },
    {
      "from": [
        7.76875,
        10.92385,
        6.97637
      ],
      "to": [
        8.21875,
        13.92385,
        8.47637
      ],
      "rotation": {
        "angle": -45,
        "axis": "x",
        "origin": [
          8,
          8,
          8
        ]
      },
      "faces": {
        "north": {
          "uv": [
            0,
            7.25,
            0.25,
            8
          ],
          "texture": "#axe_7"
        },
        "east": {
          "uv": [
            5,
            5.25,
            5.5,
            6
          ],
          "texture": "#axe_7"
        },
        "south": {
          "uv": [
            0.25,
            7.25,
            0.5,
            8
          ],
          "texture": "#axe_7"
        },
        "west": {
          "uv": [
            4.5,
            5.25,
            5,
            6
          ],
          "texture": "#axe_7"
        },
        "up": {
          "uv": [
            5.5,
            8,
            5,
            7.75
          ],
          "rotation": 270,
          "texture": "#axe_7"
        },
        "down": {
          "uv": [
            6,
            7.75,
            5.5,
            8
          ],
          "rotation": 90,
          "texture": "#axe_7"
        }
      }
    },
    {
      "from": [
        7.24375,
        13.72448,
        -3.25775
      ],
      "to": [
        8.74375,
        16.72448,
        -1.75775
      ],
      "rotation": {
        "angle": 45,
        "axis": "x",
        "origin": [
          8,
          8,
          8
        ]
      },
      "faces": {
        "north": {
          "uv": [
            5.5,
            3.75,
            6,
            4.5
          ],
          "texture": "#axe_7"
        },
        "east": {
          "uv": [
            5.5,
            5.25,
            6,
            6
          ],
          "texture": "#axe_7"
        },
        "south": {
          "uv": [
            5.75,
            0,
            6.25,
            0.75
          ],
          "texture": "#axe_7"
        },
        "west": {
          "uv": [
            5.5,
            3,
            6,
            3.75
          ],
          "texture": "#axe_7"
        },
        "up": {
          "uv": [
            7,
            7,
            6.5,
            6.5
          ],
          "rotation": 270,
          "texture": "#axe_7"
        },
        "down": {
          "uv": [
            0.5,
            6.75,
            0,
            7.25
          ],
          "rotation": 90,
          "texture": "#axe_7"
        }
      }
    },
    {
      "from": [
        7.76875,
        13.01737,
        -3.96485
      ],
      "to": [
        8.21875,
        16.51737,
        -2.46485
      ],
      "rotation": {
        "angle": 45,
        "axis": "x",
        "origin": [
          8,
          8,
          8
        ]
      },
      "faces": {
        "north": {
          "uv": [
            0.75,
            6.75,
            1,
            7.75
          ],
          "texture": "#axe_7"
        },
        "east": {
          "uv": [
            1,
            6.75,
            1.25,
            7.75
          ],
          "texture": "#axe_7"
        },
        "south": {
          "uv": [
            1.25,
            6.75,
            1.5,
            7.75
          ],
          "texture": "#axe_7"
        },
        "west": {
          "uv": [
            0.5,
            6.75,
            0.75,
            7.75
          ],
          "texture": "#axe_7"
        },
        "up": {
          "uv": [
            8.25,
            1.5,
            8,
            1.25
          ],
          "rotation": 270,
          "texture": "#axe_7"
        },
        "down": {
          "uv": [
            3,
            8,
            2.75,
            8.25
          ],
          "rotation": 90,
          "texture": "#axe_7"
        }
      }
    },
    {
      "from": [
        7.24375,
        12.69851,
        5.7112
      ],
      "to": [
        8.74375,
        15.69851,
        7.2112
      ],
      "rotation": {
        "angle": -22.5,
        "axis": "x",
        "origin": [
          8,
          8,
          8
        ]
      },
      "faces": {
        "north": {
          "uv": [
            5.75,
            1.5,
            6.25,
            2.25
          ],
          "texture": "#axe_7"
        },
        "east": {
          "uv": [
            2,
            5.75,
            2.5,
            6.5
          ],
          "texture": "#axe_7"
        },
        "south": {
          "uv": [
            5.75,
            2.25,
            6.25,
            3
          ],
          "texture": "#axe_7"
        },
        "west": {
          "uv": [
            5.75,
            0.75,
            6.25,
            1.5
          ],
          "texture": "#axe_7"
        },
        "up": {
          "uv": [
            7.25,
            1.5,
            6.75,
            1
          ],
          "rotation": 270,
          "texture": "#axe_7"
        },
        "down": {
          "uv": [
            2.5,
            6.75,
            2,
            7.25
          ],
          "rotation": 90,
          "texture": "#axe_7"
        }
      }
    },
    {
      "from": [
        7.74375,
        13.08119,
        4.78732
      ],
      "to": [
        8.24375,
        16.08119,
        6.28732
      ],
      "rotation": {
        "angle": -22.5,
        "axis": "x",
        "origin": [
          8,
          8,
          8
        ]
      },
      "faces": {
        "north": {
          "uv": [
            7.5,
            0,
            7.75,
            0.75
          ],
          "texture": "#axe_7"
        },
        "east": {
          "uv": [
            1.5,
            7.5,
            1.75,
            8.25
          ],
          "texture": "#axe_7"
        },
        "south": {
          "uv": [
            1.75,
            7.5,
            2,
            8.25
          ],
          "texture": "#axe_7"
        },
        "west": {
          "uv": [
            2.75,
            7.25,
            3,
            8
          ],
          "texture": "#axe_7"
        },
        "up": {
          "uv": [
            3.5,
            8.25,
            3.25,
            8
          ],
          "rotation": 270,
          "texture": "#axe_7"
        },
        "down": {
          "uv": [
            3.75,
            8,
            3.5,
            8.25
          ],
          "rotation": 90,
          "texture": "#axe_7"
        }
      }
    },
    {
      "from": [
        7.24375,
        14.59688,
        -0.21014
      ],
      "to": [
        8.74375,
        17.59688,
        1.28986
      ],
      "rotation": {
        "angle": 22.5,
        "axis": "x",
        "origin": [
          8,
          8,
          8
        ]
      },
      "faces": {
        "north": {
          "uv": [
            3,
            5.75,
            3.5,
            6.5
          ],
          "texture": "#axe_7"
        },
        "east": {
          "uv": [
            3.5,
            5.75,
            4,
            6.5
          ],
          "texture": "#axe_7"
        },
        "south": {
          "uv": [
            4,
            5.75,
            4.5,
            6.5
          ],
          "texture": "#axe_7"
        },
        "west": {
          "uv": [
            2.5,
            5.75,
            3,
            6.5
          ],
          "texture": "#axe_7"
        },
        "up": {
          "uv": [
            3,
            7.25,
            2.5,
            6.75
          ],
          "rotation": 270,
          "texture": "#axe_7"
        },
        "down": {
          "uv": [
            4.75,
            6.75,
            4.25,
            7.25
          ],
          "rotation": 90,
          "texture": "#axe_7"
        }
      }
    },
    {
      "from": [
        7.74375,
        14.2142,
        -1.13402
      ],
      "to": [
        8.24375,
        17.2142,
        0.36598
      ],
      "rotation": {
        "angle": 22.5,
        "axis": "x",
        "origin": [
          8,
          8,
          8
        ]
      },
      "faces": {
        "north": {
          "uv": [
            2.25,
            7.5,
            2.5,
            8.25
          ],
          "texture": "#axe_7"
        },
        "east": {
          "uv": [
            2.5,
            7.5,
            2.75,
            8.25
          ],
          "texture": "#axe_7"
        },
        "south": {
          "uv": [
            3,
            7.5,
            3.25,
            8.25
          ],
          "texture": "#axe_7"
        },
        "west": {
          "uv": [
            2,
            7.5,
            2.25,
            8.25
          ],
          "texture": "#axe_7"
        },
        "up": {
          "uv": [
            4,
            8.25,
            3.75,
            8
          ],
          "rotation": 270,
          "texture": "#axe_7"
        },
        "down": {
          "uv": [
            4.25,
            8,
            4,
            8.25
          ],
          "rotation": 90,
          "texture": "#axe_7"
        }
      }
    },
    {
      "from": [
        6.99375,
        14.47581,
        2.78459
      ],
      "to": [
        8.99375,
        17.72581,
        6.03459
      ],
      "rotation": {
        "angle": 45,
        "axis": "x",
        "origin": [
          8,
          8,
          8
        ]
      },
      "faces": {
        "north": {
          "uv": [
            6,
            3,
            6.5,
            3.75
          ],
          "texture": "#axe_7"
        },
        "east": {
          "uv": [
            2.75,
            2.5,
            3.5,
            3.25
          ],
          "texture": "#axe_7"
        },
        "south": {
          "uv": [
            6,
            3.75,
            6.5,
            4.5
          ],
          "texture": "#axe_7"
        },
        "west": {
          "uv": [
            2,
            2.5,
            2.75,
            3.25
          ],
          "texture": "#axe_7"
        },
        "up": {
          "uv": [
            5.25,
            6.5,
            4.5,
            6
          ],
          "rotation": 270,
          "texture": "#axe_7"
        },
        "down": {
          "uv": [
            6.75,
            5,
            6,
            5.5
          ],
          "rotation": 90,
          "texture": "#axe_7"
        }
      }
    },
    {
      "from": [
        7.24375,
        13.72581,
        2.03459
      ],
      "to": [
        8.74375,
        16.22581,
        4.53459
      ],
      "rotation": {
        "angle": 45,
        "axis": "x",
        "origin": [
          8,
          8,
          8
        ]
      },
      "faces": {
        "north": {
          "uv": [
            5.25,
            6,
            5.75,
            6.75
          ],
          "texture": "#axe_7"
        },
        "east": {
          "uv": [
            2.75,
            3.25,
            3.5,
            4
          ],
          "texture": "#axe_7"
        },
        "south": {
          "uv": [
            6,
            5.5,
            6.5,
            6.25
          ],
          "texture": "#axe_7"
        },
        "west": {
          "uv": [
            2,
            3.25,
            2.75,
            4
          ],
          "texture": "#axe_7"
        },
        "up": {
          "uv": [
            0.75,
            6.75,
            0,
            6.25
          ],
          "rotation": 270,
          "texture": "#axe_7"
        },
        "down": {
          "uv": [
            7,
            0,
            6.25,
            0.5
          ],
          "rotation": 90,
          "texture": "#axe_7"
        }
      }
    },
    {
      "from": [
        6.74375,
        14.97581,
        3.28459
      ],
      "to": [
        9.24375,
        17.22581,
        5.53459
      ],
      "rotation": {
        "angle": 45,
        "axis": "x",
        "origin": [
          8,
          8,
          8
        ]
      },
      "faces": {
        "north": {
          "uv": [
            6.25,
            0.5,
            7,
            1
          ],
          "texture": "#axe_7"
        },
        "east": {
          "uv": [
            6.75,
            5,
            7.25,
            5.5
          ],
          "texture": "#axe_7"
        },
        "south": {
          "uv": [
            0.75,
            6.25,
            1.5,
            6.75
          ],
          "texture": "#axe_7"
        },
        "west": {
          "uv": [
            4.75,
            6.75,
            5.25,
            7.25
          ],
          "texture": "#axe_7"
        },
        "up": {
          "uv": [
            6.75,
            1.75,
            6.25,
            1
          ],
          "rotation": 270,
          "texture": "#axe_7"
        },
        "down": {
          "uv": [
            2,
            6.25,
            1.5,
            7
          ],
          "rotation": 90,
          "texture": "#axe_7"
        }
      }
    },
    {
      "from": [
        16.80099,
        3.94017,
        9.93934
      ],
      "to": [
        18.05099,
        5.19017,
        12.43934
      ],
      "rotation": {
        "angle": -45,
        "axis": "z",
        "origin": [
          8,
          14,
          8
        ]
      },
      "faces": {
        "north": {
          "uv": [
            5.25,
            8,
            5.5,
            8.25
          ],
          "texture": "#axe_7"
        },
        "east": {
          "uv": [
            7.5,
            1.5,
            8.25,
            1.75
          ],
          "texture": "#axe_7"
        },
        "south": {
          "uv": [
            8,
            5.25,
            8.25,
            5.5
          ],
          "texture": "#axe_7"
        },
        "west": {
          "uv": [
            7.5,
            0.75,
            8.25,
            1
          ],
          "texture": "#axe_7"
        },
        "up": {
          "uv": [
            8.25,
            3.25,
            7.5,
            3
          ],
          "rotation": 270,
          "texture": "#axe_7"
        },
        "down": {
          "uv": [
            4,
            7.5,
            3.25,
            7.75
          ],
          "rotation": 90,
          "texture": "#axe_7"
        }
      }
    },
    {
      "from": [
        6.74375,
        1.68939,
        0.1998
      ],
      "to": [
        9.24375,
        2.93939,
        1.4498
      ],
      "rotation": {
        "angle": -45,
        "axis": "x",
        "origin": [
          8,
          14,
          8
        ]
      },
      "faces": {
        "north": {
          "uv": [
            7.5,
            3.25,
            8.25,
            3.5
          ],
          "texture": "#axe_7"
        },
        "east": {
          "uv": [
            8,
            5.5,
            8.25,
            5.75
          ],
          "texture": "#axe_7"
        },
        "south": {
          "uv": [
            7.5,
            3.5,
            8.25,
            3.75
          ],
          "texture": "#axe_7"
        },
        "west": {
          "uv": [
            5.5,
            8,
            5.75,
            8.25
          ],
          "texture": "#axe_7"
        },
        "up": {
          "uv": [
            7.75,
            4.5,
            7.5,
            3.75
          ],
          "rotation": 270,
          "texture": "#axe_7"
        },
        "down": {
          "uv": [
            4.5,
            7.5,
            4.25,
            8.25
          ],
          "rotation": 90,
          "texture": "#axe_7"
        }
      }
    },
    {
      "from": [
        6.49375,
        0.98661,
        9.68934
      ],
      "to": [
        9.49375,
        1.98661,
        12.68934
      ],
      "rotation": {
        "angle": 0,
        "axis": "y",
        "origin": [
          8,
          14,
          8
        ]
      },
      "faces": {
        "north": {
          "uv": [
            7.5,
            4.5,
            8.25,
            4.75
          ],
          "texture": "#axe_7"
        },
        "east": {
          "uv": [
            7.5,
            4.75,
            8.25,
            5
          ],
          "texture": "#axe_7"
        },
        "south": {
          "uv": [
            5.25,
            7.5,
            6,
            7.75
          ],
          "texture": "#axe_7"
        },
        "west": {
          "uv": [
            4.5,
            7.5,
            5.25,
            7.75
          ],
          "texture": "#axe_7"
        },
        "up": {
          "uv": [
            4.25,
            0.75,
            3.5,
            0
          ],
          "rotation": 270,
          "texture": "#axe_7"
        },
        "down": {
          "uv": [
            4.25,
            0.75,
            3.5,
            1.5
          ],
          "rotation": 90,
          "texture": "#axe_7"
        }
      }
    },
    {
      "from": [
        16.09388,
        4.39728,
        9.43934
      ],
      "to": [
        17.59388,
        5.89728,
        12.93934
      ],
      "rotation": {
        "angle": -45,
        "axis": "z",
        "origin": [
          8,
          14,
          8
        ]
      },
      "faces": {
        "north": {
          "uv": [
            5.25,
            6.75,
            5.75,
            7.25
          ],
          "texture": "#axe_7"
        },
        "east": {
          "uv": [
            3.5,
            3.5,
            4.5,
            4
          ],
          "texture": "#axe_7"
        },
        "south": {
          "uv": [
            7,
            0,
            7.5,
            0.5
          ],
          "texture": "#axe_7"
        },
        "west": {
          "uv": [
            3.5,
            3,
            4.5,
            3.5
          ],
          "texture": "#axe_7"
        },
        "up": {
          "uv": [
            3,
            4.5,
            2,
            4
          ],
          "rotation": 270,
          "texture": "#axe_7"
        },
        "down": {
          "uv": [
            4,
            4,
            3,
            4.5
          ],
          "rotation": 90,
          "texture": "#axe_7"
        }
      }
    },
    {
      "from": [
        6.24375,
        2.14649,
        0.6569
      ],
      "to": [
        9.74375,
        3.64649,
        2.1569
      ],
      "rotation": {
        "angle": -45,
        "axis": "x",
        "origin": [
          8,
          14,
          8
        ]
      },
      "faces": {
        "north": {
          "uv": [
            4,
            4,
            5,
            4.5
          ],
          "texture": "#axe_7"
        },
        "east": {
          "uv": [
            1.5,
            7,
            2,
            7.5
          ],
          "texture": "#axe_7"
        },
        "south": {
          "uv": [
            4.25,
            0,
            5.25,
            0.5
          ],
          "texture": "#axe_7"
        },
        "west": {
          "uv": [
            7,
            0.5,
            7.5,
            1
          ],
          "texture": "#axe_7"
        },
        "up": {
          "uv": [
            4.75,
            1.5,
            4.25,
            0.5
          ],
          "rotation": 270,
          "texture": "#axe_7"
        },
        "down": {
          "uv": [
            4.75,
            1.5,
            4.25,
            2.5
          ],
          "rotation": 90,
          "texture": "#axe_7"
        }
      }
    },
    {
      "from": [
        -1.47772,
        16.21888,
        9.93934
      ],
      "to": [
        -0.22772,
        17.46888,
        12.43934
      ],
      "rotation": {
        "angle": -45,
        "axis": "z",
        "origin": [
          8,
          8,
          8
        ]
      },
      "faces": {
        "north": {
          "uv": [
            5.75,
            8,
            6,
            8.25
          ],
          "texture": "#axe_7"
        },
        "east": {
          "uv": [
            6.75,
            7.5,
            7.5,
            7.75
          ],
          "texture": "#axe_7"
        },
        "south": {
          "uv": [
            8,
            5.75,
            8.25,
            6
          ],
          "texture": "#axe_7"
        },
        "west": {
          "uv": [
            6,
            7.5,
            6.75,
            7.75
          ],
          "texture": "#axe_7"
        },
        "up": {
          "uv": [
            8.25,
            7.25,
            7.5,
            7
          ],
          "rotation": 270,
          "texture": "#axe_7"
        },
        "down": {
          "uv": [
            8.25,
            7.5,
            7.5,
            7.75
          ],
          "rotation": 90,
          "texture": "#axe_7"
        }
      }
    },
    {
      "from": [
        6.74375,
        13.9681,
        18.47851
      ],
      "to": [
        9.24375,
        15.2181,
        19.72851
      ],
      "rotation": {
        "angle": -45,
        "axis": "x",
        "origin": [
          8,
          8,
          8
        ]
      },
      "faces": {
        "north": {
          "uv": [
            7.75,
            0,
            8.5,
            0.25
          ],
          "texture": "#axe_7"
        },
        "east": {
          "uv": [
            8,
            6,
            8.25,
            6.25
          ],
          "texture": "#axe_7"
        },
        "south": {
          "uv": [
            7.75,
            0.25,
            8.5,
            0.5
          ],
          "texture": "#axe_7"
        },
        "west": {
          "uv": [
            6,
            8,
            6.25,
            8.25
          ],
          "texture": "#axe_7"
        },
        "up": {
          "uv": [
            0.75,
            8.5,
            0.5,
            7.75
          ],
          "rotation": 270,
          "texture": "#axe_7"
        },
        "down": {
          "uv": [
            1,
            7.75,
            0.75,
            8.5
          ],
          "rotation": 90,
          "texture": "#axe_7"
        }
      }
    },
    {
      "from": [
        6.49375,
        20.83661,
        9.68934
      ],
      "to": [
        9.49375,
        21.83661,
        12.68934
      ],
      "rotation": {
        "angle": 0,
        "axis": "y",
        "origin": [
          8,
          8,
          8
        ]
      },
      "faces": {
        "north": {
          "uv": [
            7.75,
            1.75,
            8.5,
            2
          ],
          "texture": "#axe_7"
        },
        "east": {
          "uv": [
            7.75,
            2,
            8.5,
            2.25
          ],
          "texture": "#axe_7"
        },
        "south": {
          "uv": [
            7.75,
            2.25,
            8.5,
            2.5
          ],
          "texture": "#axe_7"
        },
        "west": {
          "uv": [
            7.75,
            0.5,
            8.5,
            0.75
          ],
          "texture": "#axe_7"
        },
        "up": {
          "uv": [
            4.25,
            2.25,
            3.5,
            1.5
          ],
          "rotation": 270,
          "texture": "#axe_7"
        },
        "down": {
          "uv": [
            4.25,
            2.25,
            3.5,
            3
          ],
          "rotation": 90,
          "texture": "#axe_7"
        }
      }
    },
    {
      "from": [
        -2.18483,
        16.67599,
        9.43934
      ],
      "to": [
        -0.68483,
        18.17599,
        12.93934
      ],
      "rotation": {
        "angle": -45,
        "axis": "z",
        "origin": [
          8,
          8,
          8
        ]
      },
      "faces": {
        "north": {
          "uv": [
            3,
            7,
            3.5,
            7.5
          ],
          "texture": "#axe_7"
        },
        "east": {
          "uv": [
            2,
            4.5,
            3,
            5
          ],
          "texture": "#axe_7"
        },
        "south": {
          "uv": [
            7,
            3,
            7.5,
            3.5
          ],
          "texture": "#axe_7"
        },
        "west": {
          "uv": [
            4.25,
            2.5,
            5.25,
            3
          ],
          "texture": "#axe_7"
        },
        "up": {
          "uv": [
            4,
            5,
            3,
            4.5
          ],
          "rotation": 270,
          "texture": "#axe_7"
        },
        "down": {
          "uv": [
            5.5,
            3,
            4.5,
            3.5
          ],
          "rotation": 90,
          "texture": "#axe_7"
        }
      }
    },
    {
      "from": [
        6.24375,
        14.4252,
        18.93561
      ],
      "to": [
        9.74375,
        15.9252,
        20.43561
      ],
      "rotation": {
        "angle": -45,
        "axis": "x",
        "origin": [
          8,
          8,
          8
        ]
      },
      "faces": {
        "north": {
          "uv": [
            4.5,
            3.5,
            5.5,
            4
          ],
          "texture": "#axe_7"
        },
        "east": {
          "uv": [
            7,
            3.5,
            7.5,
            4
          ],
          "texture": "#axe_7"
        },
        "south": {
          "uv": [
            4,
            4.5,
            5,
            5
          ],
          "texture": "#axe_7"
        },
        "west": {
          "uv": [
            3.5,
            7,
            4,
            7.5
          ],
          "texture": "#axe_7"
        },
        "up": {
          "uv": [
            5.25,
            1.5,
            4.75,
            0.5
          ],
          "rotation": 270,
          "texture": "#axe_7"
        },
        "down": {
          "uv": [
            5.25,
            1.5,
            4.75,
            2.5
          ],
          "rotation": 90,
          "texture": "#axe_7"
        }
      }
    }
  ],
  "gui_light": "front",
  "display": {
    "thirdperson_righthand": {
      "rotation": [
        4,
        0,
        0
      ],
      "translation": [
        0,
        0.75,
        -2.25
      ],
      "scale": [
        0.9,
        0.9,
        0.9
      ]
    },
    "thirdperson_lefthand": {
      "rotation": [
        4,
        0,
        0
      ],
      "translation": [
        0,
        0.75,
        -2.25
      ],
      "scale": [
        0.9,
        0.9,
        0.9
      ]
    },
    "firstperson_righthand": {
      "rotation": [
        4,
        0,
        0
      ],
      "translation": [
        1.5,
        0.75,
        -2.25
      ],
      "scale": [
        0.9,
        0.9,
        0.9
      ]
    },
    "firstperson_lefthand": {
      "rotation": [
        4,
        0,
        0
      ],
      "translation": [
        1.5,
        0.75,
        -2.25
      ],
      "scale": [
        0.9,
        0.9,
        0.9
      ]
    },
    "ground": {
      "rotation": [
        0,
        0,
        70
      ],
      "translation": [
        0.5,
        0,
        -1.75
      ],
      "scale": [
        0.58594,
        0.58594,
        0.58594
      ]
    },
    "gui": {
      "rotation": [
        70.96,
        39.32,
        -74.74
      ],
      "translation": [
        -4.5,
        -1.4,
        0
      ],
      "scale": [
        1,
        0.7,
        0.72
      ]
    },
    "head": {
      "rotation": [
        -90,
        59.25,
        90
      ],
      "translation": [
        8.75,
        1.5,
        0
      ]
    },
    "fixed": {
      "rotation": [
        -90,
        45,
        90
      ],
      "translation": [
        1,
        -4,
        0
      ]
    }
  }
}