{
  "credit": "Made By AtPoe",
  "texture_size": [
    64,
    64
  ],
  "elements": [
    {
      "from": [
        6.98411,
        22.40656,
        5.80709
      ],
      "to": [
        8.98411,
        24.40656,
        7.80709
      ],
      "rotation": {
        "angle": -22.5,
        "axis": "x",
        "origin": [
          7.98411,
          23.40656,
          6.80709
        ]
      },
      "faces": {
        "north": {
          "uv": [
            0,
            5.375,
            0.5,
            4.875
          ],
          "texture": "#axe_7"
        },
        "east": {
          "uv": [
            0,
            4.875,
            0.5,
            5.375
          ],
          "texture": "#axe_7"
        },
        "south": {
          "uv": [
            0,
            5.375,
            0.5,
            4.875
          ],
          "texture": "#axe_7"
        },
        "west": {
          "uv": [
            0,
            4.875,
            0.5,
            5.375
          ],
          "texture": "#axe_7"
        },
        "up": {
          "uv": [
            0.5,
            4.875,
            0,
            5.375
          ],
          "rotation": 90,
          "texture": "#axe_7"
        },
        "down": {
          "uv": [
            0,
            5.375,
            0.5,
            4.875
          ],
          "rotation": 270,
          "texture": "#axe_7"
        }
      }
    },
    {
      "from": [
        7.63411,
        22.37654,
        3.88111
      ],
      "to": [
        8.33411,
        23.37654,
        6.28111
      ],
      "rotation": {
        "angle": -22.5,
        "axis": "x",
        "origin": [
          7.98411,
          22.87654,
          5.08111
        ]
      },
      "faces": {
        "north": {
          "uv": [
            0.625,
            5.625,
            0.875,
            5.875
          ],
          "texture": "#axe_7"
        },
        "east": {
          "uv": [
            0,
            5.625,
            0.625,
            5.875
          ],
          "texture": "#axe_7"
        },
        "south": {
          "uv": [
            0.625,
            5.625,
            0.875,
            5.875
          ],
          "texture": "#axe_7"
        },
        "west": {
          "uv": [
            0,
            5.625,
            0.6,
            5.875
          ],
          "texture": "#axe_7"
        },
        "up": {
          "uv": [
            0,
            5.375,
            0.625,
            5.625
          ],
          "rotation": 90,
          "texture": "#axe_7"
        },
        "down": {
          "uv": [
            0,
            5.875,
            0.625,
            6.125
          ],
          "rotation": 270,
          "texture": "#axe_7"
        }
      }
    },
    {
      "from": [
        6.24375,
        17.1252,
        14.73561
      ],
      "to": [
        9.74375,
        18.6252,
        16.23561
      ],
      "rotation": {
        "angle": -45,
        "axis": "x",
        "origin": [
          8,
          10.7,
          3.8
        ]
      },
      "faces": {
        "north": {
          "uv": [
            4.5,
            3.5,
            5.5,
            4
          ],
          "texture": "#axe_7"
        },
        "east": {
          "uv": [
            7,
            3.5,
            7.5,
            4
          ],
          "texture": "#axe_7"
        },
        "south": {
          "uv": [
            4,
            4.5,
            5,
            5
          ],
          "texture": "#axe_7"
        },
        "west": {
          "uv": [
            3.5,
            7,
            4,
            7.5
          ],
          "texture": "#axe_7"
        },
        "up": {
          "uv": [
            5.25,
            1.5,
            4.75,
            0.5
          ],
          "rotation": 270,
          "texture": "#axe_7"
        },
        "down": {
          "uv": [
            5.25,
            1.5,
            4.75,
            2.5
          ],
          "rotation": 90,
          "texture": "#axe_7"
        }
      }
    },
    {
      "from": [
        7.30625,
        9.22581,
        14.21541
      ],
      "to": [
        8.80625,
        11.72581,
        16.71541
      ],
      "rotation": {
        "angle": -45,
        "axis": "x",
        "origin": [
          8.05,
          3.5,
          10.75
        ]
      },
      "faces": {
        "north": {
          "uv": [
            6,
            5.5,
            6.5,
            6.25
          ],
          "texture": "#axe_7"
        },
        "east": {
          "uv": [
            2,
            3.25,
            2.75,
            4
          ],
          "texture": "#axe_7"
        },
        "south": {
          "uv": [
            5.25,
            6,
            5.75,
            6.75
          ],
          "texture": "#axe_7"
        },
        "west": {
          "uv": [
            2.75,
            3.25,
            3.5,
            4
          ],
          "texture": "#axe_7"
        },
        "up": {
          "uv": [
            0.75,
            6.75,
            0,
            6.25
          ],
          "rotation": 90,
          "texture": "#axe_7"
        },
        "down": {
          "uv": [
            7,
            0,
            6.25,
            0.5
          ],
          "rotation": 270,
          "texture": "#axe_7"
        }
      }
    },
    {
      "from": [
        7.73125,
        27.63402,
        9.7858
      ],
      "to": [
        8.23125,
        29.13402,
        12.7858
      ],
      "rotation": {
        "angle": -22.5,
        "axis": "x",
        "origin": [
          7.975,
          20,
          19
        ]
      },
      "faces": {
        "north": {
          "uv": [
            4,
            8.25,
            3.75,
            8
          ],
          "rotation": 270,
          "texture": "#axe_7"
        },
        "east": {
          "uv": [
            2,
            7.5,
            2.25,
            8.25
          ],
          "rotation": 90,
          "texture": "#axe_7"
        },
        "south": {
          "uv": [
            4.25,
            8,
            4,
            8.25
          ],
          "rotation": 270,
          "texture": "#axe_7"
        },
        "west": {
          "uv": [
            2.5,
            7.5,
            2.75,
            8.25
          ],
          "rotation": 270,
          "texture": "#axe_7"
        },
        "up": {
          "uv": [
            2.25,
            7.5,
            2.5,
            8.25
          ],
          "texture": "#axe_7"
        },
        "down": {
          "uv": [
            3,
            7.5,
            3.25,
            8.25
          ],
          "rotation": 180,
          "texture": "#axe_7"
        }
      }
    },
    {
      "from": [
        7.23125,
        26.71014,
        9.40312
      ],
      "to": [
        8.73125,
        28.21014,
        12.40312
      ],
      "rotation": {
        "angle": -22.5,
        "axis": "x",
        "origin": [
          7.975,
          20,
          19
        ]
      },
      "faces": {
        "north": {
          "uv": [
            3,
            7.25,
            2.5,
            6.75
          ],
          "rotation": 270,
          "texture": "#axe_7"
        },
        "east": {
          "uv": [
            2.5,
            5.75,
            3,
            6.5
          ],
          "rotation": 90,
          "texture": "#axe_7"
        },
        "south": {
          "uv": [
            4.75,
            6.75,
            4.25,
            7.25
          ],
          "rotation": 270,
          "texture": "#axe_7"
        },
        "west": {
          "uv": [
            3.5,
            5.75,
            4,
            6.5
          ],
          "rotation": 270,
          "texture": "#axe_7"
        },
        "up": {
          "uv": [
            3,
            5.75,
            3.5,
            6.5
          ],
          "texture": "#axe_7"
        },
        "down": {
          "uv": [
            4,
            5.75,
            4.5,
            6.5
          ],
          "rotation": 180,
          "texture": "#axe_7"
        }
      }
    },
    {
      "from": [
        7.73125,
        21.71268,
        10.91881
      ],
      "to": [
        8.23125,
        23.21268,
        13.91881
      ],
      "rotation": {
        "angle": 22.5,
        "axis": "x",
        "origin": [
          7.975,
          20,
          19
        ]
      },
      "faces": {
        "north": {
          "uv": [
            3.5,
            8.25,
            3.25,
            8
          ],
          "rotation": 270,
          "texture": "#axe_7"
        },
        "east": {
          "uv": [
            2.75,
            7.25,
            3,
            8
          ],
          "rotation": 90,
          "texture": "#axe_7"
        },
        "south": {
          "uv": [
            3.75,
            8,
            3.5,
            8.25
          ],
          "rotation": 270,
          "texture": "#axe_7"
        },
        "west": {
          "uv": [
            1.5,
            7.5,
            1.75,
            8.25
          ],
          "rotation": 270,
          "texture": "#axe_7"
        },
        "up": {
          "uv": [
            7.5,
            0,
            7.75,
            0.75
          ],
          "texture": "#axe_7"
        },
        "down": {
          "uv": [
            1.75,
            7.5,
            2,
            8.25
          ],
          "rotation": 180,
          "texture": "#axe_7"
        }
      }
    },
    {
      "from": [
        7.33125,
        20.7888,
        11.30149
      ],
      "to": [
        8.63125,
        22.2888,
        14.30149
      ],
      "rotation": {
        "angle": 22.5,
        "axis": "x",
        "origin": [
          7.975,
          20,
          19
        ]
      },
      "faces": {
        "north": {
          "uv": [
            7.25,
            1.5,
            6.75,
            1
          ],
          "rotation": 270,
          "texture": "#axe_7"
        },
        "east": {
          "uv": [
            5.75,
            0.75,
            6.25,
            1.5
          ],
          "rotation": 90,
          "texture": "#axe_7"
        },
        "south": {
          "uv": [
            2.5,
            6.75,
            2,
            7.25
          ],
          "rotation": 270,
          "texture": "#axe_7"
        },
        "west": {
          "uv": [
            2,
            5.75,
            2.5,
            6.5
          ],
          "rotation": 270,
          "texture": "#axe_7"
        },
        "up": {
          "uv": [
            5.75,
            1.5,
            6.25,
            2.25
          ],
          "texture": "#axe_7"
        },
        "down": {
          "uv": [
            5.75,
            2.25,
            6.25,
            3
          ],
          "rotation": 180,
          "texture": "#axe_7"
        }
      }
    },
    {
      "from": [
        7.88125,
        26.46485,
        6.68263
      ],
      "to": [
        8.13125,
        27.96485,
        12.18263
      ],
      "rotation": {
        "angle": -22.5,
        "axis": "x",
        "origin": [
          8,
          16,
          17.2
        ]
      },
      "faces": {
        "north": {
          "uv": [
            8.25,
            1.5,
            8,
            1.25
          ],
          "rotation": 270,
          "texture": "#axe_7"
        },
        "east": {
          "uv": [
            0.5,
            6.75,
            0.75,
            7.75
          ],
          "rotation": 90,
          "texture": "#axe_7"
        },
        "south": {
          "uv": [
            3,
            8,
            2.75,
            8.25
          ],
          "rotation": 270,
          "texture": "#axe_7"
        },
        "west": {
          "uv": [
            1,
            6.75,
            1.25,
            7.75
          ],
          "rotation": 270,
          "texture": "#axe_7"
        },
        "up": {
          "uv": [
            0.75,
            6.75,
            1,
            7.75
          ],
          "texture": "#axe_7"
        },
        "down": {
          "uv": [
            1.25,
            6.75,
            1.5,
            7.75
          ],
          "rotation": 180,
          "texture": "#axe_7"
        }
      }
    },
    {
      "from": [
        7.25625,
        25.75775,
        7.47552
      ],
      "to": [
        8.75625,
        27.25775,
        11.47552
      ],
      "rotation": {
        "angle": -22.5,
        "axis": "x",
        "origin": [
          8,
          16,
          17.2
        ]
      },
      "faces": {
        "north": {
          "uv": [
            7,
            7,
            6.5,
            6.5
          ],
          "rotation": 270,
          "texture": "#axe_7"
        },
        "east": {
          "uv": [
            5.5,
            3,
            6,
            3.75
          ],
          "rotation": 90,
          "texture": "#axe_7"
        },
        "south": {
          "uv": [
            0.5,
            6.75,
            0,
            7.25
          ],
          "rotation": 270,
          "texture": "#axe_7"
        },
        "west": {
          "uv": [
            5.5,
            5.25,
            6,
            6
          ],
          "rotation": 270,
          "texture": "#axe_7"
        },
        "up": {
          "uv": [
            5.5,
            3.75,
            6,
            4.5
          ],
          "texture": "#axe_7"
        },
        "down": {
          "uv": [
            5.75,
            0,
            6.25,
            0.75
          ],
          "rotation": 180,
          "texture": "#axe_7"
        }
      }
    },
    {
      "from": [
        7.75625,
        22.92385,
        18.52363
      ],
      "to": [
        8.20625,
        25.92385,
        20.02363
      ],
      "rotation": {
        "angle": -45,
        "axis": "x",
        "origin": [
          7.975,
          20,
          19
        ]
      },
      "faces": {
        "north": {
          "uv": [
            0.25,
            7.25,
            0.5,
            8
          ],
          "texture": "#axe_7"
        },
        "east": {
          "uv": [
            4.5,
            5.25,
            5,
            6
          ],
          "texture": "#axe_7"
        },
        "south": {
          "uv": [
            0,
            7.25,
            0.25,
            8
          ],
          "texture": "#axe_7"
        },
        "west": {
          "uv": [
            5,
            5.25,
            5.5,
            6
          ],
          "texture": "#axe_7"
        },
        "up": {
          "uv": [
            5.5,
            8,
            5,
            7.75
          ],
          "rotation": 90,
          "texture": "#axe_7"
        },
        "down": {
          "uv": [
            6,
            7.75,
            5.5,
            8
          ],
          "rotation": 270,
          "texture": "#axe_7"
        }
      }
    },
    {
      "from": [
        7.43125,
        22.21674,
        17.81652
      ],
      "to": [
        8.53125,
        25.21674,
        19.31652
      ],
      "rotation": {
        "angle": -45,
        "axis": "x",
        "origin": [
          7.975,
          20,
          19
        ]
      },
      "faces": {
        "north": {
          "uv": [
            5.25,
            2.25,
            5.75,
            3
          ],
          "texture": "#axe_7"
        },
        "east": {
          "uv": [
            4.25,
            0.75,
            4.75,
            1.5
          ],
          "texture": "#axe_7"
        },
        "south": {
          "uv": [
            5.25,
            0.75,
            5.75,
            1.5
          ],
          "texture": "#axe_7"
        },
        "west": {
          "uv": [
            5.25,
            1.5,
            5.75,
            2.25
          ],
          "texture": "#axe_7"
        },
        "up": {
          "uv": [
            7,
            6,
            6.5,
            5.5
          ],
          "rotation": 90,
          "texture": "#axe_7"
        },
        "down": {
          "uv": [
            6.5,
            6.5,
            6,
            7
          ],
          "rotation": 270,
          "texture": "#axe_7"
        }
      }
    },
    {
      "from": [
        7.73125,
        24.56066,
        9.76339
      ],
      "to": [
        8.23125,
        26.06066,
        12.76339
      ],
      "rotation": {
        "angle": 0,
        "axis": "x",
        "origin": [
          7.975,
          20,
          19
        ]
      },
      "faces": {
        "north": {
          "uv": [
            7,
            6.25,
            6.5,
            6
          ],
          "rotation": 270,
          "texture": "#axe_7"
        },
        "east": {
          "uv": [
            4,
            5,
            4.5,
            5.75
          ],
          "rotation": 90,
          "texture": "#axe_7"
        },
        "south": {
          "uv": [
            1.5,
            7.75,
            1,
            8
          ],
          "rotation": 270,
          "texture": "#axe_7"
        },
        "west": {
          "uv": [
            5,
            4,
            5.5,
            4.75
          ],
          "rotation": 270,
          "texture": "#axe_7"
        },
        "up": {
          "uv": [
            4,
            7,
            4.25,
            7.75
          ],
          "texture": "#axe_7"
        },
        "down": {
          "uv": [
            7,
            5.5,
            7.25,
            6.25
          ],
          "rotation": 180,
          "texture": "#axe_7"
        }
      }
    },
    {
      "from": [
        7.23125,
        23.56066,
        9.76339
      ],
      "to": [
        8.73125,
        25.06066,
        12.76339
      ],
      "rotation": {
        "angle": 0,
        "axis": "x",
        "origin": [
          7.975,
          20,
          19
        ]
      },
      "faces": {
        "north": {
          "uv": [
            7,
            4,
            6.5,
            3.5
          ],
          "rotation": 270,
          "texture": "#axe_7"
        },
        "east": {
          "uv": [
            2,
            5,
            2.5,
            5.75
          ],
          "rotation": 90,
          "texture": "#axe_7"
        },
        "south": {
          "uv": [
            4.25,
            6.5,
            3.75,
            7
          ],
          "rotation": 270,
          "texture": "#axe_7"
        },
        "west": {
          "uv": [
            3,
            5,
            3.5,
            5.75
          ],
          "rotation": 270,
          "texture": "#axe_7"
        },
        "up": {
          "uv": [
            2.5,
            5,
            3,
            5.75
          ],
          "texture": "#axe_7"
        },
        "down": {
          "uv": [
            3.5,
            5,
            4,
            5.75
          ],
          "rotation": 180,
          "texture": "#axe_7"
        }
      }
    },
    {
      "from": [
        7.04375,
        9.97581,
        -0.46541
      ],
      "to": [
        9.04375,
        13.22581,
        2.78459
      ],
      "rotation": {
        "angle": 45,
        "axis": "x",
        "origin": [
          8.05,
          3.5,
          4.75
        ]
      },
      "faces": {
        "north": {
          "uv": [
            6,
            3,
            6.5,
            3.75
          ],
          "texture": "#axe_7"
        },
        "east": {
          "uv": [
            2.75,
            2.5,
            3.5,
            3.25
          ],
          "texture": "#axe_7"
        },
        "south": {
          "uv": [
            6,
            3.75,
            6.5,
            4.5
          ],
          "texture": "#axe_7"
        },
        "west": {
          "uv": [
            2,
            2.5,
            2.75,
            3.25
          ],
          "texture": "#axe_7"
        },
        "up": {
          "uv": [
            5.25,
            6.5,
            4.5,
            6
          ],
          "rotation": 270,
          "texture": "#axe_7"
        },
        "down": {
          "uv": [
            6.75,
            5,
            6,
            5.5
          ],
          "rotation": 90,
          "texture": "#axe_7"
        }
      }
    },
    {
      "from": [
        7.29375,
        9.22581,
        -1.21541
      ],
      "to": [
        8.79375,
        11.72581,
        1.28459
      ],
      "rotation": {
        "angle": 45,
        "axis": "x",
        "origin": [
          8.05,
          3.5,
          4.75
        ]
      },
      "faces": {
        "north": {
          "uv": [
            5.25,
            6,
            5.75,
            6.75
          ],
          "texture": "#axe_7"
        },
        "east": {
          "uv": [
            2.75,
            3.25,
            3.5,
            4
          ],
          "texture": "#axe_7"
        },
        "south": {
          "uv": [
            6,
            5.5,
            6.5,
            6.25
          ],
          "texture": "#axe_7"
        },
        "west": {
          "uv": [
            2,
            3.25,
            2.75,
            4
          ],
          "texture": "#axe_7"
        },
        "up": {
          "uv": [
            0.75,
            6.75,
            0,
            6.25
          ],
          "rotation": 270,
          "texture": "#axe_7"
        },
        "down": {
          "uv": [
            7,
            0,
            6.25,
            0.5
          ],
          "rotation": 90,
          "texture": "#axe_7"
        }
      }
    },
    {
      "from": [
        6.79375,
        10.47581,
        0.03459
      ],
      "to": [
        9.29375,
        12.72581,
        2.28459
      ],
      "rotation": {
        "angle": 45,
        "axis": "x",
        "origin": [
          8.05,
          3.5,
          4.75
        ]
      },
      "faces": {
        "north": {
          "uv": [
            6.25,
            0.5,
            7,
            1
          ],
          "texture": "#axe_7"
        },
        "east": {
          "uv": [
            6.75,
            5,
            7.25,
            5.5
          ],
          "texture": "#axe_7"
        },
        "south": {
          "uv": [
            0.75,
            6.25,
            1.5,
            6.75
          ],
          "texture": "#axe_7"
        },
        "west": {
          "uv": [
            4.75,
            6.75,
            5.25,
            7.25
          ],
          "texture": "#axe_7"
        },
        "up": {
          "uv": [
            6.75,
            1.75,
            6.25,
            1
          ],
          "rotation": 270,
          "texture": "#axe_7"
        },
        "down": {
          "uv": [
            2,
            6.25,
            1.5,
            7
          ],
          "rotation": 90,
          "texture": "#axe_7"
        }
      }
    },
    {
      "from": [
        16.75099,
        -1.25983,
        6.63934
      ],
      "to": [
        18.00099,
        -0.00983,
        9.13934
      ],
      "rotation": {
        "angle": -45,
        "axis": "z",
        "origin": [
          7.95,
          8.8,
          4.7
        ]
      },
      "faces": {
        "north": {
          "uv": [
            5.25,
            8,
            5.5,
            8.25
          ],
          "texture": "#axe_7"
        },
        "east": {
          "uv": [
            7.5,
            1.5,
            8.25,
            1.75
          ],
          "texture": "#axe_7"
        },
        "south": {
          "uv": [
            8,
            5.25,
            8.25,
            5.5
          ],
          "texture": "#axe_7"
        },
        "west": {
          "uv": [
            7.5,
            0.75,
            8.25,
            1
          ],
          "texture": "#axe_7"
        },
        "up": {
          "uv": [
            8.25,
            3.25,
            7.5,
            3
          ],
          "rotation": 270,
          "texture": "#axe_7"
        },
        "down": {
          "uv": [
            4,
            7.5,
            3.25,
            7.75
          ],
          "rotation": 90,
          "texture": "#axe_7"
        }
      }
    },
    {
      "from": [
        6.69375,
        -3.51061,
        -3.1002
      ],
      "to": [
        9.19375,
        -2.26061,
        -1.8502
      ],
      "rotation": {
        "angle": -45,
        "axis": "x",
        "origin": [
          7.95,
          8.8,
          4.7
        ]
      },
      "faces": {
        "north": {
          "uv": [
            7.5,
            3.25,
            8.25,
            3.5
          ],
          "texture": "#axe_7"
        },
        "east": {
          "uv": [
            8,
            5.5,
            8.25,
            5.75
          ],
          "texture": "#axe_7"
        },
        "south": {
          "uv": [
            7.5,
            3.5,
            8.25,
            3.75
          ],
          "texture": "#axe_7"
        },
        "west": {
          "uv": [
            5.5,
            8,
            5.75,
            8.25
          ],
          "texture": "#axe_7"
        },
        "up": {
          "uv": [
            7.75,
            4.5,
            7.5,
            3.75
          ],
          "rotation": 270,
          "texture": "#axe_7"
        },
        "down": {
          "uv": [
            4.5,
            7.5,
            4.25,
            8.25
          ],
          "rotation": 90,
          "texture": "#axe_7"
        }
      }
    },
    {
      "from": [
        6.44375,
        -4.21339,
        6.38934
      ],
      "to": [
        9.44375,
        -3.21339,
        9.38934
      ],
      "rotation": {
        "angle": 0,
        "axis": "y",
        "origin": [
          7.95,
          8.8,
          4.7
        ]
      },
      "faces": {
        "north": {
          "uv": [
            7.5,
            4.5,
            8.25,
            4.75
          ],
          "texture": "#axe_7"
        },
        "east": {
          "uv": [
            7.5,
            4.75,
            8.25,
            5
          ],
          "texture": "#axe_7"
        },
        "south": {
          "uv": [
            5.25,
            7.5,
            6,
            7.75
          ],
          "texture": "#axe_7"
        },
        "west": {
          "uv": [
            4.5,
            7.5,
            5.25,
            7.75
          ],
          "texture": "#axe_7"
        },
        "up": {
          "uv": [
            4.25,
            0.75,
            3.5,
            0
          ],
          "rotation": 270,
          "texture": "#axe_7"
        },
        "down": {
          "uv": [
            4.25,
            0.75,
            3.5,
            1.5
          ],
          "rotation": 90,
          "texture": "#axe_7"
        }
      }
    },
    {
      "from": [
        16.04388,
        -0.80272,
        6.13934
      ],
      "to": [
        17.54388,
        0.69728,
        9.63934
      ],
      "rotation": {
        "angle": -45,
        "axis": "z",
        "origin": [
          7.95,
          8.8,
          4.7
        ]
      },
      "faces": {
        "north": {
          "uv": [
            5.25,
            6.75,
            5.75,
            7.25
          ],
          "texture": "#axe_7"
        },
        "east": {
          "uv": [
            3.5,
            3.5,
            4.5,
            4
          ],
          "texture": "#axe_7"
        },
        "south": {
          "uv": [
            7,
            0,
            7.5,
            0.5
          ],
          "texture": "#axe_7"
        },
        "west": {
          "uv": [
            3.5,
            3,
            4.5,
            3.5
          ],
          "texture": "#axe_7"
        },
        "up": {
          "uv": [
            3,
            4.5,
            2,
            4
          ],
          "rotation": 270,
          "texture": "#axe_7"
        },
        "down": {
          "uv": [
            4,
            4,
            3,
            4.5
          ],
          "rotation": 90,
          "texture": "#axe_7"
        }
      }
    },
    {
      "from": [
        6.19375,
        -3.05351,
        -2.6431
      ],
      "to": [
        9.69375,
        -1.55351,
        -1.1431
      ],
      "rotation": {
        "angle": -45,
        "axis": "x",
        "origin": [
          7.95,
          8.8,
          4.7
        ]
      },
      "faces": {
        "north": {
          "uv": [
            4,
            4,
            5,
            4.5
          ],
          "texture": "#axe_7"
        },
        "east": {
          "uv": [
            1.5,
            7,
            2,
            7.5
          ],
          "texture": "#axe_7"
        },
        "south": {
          "uv": [
            4.25,
            0,
            5.25,
            0.5
          ],
          "texture": "#axe_7"
        },
        "west": {
          "uv": [
            7,
            0.5,
            7.5,
            1
          ],
          "texture": "#axe_7"
        },
        "up": {
          "uv": [
            4.75,
            1.5,
            4.25,
            0.5
          ],
          "rotation": 270,
          "texture": "#axe_7"
        },
        "down": {
          "uv": [
            4.75,
            1.5,
            4.25,
            2.5
          ],
          "rotation": 90,
          "texture": "#axe_7"
        }
      }
    },
    {
      "from": [
        -1.62772,
        18.91888,
        5.73934
      ],
      "to": [
        -0.37772,
        20.16888,
        8.23934
      ],
      "rotation": {
        "angle": -45,
        "axis": "z",
        "origin": [
          7.85,
          10.7,
          3.8
        ]
      },
      "faces": {
        "north": {
          "uv": [
            5.75,
            8,
            6,
            8.25
          ],
          "texture": "#axe_7"
        },
        "east": {
          "uv": [
            6.75,
            7.5,
            7.5,
            7.75
          ],
          "texture": "#axe_7"
        },
        "south": {
          "uv": [
            8,
            5.75,
            8.25,
            6
          ],
          "texture": "#axe_7"
        },
        "west": {
          "uv": [
            6,
            7.5,
            6.75,
            7.75
          ],
          "texture": "#axe_7"
        },
        "up": {
          "uv": [
            8.25,
            7.25,
            7.5,
            7
          ],
          "rotation": 270,
          "texture": "#axe_7"
        },
        "down": {
          "uv": [
            8.25,
            7.5,
            7.5,
            7.75
          ],
          "rotation": 90,
          "texture": "#axe_7"
        }
      }
    },
    {
      "from": [
        6.74375,
        16.6681,
        14.27851
      ],
      "to": [
        9.24375,
        17.9181,
        15.52851
      ],
      "rotation": {
        "angle": -45,
        "axis": "x",
        "origin": [
          8,
          10.7,
          3.8
        ]
      },
      "faces": {
        "north": {
          "uv": [
            7.75,
            0,
            8.5,
            0.25
          ],
          "texture": "#axe_7"
        },
        "east": {
          "uv": [
            8,
            6,
            8.25,
            6.25
          ],
          "texture": "#axe_7"
        },
        "south": {
          "uv": [
            7.75,
            0.25,
            8.5,
            0.5
          ],
          "texture": "#axe_7"
        },
        "west": {
          "uv": [
            6,
            8,
            6.25,
            8.25
          ],
          "texture": "#axe_7"
        },
        "up": {
          "uv": [
            0.75,
            8.5,
            0.5,
            7.75
          ],
          "rotation": 270,
          "texture": "#axe_7"
        },
        "down": {
          "uv": [
            1,
            7.75,
            0.75,
            8.5
          ],
          "rotation": 90,
          "texture": "#axe_7"
        }
      }
    },
    {
      "from": [
        6.49375,
        23.53661,
        5.48934
      ],
      "to": [
        9.49375,
        24.53661,
        8.48934
      ],
      "rotation": {
        "angle": 0,
        "axis": "y",
        "origin": [
          8,
          10.7,
          3.8
        ]
      },
      "faces": {
        "north": {
          "uv": [
            7.75,
            1.75,
            8.5,
            2
          ],
          "texture": "#axe_7"
        },
        "east": {
          "uv": [
            7.75,
            2,
            8.5,
            2.25
          ],
          "texture": "#axe_7"
        },
        "south": {
          "uv": [
            7.75,
            2.25,
            8.5,
            2.5
          ],
          "texture": "#axe_7"
        },
        "west": {
          "uv": [
            7.75,
            0.5,
            8.5,
            0.75
          ],
          "texture": "#axe_7"
        },
        "up": {
          "uv": [
            4.25,
            2.25,
            3.5,
            1.5
          ],
          "rotation": 270,
          "texture": "#axe_7"
        },
        "down": {
          "uv": [
            4.25,
            2.25,
            3.5,
            3
          ],
          "rotation": 90,
          "texture": "#axe_7"
        }
      }
    },
    {
      "from": [
        -2.18483,
        19.37599,
        5.23934
      ],
      "to": [
        -0.68483,
        20.87599,
        8.73934
      ],
      "rotation": {
        "angle": -45,
        "axis": "z",
        "origin": [
          8,
          10.7,
          3.8
        ]
      },
      "faces": {
        "north": {
          "uv": [
            3,
            7,
            3.5,
            7.5
          ],
          "texture": "#axe_7"
        },
        "east": {
          "uv": [
            2,
            4.5,
            3,
            5
          ],
          "texture": "#axe_7"
        },
        "south": {
          "uv": [
            7,
            3,
            7.5,
            3.5
          ],
          "texture": "#axe_7"
        },
        "west": {
          "uv": [
            4.25,
            2.5,
            5.25,
            3
          ],
          "texture": "#axe_7"
        },
        "up": {
          "uv": [
            4,
            5,
            3,
            4.5
          ],
          "rotation": 270,
          "texture": "#axe_7"
        },
        "down": {
          "uv": [
            5.5,
            3,
            4.5,
            3.5
          ],
          "rotation": 90,
          "texture": "#axe_7"
        }
      }
    },
    {
      "from": [
        6.74375,
        11.9681,
        12.67851
      ],
      "to": [
        9.24375,
        13.2181,
        13.92851
      ],
      "rotation": {
        "angle": -45,
        "axis": "x",
        "origin": [
          8,
          6,
          2.2
        ]
      },
      "faces": {
        "north": {
          "uv": [
            7.75,
            0,
            8.5,
            0.25
          ],
          "texture": "#axe_7"
        },
        "east": {
          "uv": [
            8,
            6,
            8.25,
            6.25
          ],
          "texture": "#axe_7"
        },
        "south": {
          "uv": [
            7.75,
            0.25,
            8.5,
            0.5
          ],
          "texture": "#axe_7"
        },
        "west": {
          "uv": [
            6,
            8,
            6.25,
            8.25
          ],
          "texture": "#axe_7"
        },
        "up": {
          "uv": [
            0.75,
            8.5,
            0.5,
            7.75
          ],
          "rotation": 270,
          "texture": "#axe_7"
        },
        "down": {
          "uv": [
            1,
            7.75,
            0.75,
            8.5
          ],
          "rotation": 90,
          "texture": "#axe_7"
        }
      }
    },
    {
      "from": [
        6.24375,
        12.4252,
        13.13561
      ],
      "to": [
        9.74375,
        13.9252,
        14.63561
      ],
      "rotation": {
        "angle": -45,
        "axis": "x",
        "origin": [
          8,
          6,
          2.2
        ]
      },
      "faces": {
        "north": {
          "uv": [
            4.5,
            3.5,
            5.5,
            4
          ],
          "texture": "#axe_7"
        },
        "east": {
          "uv": [
            7,
            3.5,
            7.5,
            4
          ],
          "texture": "#axe_7"
        },
        "south": {
          "uv": [
            4,
            4.5,
            5,
            5
          ],
          "texture": "#axe_7"
        },
        "west": {
          "uv": [
            3.5,
            7,
            4,
            7.5
          ],
          "texture": "#axe_7"
        },
        "up": {
          "uv": [
            5.25,
            1.5,
            4.75,
            0.5
          ],
          "rotation": 270,
          "texture": "#axe_7"
        },
        "down": {
          "uv": [
            5.25,
            1.5,
            4.75,
            2.5
          ],
          "rotation": 90,
          "texture": "#axe_7"
        }
      }
    },
    {
      "from": [
        6.49375,
        18.83661,
        3.88934
      ],
      "to": [
        9.49375,
        19.83661,
        6.88934
      ],
      "rotation": {
        "angle": 0,
        "axis": "y",
        "origin": [
          8,
          6,
          2.2
        ]
      },
      "faces": {
        "north": {
          "uv": [
            7.75,
            1.75,
            8.5,
            2
          ],
          "texture": "#axe_7"
        },
        "east": {
          "uv": [
            7.75,
            2,
            8.5,
            2.25
          ],
          "texture": "#axe_7"
        },
        "south": {
          "uv": [
            7.75,
            2.25,
            8.5,
            2.5
          ],
          "texture": "#axe_7"
        },
        "west": {
          "uv": [
            7.75,
            0.5,
            8.5,
            0.75
          ],
          "texture": "#axe_7"
        },
        "up": {
          "uv": [
            4.25,
            2.25,
            3.5,
            1.5
          ],
          "rotation": 270,
          "texture": "#axe_7"
        },
        "down": {
          "uv": [
            4.25,
            2.25,
            3.5,
            3
          ],
          "rotation": 90,
          "texture": "#axe_7"
        }
      }
    },
    {
      "from": [
        -2.18483,
        14.67599,
        3.63934
      ],
      "to": [
        -0.68483,
        16.17599,
        7.13934
      ],
      "rotation": {
        "angle": -45,
        "axis": "z",
        "origin": [
          8,
          6,
          2.2
        ]
      },
      "faces": {
        "north": {
          "uv": [
            3,
            7,
            3.5,
            7.5
          ],
          "texture": "#axe_7"
        },
        "east": {
          "uv": [
            2,
            4.5,
            3,
            5
          ],
          "texture": "#axe_7"
        },
        "south": {
          "uv": [
            7,
            3,
            7.5,
            3.5
          ],
          "texture": "#axe_7"
        },
        "west": {
          "uv": [
            4.25,
            2.5,
            5.25,
            3
          ],
          "texture": "#axe_7"
        },
        "up": {
          "uv": [
            4,
            5,
            3,
            4.5
          ],
          "rotation": 270,
          "texture": "#axe_7"
        },
        "down": {
          "uv": [
            5.5,
            3,
            4.5,
            3.5
          ],
          "rotation": 90,
          "texture": "#axe_7"
        }
      }
    },
    {
      "from": [
        7.95911,
        19.89358,
        15.65
      ],
      "to": [
        8.00911,
        20.86858,
        16.55
      ],
      "rotation": {
        "angle": -22.5,
        "axis": "x",
        "origin": [
          7.98411,
          21.09358,
          16.1
        ]
      },
      "faces": {
        "north": {
          "uv": [
            4.25,
            5.375,
            4.375,
            5.625
          ],
          "texture": "#axe_7"
        },
        "east": {
          "uv": [
            4,
            5.125,
            4.375,
            5.74375
          ],
          "texture": "#axe_7"
        },
        "south": {
          "uv": [
            4,
            5.125,
            4.375,
            5.74375
          ],
          "texture": "#axe_7"
        },
        "west": {
          "uv": [
            4.25,
            5.125,
            4.375,
            5.375
          ],
          "texture": "#axe_7"
        },
        "up": {
          "uv": [
            0,
            0,
            0.125,
            0.1
          ],
          "rotation": 90,
          "texture": "#axe_7"
        },
        "down": {
          "uv": [
            4.375,
            5,
            4.5,
            5.125
          ],
          "rotation": 270,
          "texture": "#axe_7"
        }
      }
    },
    {
      "from": [
        7.18411,
        -3.5,
        7.16589
      ],
      "to": [
        8.78411,
        12,
        8.76589
      ],
      "rotation": {
        "angle": 0,
        "axis": "y",
        "origin": [
          15.98411,
          -8,
          -0.03411
        ]
      },
      "faces": {
        "north": {
          "uv": [
            0,
            0,
            0.375,
            3.875
          ],
          "texture": "#axe_7"
        },
        "east": {
          "uv": [
            0,
            0,
            0.375,
            3.875
          ],
          "texture": "#axe_7"
        },
        "south": {
          "uv": [
            0,
            0,
            0.375,
            3.875
          ],
          "texture": "#axe_7"
        },
        "west": {
          "uv": [
            0,
            0,
            0.375,
            3.875
          ],
          "texture": "#axe_7"
        },
        "up": {
          "uv": [
            3,
            4.5,
            2.75,
            4.25
          ],
          "rotation": 90,
          "texture": "#axe_7"
        },
        "down": {
          "uv": [
            3.25,
            4.25,
            3,
            4.5
          ],
          "rotation": 270,
          "texture": "#axe_7"
        }
      }
    },
    {
      "from": [
        7.38411,
        -4.4,
        7.11589
      ],
      "to": [
        8.58411,
        -3.2,
        8.31589
      ],
      "rotation": {
        "angle": 45,
        "axis": "x",
        "origin": [
          8.58411,
          -4.4,
          7.16589
        ]
      },
      "faces": {
        "north": {
          "uv": [
            2,
            3,
            2.375,
            3.375
          ],
          "texture": "#axe_7"
        },
        "east": {
          "uv": [
            2,
            3,
            2.375,
            3.375
          ],
          "texture": "#axe_7"
        },
        "south": {
          "uv": [
            2,
            3,
            2.375,
            3.375
          ],
          "texture": "#axe_7"
        },
        "west": {
          "uv": [
            2,
            3,
            2.375,
            3.375
          ],
          "texture": "#axe_7"
        },
        "up": {
          "uv": [
            2,
            3,
            2.375,
            3.375
          ],
          "rotation": 90,
          "texture": "#axe_7"
        },
        "down": {
          "uv": [
            2,
            3,
            2.375,
            3.375
          ],
          "rotation": 270,
          "texture": "#axe_7"
        }
      }
    },
    {
      "from": [
        7.28411,
        -2.4,
        7.26589
      ],
      "to": [
        8.68411,
        -2,
        8.66589
      ],
      "rotation": {
        "angle": 0,
        "axis": "y",
        "origin": [
          9.98411,
          -2.4,
          -0.03411
        ]
      },
      "faces": {
        "north": {
          "uv": [
            4.5,
            1,
            4.875,
            1.125
          ],
          "texture": "#axe_7"
        },
        "east": {
          "uv": [
            4.5,
            1,
            4.875,
            1.125
          ],
          "texture": "#axe_7"
        },
        "south": {
          "uv": [
            4.5,
            1,
            4.875,
            1.125
          ],
          "texture": "#axe_7"
        },
        "west": {
          "uv": [
            4.5,
            1,
            4.875,
            1.125
          ],
          "texture": "#axe_7"
        },
        "up": {
          "uv": [
            4.5,
            1,
            4.875,
            1.125
          ],
          "rotation": 90,
          "texture": "#axe_7"
        },
        "down": {
          "uv": [
            4.5,
            1,
            4.875,
            1.125
          ],
          "rotation": 270,
          "texture": "#axe_7"
        }
      }
    },
    {
      "from": [
        7.28411,
        10.6,
        7.26589
      ],
      "to": [
        8.68411,
        11,
        8.66589
      ],
      "rotation": {
        "angle": 0,
        "axis": "y",
        "origin": [
          9.98411,
          10.6,
          -0.03411
        ]
      },
      "faces": {
        "north": {
          "uv": [
            0.5,
            4.5,
            0.875,
            4.625
          ],
          "texture": "#axe_7"
        },
        "east": {
          "uv": [
            0.5,
            4.5,
            0.875,
            4.625
          ],
          "texture": "#axe_7"
        },
        "south": {
          "uv": [
            0.5,
            4.5,
            0.875,
            4.625
          ],
          "texture": "#axe_7"
        },
        "west": {
          "uv": [
            0.5,
            4.5,
            0.875,
            4.625
          ],
          "texture": "#axe_7"
        },
        "up": {
          "uv": [
            0.5,
            4.5,
            0.875,
            4.625
          ],
          "rotation": 90,
          "texture": "#axe_7"
        },
        "down": {
          "uv": [
            0.5,
            4.5,
            0.875,
            4.625
          ],
          "rotation": 270,
          "texture": "#axe_7"
        }
      }
    },
    {
      "from": [
        7.08411,
        11.5,
        7.06589
      ],
      "to": [
        8.88411,
        12.4,
        8.86589
      ],
      "rotation": {
        "angle": 0,
        "axis": "y",
        "origin": [
          9.98411,
          11.5,
          -0.03411
        ]
      },
      "faces": {
        "north": {
          "uv": [
            4,
            3,
            4.375,
            3.25
          ],
          "texture": "#axe_7"
        },
        "east": {
          "uv": [
            4,
            3,
            4.375,
            3.25
          ],
          "texture": "#axe_7"
        },
        "south": {
          "uv": [
            4,
            3,
            4.375,
            3.25
          ],
          "texture": "#axe_7"
        },
        "west": {
          "uv": [
            4,
            3,
            4.375,
            3.25
          ],
          "texture": "#axe_7"
        },
        "up": {
          "uv": [
            4,
            3,
            4.375,
            3.25
          ],
          "rotation": 90,
          "texture": "#axe_7"
        },
        "down": {
          "uv": [
            4,
            3,
            4.375,
            3.25
          ],
          "rotation": 270,
          "texture": "#axe_7"
        }
      }
    },
    {
      "from": [
        7.28411,
        18.8,
        4.46589
      ],
      "to": [
        8.68411,
        19.7,
        6.06589
      ],
      "rotation": {
        "angle": 0,
        "axis": "y",
        "origin": [
          9.98411,
          18.8,
          -2.73411
        ]
      },
      "faces": {
        "north": {
          "uv": [
            2.25,
            4,
            2.625,
            4.25
          ],
          "texture": "#axe_7"
        },
        "east": {
          "uv": [
            2.25,
            4,
            2.625,
            4.25
          ],
          "texture": "#axe_7"
        },
        "south": {
          "uv": [
            2.25,
            4,
            2.625,
            4.25
          ],
          "texture": "#axe_7"
        },
        "west": {
          "uv": [
            2.25,
            4,
            2.625,
            4.25
          ],
          "texture": "#axe_7"
        },
        "up": {
          "uv": [
            2.25,
            4,
            2.625,
            4.25
          ],
          "rotation": 90,
          "texture": "#axe_7"
        },
        "down": {
          "uv": [
            2.25,
            4,
            2.625,
            4.25
          ],
          "rotation": 270,
          "texture": "#axe_7"
        }
      }
    },
    {
      "from": [
        7.18411,
        11.5,
        6.06589
      ],
      "to": [
        8.78411,
        19.6,
        7.66589
      ],
      "rotation": {
        "angle": -22.5,
        "axis": "x",
        "origin": [
          7.98411,
          15.05,
          6.86589
        ]
      },
      "faces": {
        "north": {
          "uv": [
            1.5,
            0,
            1.875,
            3.5
          ],
          "texture": "#axe_7"
        },
        "east": {
          "uv": [
            1,
            0,
            1.375,
            3.5
          ],
          "texture": "#axe_7"
        },
        "south": {
          "uv": [
            1.5,
            0,
            1.875,
            3.5
          ],
          "texture": "#axe_7"
        },
        "west": {
          "uv": [
            1,
            0,
            1.375,
            3.5
          ],
          "texture": "#axe_7"
        },
        "up": {
          "uv": [
            2.375,
            3.375,
            2,
            3
          ],
          "rotation": 90,
          "texture": "#axe_7"
        },
        "down": {
          "uv": [
            2.875,
            3,
            2.5,
            3.375
          ],
          "rotation": 270,
          "texture": "#axe_7"
        }
      }
    },
    {
      "from": [
        7.18411,
        18.8,
        5.66589
      ],
      "to": [
        8.78411,
        23.4,
        7.26589
      ],
      "rotation": {
        "angle": 22.5,
        "axis": "x",
        "origin": [
          7.98411,
          22.35,
          6.46589
        ]
      },
      "faces": {
        "north": {
          "uv": [
            1.5,
            0,
            1.875,
            3.5
          ],
          "texture": "#axe_7"
        },
        "east": {
          "uv": [
            1,
            0,
            1.375,
            3.5
          ],
          "texture": "#axe_7"
        },
        "south": {
          "uv": [
            1.5,
            0,
            1.875,
            3.5
          ],
          "texture": "#axe_7"
        },
        "west": {
          "uv": [
            1,
            0,
            1.375,
            3.5
          ],
          "texture": "#axe_7"
        },
        "up": {
          "uv": [
            2.375,
            3.375,
            2,
            3
          ],
          "rotation": 90,
          "texture": "#axe_7"
        },
        "down": {
          "uv": [
            2.875,
            3,
            2.5,
            3.375
          ],
          "rotation": 270,
          "texture": "#axe_7"
        }
      }
    },
    {
      "from": [
        7.48411,
        22.65,
        7.21589
      ],
      "to": [
        8.48411,
        24.55,
        8.41589
      ],
      "rotation": {
        "angle": 0,
        "axis": "y",
        "origin": [
          8.98411,
          22.85,
          7.41589
        ]
      },
      "faces": {
        "north": {
          "uv": [
            0.75,
            4.875,
            1,
            5.5
          ],
          "texture": "#axe_7"
        },
        "east": {
          "uv": [
            7.125,
            6.625,
            7.5,
            7.25
          ],
          "texture": "#axe_7"
        },
        "south": {
          "uv": [
            0.625,
            4.875,
            0.875,
            5.5
          ],
          "texture": "#axe_7"
        },
        "west": {
          "uv": [
            6.125,
            7.125,
            6.5,
            7.75
          ],
          "texture": "#axe_7"
        },
        "up": {
          "uv": [
            0.625,
            4.625,
            1,
            4.875
          ],
          "rotation": 90,
          "texture": "#axe_7"
        },
        "down": {
          "uv": [
            2.125,
            5.375,
            3.125,
            5.625
          ],
          "rotation": 270,
          "texture": "#axe_7"
        }
      }
    },
    {
      "from": [
        7.53411,
        22.925,
        8.36589
      ],
      "to": [
        8.43411,
        24.55,
        11.86589
      ],
      "rotation": {
        "angle": 0,
        "axis": "y",
        "origin": [
          8.98411,
          23.05,
          8.36589
        ]
      },
      "faces": {
        "north": {
          "uv": [
            1.125,
            4.875,
            1.35,
            5.375
          ],
          "texture": "#axe_7"
        },
        "east": {
          "uv": [
            4.875,
            3.375,
            5.75,
            3.875
          ],
          "texture": "#axe_7"
        },
        "south": {
          "uv": [
            1.75,
            4.875,
            2,
            5.375
          ],
          "texture": "#axe_7"
        },
        "west": {
          "uv": [
            4.875,
            3.375,
            5.75,
            3.875
          ],
          "texture": "#axe_7"
        },
        "up": {
          "uv": [
            1.125,
            4.625,
            2,
            4.875
          ],
          "rotation": 90,
          "texture": "#axe_7"
        },
        "down": {
          "uv": [
            2.125,
            5.375,
            3.125,
            5.625
          ],
          "rotation": 270,
          "texture": "#axe_7"
        }
      }
    },
    {
      "from": [
        7.58411,
        23,
        11.01589
      ],
      "to": [
        8.38411,
        24.8,
        15.01589
      ],
      "rotation": {
        "angle": 22.5,
        "axis": "x",
        "origin": [
          8.98411,
          22.8,
          12.01589
        ]
      },
      "faces": {
        "north": {
          "uv": [
            0,
            0,
            0.2,
            0.45
          ],
          "texture": "#axe_7"
        },
        "east": {
          "uv": [
            2.125,
            7.625,
            2.875,
            8.125
          ],
          "texture": "#axe_7"
        },
        "south": {
          "uv": [
            2.125,
            4.875,
            2.375,
            5.375
          ],
          "texture": "#axe_7"
        },
        "west": {
          "uv": [
            2.125,
            8.125,
            2.875,
            7.625
          ],
          "texture": "#axe_7"
        },
        "up": {
          "uv": [
            2.125,
            4.625,
            3.125,
            4.875
          ],
          "rotation": 90,
          "texture": "#axe_7"
        },
        "down": {
          "uv": [
            2.125,
            5.375,
            3.125,
            5.625
          ],
          "rotation": 270,
          "texture": "#axe_7"
        }
      }
    },
    {
      "from": [
        7.68411,
        20.6,
        15.51589
      ],
      "to": [
        8.28411,
        22.675,
        16.76589
      ],
      "rotation": {
        "angle": -22.5,
        "axis": "x",
        "origin": [
          8.98411,
          20.6,
          15.26589
        ]
      },
      "faces": {
        "north": {
          "uv": [
            3.625,
            4.875,
            3.75,
            5.5
          ],
          "texture": "#axe_7"
        },
        "east": {
          "uv": [
            4,
            5.125,
            4.375,
            5.74375
          ],
          "texture": "#axe_7"
        },
        "south": {
          "uv": [
            4,
            5.125,
            4.375,
            5.74375
          ],
          "texture": "#axe_7"
        },
        "west": {
          "uv": [
            3.625,
            4.875,
            3.25,
            5.49375
          ],
          "texture": "#axe_7"
        },
        "up": {
          "uv": [
            0,
            0,
            0.3125,
            0.15
          ],
          "rotation": 90,
          "texture": "#axe_7"
        },
        "down": {
          "uv": [
            3.25,
            5.5,
            3.625,
            5.625
          ],
          "rotation": 270,
          "texture": "#axe_7"
        }
      }
    },
    {
      "from": [
        7.78411,
        20.09358,
        16.15
      ],
      "to": [
        8.18411,
        21.29358,
        16.65
      ],
      "rotation": {
        "angle": -22.5,
        "axis": "x",
        "origin": [
          7.98411,
          21.09358,
          16.4
        ]
      },
      "faces": {
        "north": {
          "uv": [
            4.25,
            5.375,
            4.375,
            5.625
          ],
          "texture": "#axe_7"
        },
        "east": {
          "uv": [
            4,
            5.125,
            4.375,
            5.74375
          ],
          "texture": "#axe_7"
        },
        "south": {
          "uv": [
            4,
            5.125,
            4.375,
            5.74375
          ],
          "texture": "#axe_7"
        },
        "west": {
          "uv": [
            4.25,
            5.125,
            4.375,
            5.375
          ],
          "texture": "#axe_7"
        },
        "up": {
          "uv": [
            0,
            0,
            0.125,
            0.1
          ],
          "rotation": 90,
          "texture": "#axe_7"
        },
        "down": {
          "uv": [
            4.375,
            5,
            4.5,
            5.125
          ],
          "rotation": 270,
          "texture": "#axe_7"
        }
      }
    },
    {
      "from": [
        7.78411,
        22.425,
        7.01589
      ],
      "to": [
        8.18411,
        24.75,
        8.61589
      ],
      "rotation": {
        "angle": 0,
        "axis": "y",
        "origin": [
          8.98411,
          22.85,
          7.41589
        ]
      },
      "faces": {
        "north": {
          "uv": [
            0.75,
            4.875,
            1,
            5.5
          ],
          "texture": "#axe_7"
        },
        "east": {
          "uv": [
            6.125,
            7.125,
            6.5,
            7.75
          ],
          "texture": "#axe_7"
        },
        "south": {
          "uv": [
            0.625,
            4.875,
            0.875,
            5.5
          ],
          "texture": "#axe_7"
        },
        "west": {
          "uv": [
            6.125,
            7.125,
            6.5,
            7.75
          ],
          "texture": "#axe_7"
        },
        "up": {
          "uv": [
            0.625,
            4.625,
            1,
            4.875
          ],
          "rotation": 90,
          "texture": "#axe_7"
        },
        "down": {
          "uv": [
            2.125,
            5.375,
            3.125,
            5.625
          ],
          "rotation": 270,
          "texture": "#axe_7"
        }
      }
    },
    {
      "from": [
        7.83411,
        22.725,
        8.16589
      ],
      "to": [
        8.13411,
        25.25,
        12.06589
      ],
      "rotation": {
        "angle": 0,
        "axis": "y",
        "origin": [
          8.98411,
          23.05,
          8.36589
        ]
      },
      "faces": {
        "north": {
          "uv": [
            1.125,
            4.875,
            1.35,
            5.375
          ],
          "texture": "#axe_7"
        },
        "east": {
          "uv": [
            4.125,
            3.625,
            5,
            4.125
          ],
          "texture": "#axe_7"
        },
        "south": {
          "uv": [
            1.75,
            4.875,
            2,
            5.375
          ],
          "texture": "#axe_7"
        },
        "west": {
          "uv": [
            4.125,
            3.625,
            5,
            4.125
          ],
          "texture": "#axe_7"
        },
        "up": {
          "uv": [
            1.125,
            4.625,
            2,
            4.875
          ],
          "rotation": 90,
          "texture": "#axe_7"
        },
        "down": {
          "uv": [
            2.125,
            5.375,
            3.125,
            5.625
          ],
          "rotation": 270,
          "texture": "#axe_7"
        }
      }
    },
    {
      "from": [
        7.88411,
        22.75,
        11.11589
      ],
      "to": [
        8.08411,
        25.075,
        15.21589
      ],
      "rotation": {
        "angle": 22.5,
        "axis": "x",
        "origin": [
          8.98411,
          22.8,
          12.01589
        ]
      },
      "faces": {
        "north": {
          "uv": [
            0,
            0,
            0.2,
            0.45
          ],
          "texture": "#axe_7"
        },
        "east": {
          "uv": [
            2.125,
            7.625,
            2.875,
            8.125
          ],
          "texture": "#axe_7"
        },
        "south": {
          "uv": [
            2.125,
            4.875,
            2.375,
            5.375
          ],
          "texture": "#axe_7"
        },
        "west": {
          "uv": [
            2.125,
            8.125,
            2.875,
            7.625
          ],
          "texture": "#axe_7"
        },
        "up": {
          "uv": [
            2.125,
            4.625,
            3.125,
            4.875
          ],
          "rotation": 90,
          "texture": "#axe_7"
        },
        "down": {
          "uv": [
            2.125,
            5.375,
            3.125,
            5.625
          ],
          "rotation": 270,
          "texture": "#axe_7"
        }
      }
    },
    {
      "from": [
        7.93411,
        20.1,
        15.31589
      ],
      "to": [
        8.03411,
        22.675,
        16.96589
      ],
      "rotation": {
        "angle": -22.5,
        "axis": "x",
        "origin": [
          8.98411,
          20.6,
          15.26589
        ]
      },
      "faces": {
        "north": {
          "uv": [
            3.625,
            4.875,
            3.75,
            5.5
          ],
          "texture": "#axe_7"
        },
        "east": {
          "uv": [
            4,
            5.125,
            4.375,
            5.74375
          ],
          "texture": "#axe_7"
        },
        "south": {
          "uv": [
            4,
            5.125,
            4.375,
            5.74375
          ],
          "texture": "#axe_7"
        },
        "west": {
          "uv": [
            3.625,
            4.875,
            3.25,
            5.49375
          ],
          "texture": "#axe_7"
        },
        "up": {
          "uv": [
            0,
            0,
            0.3125,
            0.15
          ],
          "rotation": 90,
          "texture": "#axe_7"
        },
        "down": {
          "uv": [
            3.25,
            5.5,
            3.625,
            5.625
          ],
          "rotation": 270,
          "texture": "#axe_7"
        }
      }
    }
  ],
  "gui_light": "front",
  "display": {
    "thirdperson_righthand": {
      "rotation": [
        3.5,
        -180,
        0
      ],
      "translation": [
        0,
        5.75,
        0.75
      ]
    },
    "thirdperson_lefthand": {
      "rotation": [
        3.5,
        -180,
        0
      ],
      "translation": [
        0,
        5.75,
        0.75
      ]
    },
    "firstperson_righthand": {
      "rotation": [
        0,
        -180,
        0
      ],
      "translation": [
        1.75,
        -7.25,
        1.25
      ]
    },
    "firstperson_lefthand": {
      "rotation": [
        0,
        -180,
        0
      ],
      "translation": [
        1.75,
        -7.25,
        1.25
      ]
    },
    "ground": {
      "rotation": [
        70,
        0,
        -90
      ],
      "translation": [
        -6.5,
        -2.25,
        0
      ]
    },
    "gui": {
      "rotation": [
        90,
        -53.5,
        90
      ],
      "translation": [
        2.5,
        -1.25,
        0
      ],
      "scale": [
        1,
        0.6,
        0.65
      ]
    },
    "head": {
      "rotation": [
        -50.25,
        90,
        0
      ],
      "translation": [
        0,
        -4.75,
        18.75
      ]
    },
    "fixed": {
      "rotation": [
        90,
        -45,
        90
      ],
      "translation": [
        2.25,
        -1.75,
        0
      ],
      "scale": [
        0.8,
        0.75,
        0.8
      ]
    }
  },
  "groups": [
    {
      "name": "scythe",
      "origin": [
        15,
        25.6,
        7
      ],
      "color": 0,
      "children": [
        0,
        1,
        2,
        3,
        4,
        5,
        6,
        7,
        8,
        9,
        10,
        11,
        12,
        13,
        14,
        15,
        16,
        17,
        18,
        19,
        20,
        21,
        22,
        23,
        24,
        25,
        26,
        27,
        28,
        29,
        30,
        31,
        32,
        33,
        34,
        35,
        36,
        37,
        38,
        39,
        40,
        41,
        42,
        43,
        44,
        45,
        46,
        47
      ]
    }
  ]
}