{
  "credit": "Made By AtPoe",
  "texture_size": [
    32,
    32
  ],
  "elements": [
    {
      "name": "handle",
      "from": [
        7,
        8,
        13
      ],
      "to": [
        9,
        14,
        19
      ],
      "rotation": {
        "angle": 0,
        "axis": "y",
        "origin": [
          14,
          15.5,
          13.5
        ]
      },
      "faces": {
        "east": {
          "uv": [
            7,
            10.5,
            4,
            13.5
          ],
          "texture": "#0"
        },
        "south": {
          "uv": [
            6,
            10,
            6.5,
            13
          ],
          "texture": "#0"
        },
        "west": {
          "uv": [
            7,
            10.5,
            4,
            13.5
          ],
          "texture": "#0"
        },
        "up": {
          "uv": [
            6,
            10,
            6.5,
            13
          ],
          "texture": "#0"
        },
        "down": {
          "uv": [
            6,
            10,
            6.5,
            13
          ],
          "texture": "#0"
        }
      }
    },
    {
      "from": [
        12.75,
        14.79518,
        1.95222
      ],
      "to": [
        15.25,
        16.04518,
        3.20222
      ],
      "rotation": {
        "angle": 45,
        "axis": "x",
        "origin": [
          14,
          5.9974,
          12
        ]
      },
      "faces": {
        "north": {
          "uv": [
            3.5,
            14,
            2,
            13.5
          ],
          "texture": "#0"
        },
        "east": {
          "uv": [
            10.5,
            14.5,
            10,
            14
          ],
          "texture": "#0"
        },
        "south": {
          "uv": [
            15,
            2,
            13.5,
            1.5
          ],
          "texture": "#0"
        },
        "west": {
          "uv": [
            11,
            14.5,
            10.5,
            14
          ],
          "texture": "#0"
        },
        "up": {
          "uv": [
            13.5,
            3,
            15,
            2.5
          ],
          "rotation": 180,
          "texture": "#0"
        },
        "down": {
          "uv": [
            13.5,
            2,
            15,
            2.5
          ],
          "rotation": 180,
          "texture": "#0"
        }
      }
    },
    {
      "from": [
        22.79778,
        14.79518,
        10.75
      ],
      "to": [
        24.04778,
        16.04518,
        13.25
      ],
      "rotation": {
        "angle": 45,
        "axis": "z",
        "origin": [
          14,
          5.9974,
          12
        ]
      },
      "faces": {
        "north": {
          "uv": [
            10,
            14.5,
            9.5,
            14
          ],
          "texture": "#0"
        },
        "east": {
          "uv": [
            14.5,
            13,
            13,
            12.5
          ],
          "texture": "#0"
        },
        "south": {
          "uv": [
            9.5,
            14.5,
            9,
            14
          ],
          "texture": "#0"
        },
        "west": {
          "uv": [
            14.5,
            13.5,
            13,
            13
          ],
          "texture": "#0"
        },
        "up": {
          "uv": [
            1.5,
            15,
            2,
            13.5
          ],
          "rotation": 180,
          "texture": "#0"
        },
        "down": {
          "uv": [
            1,
            13.5,
            1.5,
            15
          ],
          "rotation": 180,
          "texture": "#0"
        }
      }
    },
    {
      "from": [
        12.25,
        14.08807,
        2.40933
      ],
      "to": [
        15.75,
        15.58807,
        3.90933
      ],
      "rotation": {
        "angle": 45,
        "axis": "x",
        "origin": [
          14,
          5.9974,
          12
        ]
      },
      "faces": {
        "north": {
          "uv": [
            12,
            12,
            10,
            11
          ],
          "texture": "#0"
        },
        "east": {
          "uv": [
            1,
            14,
            0,
            13
          ],
          "texture": "#0"
        },
        "south": {
          "uv": [
            10,
            12,
            8,
            11
          ],
          "texture": "#0"
        },
        "west": {
          "uv": [
            14,
            1,
            13,
            0
          ],
          "texture": "#0"
        },
        "up": {
          "uv": [
            11.5,
            5,
            13.5,
            4
          ],
          "rotation": 180,
          "texture": "#0"
        },
        "down": {
          "uv": [
            11.5,
            3,
            13.5,
            4
          ],
          "rotation": 180,
          "texture": "#0"
        }
      }
    },
    {
      "from": [
        22.09067,
        14.08807,
        10.25
      ],
      "to": [
        23.59067,
        15.58807,
        13.75
      ],
      "rotation": {
        "angle": 45,
        "axis": "z",
        "origin": [
          14,
          5.9974,
          12
        ]
      },
      "faces": {
        "north": {
          "uv": [
            13,
            13.5,
            12,
            12.5
          ],
          "texture": "#0"
        },
        "east": {
          "uv": [
            12.5,
            9.5,
            10.5,
            8.5
          ],
          "texture": "#0"
        },
        "south": {
          "uv": [
            12,
            13.5,
            11,
            12.5
          ],
          "texture": "#0"
        },
        "west": {
          "uv": [
            13,
            1,
            11,
            0
          ],
          "texture": "#0"
        },
        "up": {
          "uv": [
            11,
            3,
            12,
            1
          ],
          "rotation": 180,
          "texture": "#0"
        },
        "down": {
          "uv": [
            1,
            11,
            2,
            13
          ],
          "rotation": 180,
          "texture": "#0"
        }
      }
    },
    {
      "from": [
        0.5,
        18,
        10.5
      ],
      "to": [
        3.5,
        19,
        13.5
      ],
      "rotation": {
        "angle": 0,
        "axis": "y",
        "origin": [
          2,
          5.9974,
          12
        ]
      },
      "faces": {
        "north": {
          "uv": [
            14.5,
            12,
            13,
            11.5
          ],
          "texture": "#0"
        },
        "east": {
          "uv": [
            14.5,
            11.5,
            13,
            11
          ],
          "texture": "#0"
        },
        "south": {
          "uv": [
            7,
            13.5,
            5.5,
            13
          ],
          "texture": "#0"
        },
        "west": {
          "uv": [
            14.5,
            12.5,
            13,
            12
          ],
          "texture": "#0"
        },
        "up": {
          "uv": [
            2,
            12,
            3.5,
            10.5
          ],
          "rotation": 180,
          "texture": "#0"
        },
        "down": {
          "uv": [
            10,
            9.5,
            11.5,
            11
          ],
          "rotation": 180,
          "texture": "#0"
        }
      }
    },
    {
      "from": [
        10.09067,
        14.08807,
        10.25
      ],
      "to": [
        11.59067,
        15.58807,
        13.75
      ],
      "rotation": {
        "angle": 45,
        "axis": "z",
        "origin": [
          2,
          5.9974,
          12
        ]
      },
      "faces": {
        "north": {
          "uv": [
            13,
            13.5,
            12,
            12.5
          ],
          "texture": "#0"
        },
        "east": {
          "uv": [
            12.5,
            9.5,
            10.5,
            8.5
          ],
          "texture": "#0"
        },
        "south": {
          "uv": [
            12,
            13.5,
            11,
            12.5
          ],
          "texture": "#0"
        },
        "west": {
          "uv": [
            13,
            1,
            11,
            0
          ],
          "texture": "#0"
        },
        "up": {
          "uv": [
            11,
            3,
            12,
            1
          ],
          "rotation": 180,
          "texture": "#0"
        },
        "down": {
          "uv": [
            1,
            11,
            2,
            13
          ],
          "rotation": 180,
          "texture": "#0"
        }
      }
    },
    {
      "from": [
        0.25,
        14.08807,
        2.40933
      ],
      "to": [
        3.75,
        15.58807,
        3.90933
      ],
      "rotation": {
        "angle": 45,
        "axis": "x",
        "origin": [
          2,
          5.9974,
          12
        ]
      },
      "faces": {
        "north": {
          "uv": [
            12,
            12,
            10,
            11
          ],
          "texture": "#0"
        },
        "east": {
          "uv": [
            1,
            14,
            0,
            13
          ],
          "texture": "#0"
        },
        "south": {
          "uv": [
            10,
            12,
            8,
            11
          ],
          "texture": "#0"
        },
        "west": {
          "uv": [
            14,
            1,
            13,
            0
          ],
          "texture": "#0"
        },
        "up": {
          "uv": [
            11.5,
            5,
            13.5,
            4
          ],
          "rotation": 180,
          "texture": "#0"
        },
        "down": {
          "uv": [
            11.5,
            3,
            13.5,
            4
          ],
          "rotation": 180,
          "texture": "#0"
        }
      }
    },
    {
      "from": [
        10.79778,
        14.79518,
        10.75
      ],
      "to": [
        12.04778,
        16.04518,
        13.25
      ],
      "rotation": {
        "angle": 45,
        "axis": "z",
        "origin": [
          2,
          5.9974,
          12
        ]
      },
      "faces": {
        "north": {
          "uv": [
            10,
            14.5,
            9.5,
            14
          ],
          "texture": "#0"
        },
        "east": {
          "uv": [
            14.5,
            13,
            13,
            12.5
          ],
          "texture": "#0"
        },
        "south": {
          "uv": [
            9.5,
            14.5,
            9,
            14
          ],
          "texture": "#0"
        },
        "west": {
          "uv": [
            14.5,
            13.5,
            13,
            13
          ],
          "texture": "#0"
        },
        "up": {
          "uv": [
            1.5,
            15,
            2,
            13.5
          ],
          "rotation": 180,
          "texture": "#0"
        },
        "down": {
          "uv": [
            1,
            13.5,
            1.5,
            15
          ],
          "rotation": 180,
          "texture": "#0"
        }
      }
    },
    {
      "from": [
        0.75,
        14.79518,
        1.95222
      ],
      "to": [
        3.25,
        16.04518,
        3.20222
      ],
      "rotation": {
        "angle": 45,
        "axis": "x",
        "origin": [
          2,
          5.9974,
          12
        ]
      },
      "faces": {
        "north": {
          "uv": [
            3.5,
            14,
            2,
            13.5
          ],
          "texture": "#0"
        },
        "east": {
          "uv": [
            10.5,
            14.5,
            10,
            14
          ],
          "texture": "#0"
        },
        "south": {
          "uv": [
            15,
            2,
            13.5,
            1.5
          ],
          "texture": "#0"
        },
        "west": {
          "uv": [
            11,
            14.5,
            10.5,
            14
          ],
          "texture": "#0"
        },
        "up": {
          "uv": [
            13.5,
            3,
            15,
            2.5
          ],
          "rotation": 180,
          "texture": "#0"
        },
        "down": {
          "uv": [
            13.5,
            2,
            15,
            2.5
          ],
          "rotation": 180,
          "texture": "#0"
        }
      }
    },
    {
      "from": [
        12.5,
        18,
        10.5
      ],
      "to": [
        15.5,
        19,
        13.5
      ],
      "rotation": {
        "angle": 0,
        "axis": "y",
        "origin": [
          14,
          5.9974,
          12
        ]
      },
      "faces": {
        "north": {
          "uv": [
            14.5,
            12,
            13,
            11.5
          ],
          "texture": "#0"
        },
        "east": {
          "uv": [
            14.5,
            11.5,
            13,
            11
          ],
          "texture": "#0"
        },
        "south": {
          "uv": [
            7,
            13.5,
            5.5,
            13
          ],
          "texture": "#0"
        },
        "west": {
          "uv": [
            14.5,
            12.5,
            13,
            12
          ],
          "texture": "#0"
        },
        "up": {
          "uv": [
            2,
            12,
            3.5,
            10.5
          ],
          "rotation": 180,
          "texture": "#0"
        },
        "down": {
          "uv": [
            10,
            9.5,
            11.5,
            11
          ],
          "rotation": 180,
          "texture": "#0"
        }
      }
    },
    {
      "from": [
        2.92278,
        -1.07462,
        10.25
      ],
      "to": [
        4.92278,
        0.92538,
        13.75
      ],
      "rotation": {
        "angle": 45,
        "axis": "z",
        "origin": [
          8,
          4.0026,
          12
        ]
      },
      "faces": {
        "north": {
          "uv": [
            10,
            12.5,
            11,
            13.5
          ],
          "texture": "#0"
        },
        "east": {
          "uv": [
            10.5,
            7.5,
            12.5,
            8.5
          ],
          "texture": "#0"
        },
        "south": {
          "uv": [
            12.5,
            9.5,
            13.5,
            10.5
          ],
          "texture": "#0"
        },
        "west": {
          "uv": [
            10.5,
            6.5,
            12.5,
            7.5
          ],
          "texture": "#0"
        },
        "up": {
          "uv": [
            8,
            12.5,
            7,
            10.5
          ],
          "rotation": 180,
          "texture": "#0"
        },
        "down": {
          "uv": [
            1,
            11,
            0,
            13
          ],
          "rotation": 180,
          "texture": "#0"
        }
      }
    },
    {
      "from": [
        4.92278,
        13.92538,
        10.75
      ],
      "to": [
        5.17278,
        14.17538,
        12.25
      ],
      "rotation": {
        "angle": 45,
        "axis": "z",
        "origin": [
          5,
          14.0026,
          12
        ]
      },
      "faces": {
        "north": {
          "uv": [
            8,
            10.5,
            8.5,
            11
          ],
          "texture": "#0"
        },
        "east": {
          "uv": [
            13,
            1,
            14.5,
            1.5
          ],
          "texture": "#0"
        },
        "south": {
          "uv": [
            8.5,
            9,
            9,
            9.5
          ],
          "texture": "#0"
        },
        "west": {
          "uv": [
            1,
            13,
            2.5,
            13.5
          ],
          "texture": "#0"
        },
        "up": {
          "uv": [
            4,
            12,
            3.5,
            10.5
          ],
          "rotation": 180,
          "texture": "#0"
        },
        "down": {
          "uv": [
            13.5,
            1.5,
            13,
            3
          ],
          "rotation": 180,
          "texture": "#0"
        }
      }
    },
    {
      "from": [
        8.67278,
        9.42538,
        10.75
      ],
      "to": [
        8.92278,
        9.67538,
        12.25
      ],
      "rotation": {
        "angle": 45,
        "axis": "z",
        "origin": [
          11,
          12.0026,
          11
        ]
      },
      "faces": {
        "north": {
          "uv": [
            13.5,
            14,
            14,
            14.5
          ],
          "texture": "#0"
        },
        "east": {
          "uv": [
            5.5,
            13.5,
            7,
            14
          ],
          "texture": "#0"
        },
        "south": {
          "uv": [
            13,
            14,
            13.5,
            14.5
          ],
          "texture": "#0"
        },
        "west": {
          "uv": [
            13.5,
            5,
            15,
            5.5
          ],
          "texture": "#0"
        },
        "up": {
          "uv": [
            14,
            7,
            13.5,
            5.5
          ],
          "rotation": 180,
          "texture": "#0"
        },
        "down": {
          "uv": [
            7.5,
            13.5,
            7,
            15
          ],
          "rotation": 180,
          "texture": "#0"
        }
      }
    },
    {
      "from": [
        8.42278,
        9.17538,
        11
      ],
      "to": [
        9.17278,
        9.92538,
        12
      ],
      "rotation": {
        "angle": 45,
        "axis": "z",
        "origin": [
          11,
          12.0026,
          11
        ]
      },
      "faces": {
        "north": {
          "uv": [
            14,
            14,
            14.5,
            14.5
          ],
          "texture": "#0"
        },
        "east": {
          "uv": [
            3.5,
            14,
            4.5,
            14.5
          ],
          "texture": "#0"
        },
        "south": {
          "uv": [
            14,
            13.5,
            14.5,
            14
          ],
          "texture": "#0"
        },
        "west": {
          "uv": [
            2.5,
            14,
            3.5,
            14.5
          ],
          "texture": "#0"
        },
        "up": {
          "uv": [
            14.5,
            4.5,
            14,
            3.5
          ],
          "rotation": 180,
          "texture": "#0"
        },
        "down": {
          "uv": [
            5,
            14,
            4.5,
            15
          ],
          "rotation": 180,
          "texture": "#0"
        }
      }
    },
    {
      "from": [
        7.92278,
        12.67538,
        10.75
      ],
      "to": [
        8.42278,
        13.17538,
        12.25
      ],
      "rotation": {
        "angle": 45,
        "axis": "z",
        "origin": [
          10,
          14.0026,
          12
        ]
      },
      "faces": {
        "north": {
          "uv": [
            12.5,
            14,
            13,
            14.5
          ],
          "texture": "#0"
        },
        "east": {
          "uv": [
            3.5,
            13.5,
            5,
            14
          ],
          "texture": "#0"
        },
        "south": {
          "uv": [
            12,
            14,
            12.5,
            14.5
          ],
          "texture": "#0"
        },
        "west": {
          "uv": [
            13.5,
            3,
            15,
            3.5
          ],
          "texture": "#0"
        },
        "up": {
          "uv": [
            14,
            5,
            13.5,
            3.5
          ],
          "rotation": 180,
          "texture": "#0"
        },
        "down": {
          "uv": [
            5.5,
            13.5,
            5,
            15
          ],
          "rotation": 180,
          "texture": "#0"
        }
      }
    },
    {
      "from": [
        7.67278,
        12.42538,
        11
      ],
      "to": [
        8.67278,
        13.42538,
        12
      ],
      "rotation": {
        "angle": 45,
        "axis": "z",
        "origin": [
          10,
          14.0026,
          12
        ]
      },
      "faces": {
        "north": {
          "uv": [
            11.5,
            14,
            12,
            14.5
          ],
          "texture": "#0"
        },
        "east": {
          "uv": [
            0,
            14,
            1,
            14.5
          ],
          "texture": "#0"
        },
        "south": {
          "uv": [
            11,
            14,
            11.5,
            14.5
          ],
          "texture": "#0"
        },
        "west": {
          "uv": [
            13,
            13.5,
            14,
            14
          ],
          "texture": "#0"
        },
        "up": {
          "uv": [
            14.5,
            1,
            14,
            0
          ],
          "rotation": 180,
          "texture": "#0"
        },
        "down": {
          "uv": [
            2.5,
            14,
            2,
            15
          ],
          "rotation": 180,
          "texture": "#0"
        }
      }
    },
    {
      "from": [
        10.92278,
        13.92538,
        10.75
      ],
      "to": [
        11.17278,
        14.17538,
        12.25
      ],
      "rotation": {
        "angle": 45,
        "axis": "z",
        "origin": [
          11,
          14.0026,
          12
        ]
      },
      "faces": {
        "north": {
          "uv": [
            8,
            10.5,
            8.5,
            11
          ],
          "texture": "#0"
        },
        "east": {
          "uv": [
            13,
            1,
            14.5,
            1.5
          ],
          "texture": "#0"
        },
        "south": {
          "uv": [
            8.5,
            9,
            9,
            9.5
          ],
          "texture": "#0"
        },
        "west": {
          "uv": [
            1,
            13,
            2.5,
            13.5
          ],
          "texture": "#0"
        },
        "up": {
          "uv": [
            4,
            12,
            3.5,
            10.5
          ],
          "rotation": 180,
          "texture": "#0"
        },
        "down": {
          "uv": [
            13.5,
            1.5,
            13,
            3
          ],
          "rotation": 180,
          "texture": "#0"
        }
      }
    },
    {
      "from": [
        10.67278,
        13.67538,
        11
      ],
      "to": [
        11.42278,
        14.42538,
        12
      ],
      "rotation": {
        "angle": 45,
        "axis": "z",
        "origin": [
          11,
          14.0026,
          12
        ]
      },
      "faces": {
        "north": {
          "uv": [
            6.5,
            14,
            7,
            14.5
          ],
          "texture": "#0"
        },
        "east": {
          "uv": [
            13.5,
            7.5,
            14.5,
            8
          ],
          "texture": "#0"
        },
        "south": {
          "uv": [
            11,
            3,
            11.5,
            3.5
          ],
          "texture": "#0"
        },
        "west": {
          "uv": [
            13.5,
            7,
            14.5,
            7.5
          ],
          "texture": "#0"
        },
        "up": {
          "uv": [
            8,
            14.5,
            7.5,
            13.5
          ],
          "rotation": 180,
          "texture": "#0"
        },
        "down": {
          "uv": [
            14,
            8,
            13.5,
            9
          ],
          "rotation": 180,
          "texture": "#0"
        }
      }
    },
    {
      "from": [
        2.67278,
        9.42538,
        10.75
      ],
      "to": [
        2.92278,
        9.67538,
        12.25
      ],
      "rotation": {
        "angle": 45,
        "axis": "z",
        "origin": [
          5,
          12.0026,
          11
        ]
      },
      "faces": {
        "north": {
          "uv": [
            13.5,
            14,
            14,
            14.5
          ],
          "texture": "#0"
        },
        "east": {
          "uv": [
            5.5,
            13.5,
            7,
            14
          ],
          "texture": "#0"
        },
        "south": {
          "uv": [
            13,
            14,
            13.5,
            14.5
          ],
          "texture": "#0"
        },
        "west": {
          "uv": [
            13.5,
            5,
            15,
            5.5
          ],
          "texture": "#0"
        },
        "up": {
          "uv": [
            14,
            7,
            13.5,
            5.5
          ],
          "rotation": 180,
          "texture": "#0"
        },
        "down": {
          "uv": [
            7.5,
            13.5,
            7,
            15
          ],
          "rotation": 180,
          "texture": "#0"
        }
      }
    },
    {
      "from": [
        4.92278,
        12.67538,
        10.75
      ],
      "to": [
        5.42278,
        13.17538,
        12.25
      ],
      "rotation": {
        "angle": 45,
        "axis": "z",
        "origin": [
          7,
          14.0026,
          12
        ]
      },
      "faces": {
        "north": {
          "uv": [
            12.5,
            14,
            13,
            14.5
          ],
          "texture": "#0"
        },
        "east": {
          "uv": [
            3.5,
            13.5,
            5,
            14
          ],
          "texture": "#0"
        },
        "south": {
          "uv": [
            12,
            14,
            12.5,
            14.5
          ],
          "texture": "#0"
        },
        "west": {
          "uv": [
            13.5,
            3,
            15,
            3.5
          ],
          "texture": "#0"
        },
        "up": {
          "uv": [
            14,
            5,
            13.5,
            3.5
          ],
          "rotation": 180,
          "texture": "#0"
        },
        "down": {
          "uv": [
            5.5,
            13.5,
            5,
            15
          ],
          "rotation": 180,
          "texture": "#0"
        }
      }
    },
    {
      "from": [
        4.67278,
        13.67538,
        11
      ],
      "to": [
        5.42278,
        14.42538,
        12
      ],
      "rotation": {
        "angle": 45,
        "axis": "z",
        "origin": [
          5,
          14.0026,
          12
        ]
      },
      "faces": {
        "north": {
          "uv": [
            6.5,
            14,
            7,
            14.5
          ],
          "texture": "#0"
        },
        "east": {
          "uv": [
            13.5,
            7.5,
            14.5,
            8
          ],
          "texture": "#0"
        },
        "south": {
          "uv": [
            11,
            3,
            11.5,
            3.5
          ],
          "texture": "#0"
        },
        "west": {
          "uv": [
            13.5,
            7,
            14.5,
            7.5
          ],
          "texture": "#0"
        },
        "up": {
          "uv": [
            8,
            14.5,
            7.5,
            13.5
          ],
          "rotation": 180,
          "texture": "#0"
        },
        "down": {
          "uv": [
            14,
            8,
            13.5,
            9
          ],
          "rotation": 180,
          "texture": "#0"
        }
      }
    },
    {
      "from": [
        2.42278,
        9.17538,
        11
      ],
      "to": [
        3.17278,
        9.92538,
        12
      ],
      "rotation": {
        "angle": 45,
        "axis": "z",
        "origin": [
          5,
          12.0026,
          11
        ]
      },
      "faces": {
        "north": {
          "uv": [
            14,
            14,
            14.5,
            14.5
          ],
          "texture": "#0"
        },
        "east": {
          "uv": [
            3.5,
            14,
            4.5,
            14.5
          ],
          "texture": "#0"
        },
        "south": {
          "uv": [
            14,
            13.5,
            14.5,
            14
          ],
          "texture": "#0"
        },
        "west": {
          "uv": [
            2.5,
            14,
            3.5,
            14.5
          ],
          "texture": "#0"
        },
        "up": {
          "uv": [
            14.5,
            4.5,
            14,
            3.5
          ],
          "rotation": 180,
          "texture": "#0"
        },
        "down": {
          "uv": [
            5,
            14,
            4.5,
            15
          ],
          "rotation": 180,
          "texture": "#0"
        }
      }
    },
    {
      "from": [
        4.67278,
        12.42538,
        11
      ],
      "to": [
        5.67278,
        13.42538,
        12
      ],
      "rotation": {
        "angle": 45,
        "axis": "z",
        "origin": [
          7,
          14.0026,
          12
        ]
      },
      "faces": {
        "north": {
          "uv": [
            11.5,
            14,
            12,
            14.5
          ],
          "texture": "#0"
        },
        "east": {
          "uv": [
            0,
            14,
            1,
            14.5
          ],
          "texture": "#0"
        },
        "south": {
          "uv": [
            11,
            14,
            11.5,
            14.5
          ],
          "texture": "#0"
        },
        "west": {
          "uv": [
            13,
            13.5,
            14,
            14
          ],
          "texture": "#0"
        },
        "up": {
          "uv": [
            14.5,
            1,
            14,
            0
          ],
          "rotation": 180,
          "texture": "#0"
        },
        "down": {
          "uv": [
            2.5,
            14,
            2,
            15
          ],
          "rotation": 180,
          "texture": "#0"
        }
      }
    },
    {
      "from": [
        2.42278,
        -1.57462,
        10.5
      ],
      "to": [
        5.42278,
        1.42538,
        13.5
      ],
      "rotation": {
        "angle": 45,
        "axis": "z",
        "origin": [
          8,
          4.0026,
          12
        ]
      },
      "faces": {
        "north": {
          "uv": [
            9,
            8,
            10.5,
            9.5
          ],
          "texture": "#0"
        },
        "east": {
          "uv": [
            8.5,
            9.5,
            10,
            11
          ],
          "texture": "#0"
        },
        "south": {
          "uv": [
            9,
            6.5,
            10.5,
            8
          ],
          "texture": "#0"
        },
        "west": {
          "uv": [
            7,
            9,
            8.5,
            10.5
          ],
          "texture": "#0"
        },
        "up": {
          "uv": [
            11.5,
            5,
            10,
            3.5
          ],
          "rotation": 180,
          "texture": "#0"
        },
        "down": {
          "uv": [
            11.5,
            5,
            10,
            6.5
          ],
          "rotation": 180,
          "texture": "#0"
        }
      }
    },
    {
      "from": [
        16.42278,
        13.42538,
        11
      ],
      "to": [
        18.42278,
        15.42538,
        14
      ],
      "rotation": {
        "angle": 45,
        "axis": "z",
        "origin": [
          8,
          5.0026,
          12
        ]
      },
      "faces": {
        "north": {
          "uv": [
            7,
            12.5,
            8,
            13.5
          ],
          "texture": "#0"
        },
        "east": {
          "uv": [
            12.5,
            7.5,
            13.5,
            8.5
          ],
          "texture": "#0"
        },
        "south": {
          "uv": [
            12,
            11,
            13,
            12
          ],
          "texture": "#0"
        },
        "west": {
          "uv": [
            12.5,
            6.5,
            13.5,
            7.5
          ],
          "texture": "#0"
        },
        "up": {
          "uv": [
            13.5,
            9.5,
            12.5,
            8.5
          ],
          "rotation": 180,
          "texture": "#0"
        },
        "down": {
          "uv": [
            10,
            12.5,
            9,
            13.5
          ],
          "rotation": 180,
          "texture": "#0"
        }
      }
    },
    {
      "from": [
        15.42278,
        12.42538,
        11.5
      ],
      "to": [
        19.42278,
        16.42538,
        13.5
      ],
      "rotation": {
        "angle": 45,
        "axis": "z",
        "origin": [
          8,
          5.0026,
          12
        ]
      },
      "faces": {
        "north": {
          "uv": [
            9,
            0,
            11,
            2
          ],
          "texture": "#0"
        },
        "east": {
          "uv": [
            8.5,
            12,
            9,
            14
          ],
          "texture": "#0"
        },
        "south": {
          "uv": [
            0,
            9,
            2,
            11
          ],
          "texture": "#0"
        },
        "west": {
          "uv": [
            8,
            12,
            8.5,
            14
          ],
          "texture": "#0"
        },
        "up": {
          "uv": [
            11,
            12.5,
            9,
            12
          ],
          "rotation": 180,
          "texture": "#0"
        },
        "down": {
          "uv": [
            13,
            12,
            11,
            12.5
          ],
          "rotation": 180,
          "texture": "#0"
        }
      }
    },
    {
      "from": [
        9,
        -3,
        11.275
      ],
      "to": [
        11,
        6,
        12.775
      ],
      "rotation": {
        "angle": -45,
        "axis": "z",
        "origin": [
          10,
          0.0026,
          12.025
        ]
      },
      "faces": {
        "north": {
          "uv": [
            6,
            9,
            7,
            4.5
          ],
          "texture": "#0"
        },
        "east": {
          "uv": [
            6,
            0,
            5,
            9
          ],
          "texture": "#0"
        },
        "south": {
          "uv": [
            5,
            0,
            4,
            9
          ],
          "texture": "#0"
        },
        "west": {
          "uv": [
            8,
            0,
            7,
            9
          ],
          "texture": "#0"
        },
        "up": {
          "uv": [
            5,
            13,
            6,
            12
          ],
          "rotation": 180,
          "texture": "#0"
        },
        "down": {
          "uv": [
            6,
            12,
            7,
            13
          ],
          "rotation": 180,
          "texture": "#0"
        }
      }
    },
    {
      "from": [
        8,
        -3,
        11.775
      ],
      "to": [
        12,
        5,
        12.275
      ],
      "rotation": {
        "angle": -45,
        "axis": "z",
        "origin": [
          10,
          0.0026,
          12.025
        ]
      },
      "faces": {
        "north": {
          "uv": [
            4,
            9,
            2,
            3
          ],
          "texture": "#0"
        },
        "east": {
          "uv": [
            8.5,
            0,
            8,
            9
          ],
          "texture": "#0"
        },
        "south": {
          "uv": [
            2,
            0,
            0,
            9
          ],
          "texture": "#0"
        },
        "west": {
          "uv": [
            9,
            0,
            8.5,
            9
          ],
          "texture": "#0"
        },
        "up": {
          "uv": [
            11.5,
            6.5,
            13.5,
            6
          ],
          "rotation": 180,
          "texture": "#0"
        },
        "down": {
          "uv": [
            11.5,
            10.5,
            13.5,
            11
          ],
          "rotation": 180,
          "texture": "#0"
        }
      }
    },
    {
      "from": [
        5,
        -3,
        11.275
      ],
      "to": [
        7,
        6,
        12.775
      ],
      "rotation": {
        "angle": 45,
        "axis": "z",
        "origin": [
          6,
          0.0026,
          12.025
        ]
      },
      "faces": {
        "north": {
          "uv": [
            7,
            9,
            6,
            4.5
          ],
          "texture": "#0"
        },
        "east": {
          "uv": [
            7,
            0,
            8,
            9
          ],
          "texture": "#0"
        },
        "south": {
          "uv": [
            4,
            0,
            5,
            9
          ],
          "texture": "#0"
        },
        "west": {
          "uv": [
            5,
            0,
            6,
            9
          ],
          "texture": "#0"
        },
        "up": {
          "uv": [
            6,
            13,
            5,
            12
          ],
          "rotation": 180,
          "texture": "#0"
        },
        "down": {
          "uv": [
            7,
            12,
            6,
            13
          ],
          "rotation": 180,
          "texture": "#0"
        }
      }
    },
    {
      "from": [
        4,
        -3,
        11.775
      ],
      "to": [
        8,
        5,
        12.275
      ],
      "rotation": {
        "angle": 45,
        "axis": "z",
        "origin": [
          6,
          0.0026,
          12.025
        ]
      },
      "faces": {
        "north": {
          "uv": [
            2,
            9,
            4,
            3
          ],
          "texture": "#0"
        },
        "east": {
          "uv": [
            8.5,
            0,
            9,
            9
          ],
          "texture": "#0"
        },
        "south": {
          "uv": [
            0,
            0,
            2,
            9
          ],
          "texture": "#0"
        },
        "west": {
          "uv": [
            8,
            0,
            8.5,
            9
          ],
          "texture": "#0"
        },
        "up": {
          "uv": [
            13.5,
            6.5,
            11.5,
            6
          ],
          "rotation": 180,
          "texture": "#0"
        },
        "down": {
          "uv": [
            13.5,
            10.5,
            11.5,
            11
          ],
          "rotation": 180,
          "texture": "#0"
        }
      }
    },
    {
      "from": [
        1,
        3,
        11.25
      ],
      "to": [
        3,
        19,
        12.75
      ],
      "rotation": {
        "angle": 0,
        "axis": "y",
        "origin": [
          2,
          6.0026,
          12
        ]
      },
      "faces": {
        "north": {
          "uv": [
            6,
            0,
            7,
            9
          ],
          "texture": "#0"
        },
        "east": {
          "uv": [
            7,
            0,
            8,
            9
          ],
          "texture": "#0"
        },
        "south": {
          "uv": [
            4,
            0,
            5,
            9
          ],
          "texture": "#0"
        },
        "west": {
          "uv": [
            5,
            0,
            6,
            9
          ],
          "texture": "#0"
        },
        "up": {
          "uv": [
            6,
            13,
            5,
            12
          ],
          "rotation": 180,
          "texture": "#0"
        },
        "down": {
          "uv": [
            7,
            12,
            6,
            13
          ],
          "rotation": 180,
          "texture": "#0"
        }
      }
    },
    {
      "from": [
        0,
        3,
        11.75
      ],
      "to": [
        4,
        19,
        12.25
      ],
      "rotation": {
        "angle": 0,
        "axis": "y",
        "origin": [
          2,
          6.0026,
          12
        ]
      },
      "faces": {
        "north": {
          "uv": [
            2,
            0,
            4,
            9
          ],
          "texture": "#0"
        },
        "east": {
          "uv": [
            8.5,
            0,
            9,
            9
          ],
          "texture": "#0"
        },
        "south": {
          "uv": [
            0,
            0,
            2,
            9
          ],
          "texture": "#0"
        },
        "west": {
          "uv": [
            8,
            0,
            8.5,
            9
          ],
          "texture": "#0"
        },
        "up": {
          "uv": [
            13.5,
            6.5,
            11.5,
            6
          ],
          "rotation": 180,
          "texture": "#0"
        },
        "down": {
          "uv": [
            13.5,
            10.5,
            11.5,
            11
          ],
          "rotation": 180,
          "texture": "#0"
        }
      }
    },
    {
      "from": [
        13,
        3,
        11.25
      ],
      "to": [
        15,
        19,
        12.75
      ],
      "rotation": {
        "angle": 0,
        "axis": "y",
        "origin": [
          14,
          6.0026,
          12
        ]
      },
      "faces": {
        "north": {
          "uv": [
            6,
            0,
            7,
            9
          ],
          "texture": "#0"
        },
        "east": {
          "uv": [
            7,
            0,
            8,
            9
          ],
          "texture": "#0"
        },
        "south": {
          "uv": [
            4,
            0,
            5,
            9
          ],
          "texture": "#0"
        },
        "west": {
          "uv": [
            5,
            0,
            6,
            9
          ],
          "texture": "#0"
        },
        "up": {
          "uv": [
            6,
            13,
            5,
            12
          ],
          "rotation": 180,
          "texture": "#0"
        },
        "down": {
          "uv": [
            7,
            12,
            6,
            13
          ],
          "rotation": 180,
          "texture": "#0"
        }
      }
    },
    {
      "from": [
        12,
        3,
        11.75
      ],
      "to": [
        16,
        19,
        12.25
      ],
      "rotation": {
        "angle": 0,
        "axis": "y",
        "origin": [
          14,
          6.0026,
          12
        ]
      },
      "faces": {
        "north": {
          "uv": [
            2,
            0,
            4,
            9
          ],
          "texture": "#0"
        },
        "east": {
          "uv": [
            8.5,
            0,
            9,
            9
          ],
          "texture": "#0"
        },
        "south": {
          "uv": [
            0,
            0,
            2,
            9
          ],
          "texture": "#0"
        },
        "west": {
          "uv": [
            8,
            0,
            8.5,
            9
          ],
          "texture": "#0"
        },
        "up": {
          "uv": [
            13.5,
            6.5,
            11.5,
            6
          ],
          "rotation": 180,
          "texture": "#0"
        },
        "down": {
          "uv": [
            13.5,
            10.5,
            11.5,
            11
          ],
          "rotation": 180,
          "texture": "#0"
        }
      }
    },
    {
      "from": [
        4,
        1,
        12
      ],
      "to": [
        12,
        19,
        13
      ],
      "rotation": {
        "angle": 0,
        "axis": "y",
        "origin": [
          11,
          13.0026,
          13
        ]
      },
      "faces": {
        "north": {
          "uv": [
            4,
            1,
            8,
            9
          ],
          "texture": "#0"
        },
        "east": {
          "uv": [
            6,
            9,
            7,
            12
          ],
          "texture": "#0"
        },
        "south": {
          "uv": [
            4,
            1,
            8,
            9
          ],
          "texture": "#0"
        },
        "west": {
          "uv": [
            4,
            9,
            5,
            12
          ],
          "texture": "#0"
        },
        "up": {
          "uv": [
            4,
            13,
            3,
            12
          ],
          "rotation": 180,
          "texture": "#0"
        },
        "down": {
          "uv": [
            5,
            12,
            4,
            13
          ],
          "rotation": 180,
          "texture": "#0"
        }
      }
    },
    {
      "from": [
        13.18203,
        1.72093,
        11.5
      ],
      "to": [
        15.18203,
        2.72093,
        12.5
      ],
      "rotation": {
        "angle": -45,
        "axis": "z",
        "origin": [
          8,
          5.0026,
          12
        ]
      },
      "faces": {
        "north": {
          "uv": [
            8,
            14,
            9,
            14.5
          ],
          "texture": "#0"
        },
        "east": {
          "uv": [
            14.5,
            0.5,
            15,
            1
          ],
          "texture": "#0"
        },
        "south": {
          "uv": [
            14,
            6.5,
            15,
            7
          ],
          "texture": "#0"
        },
        "west": {
          "uv": [
            0.5,
            14.5,
            1,
            15
          ],
          "texture": "#0"
        },
        "up": {
          "uv": [
            15,
            8.5,
            14,
            8
          ],
          "rotation": 180,
          "texture": "#0"
        },
        "down": {
          "uv": [
            15,
            8.5,
            14,
            9
          ],
          "rotation": 180,
          "texture": "#0"
        }
      }
    },
    {
      "from": [
        0.81797,
        1.72093,
        11.5
      ],
      "to": [
        2.81797,
        2.72093,
        12.5
      ],
      "rotation": {
        "angle": 45,
        "axis": "z",
        "origin": [
          8,
          5.0026,
          12
        ]
      },
      "faces": {
        "north": {
          "uv": [
            5.5,
            14,
            6.5,
            14.5
          ],
          "texture": "#0"
        },
        "east": {
          "uv": [
            14.5,
            0,
            15,
            0.5
          ],
          "texture": "#0"
        },
        "south": {
          "uv": [
            14,
            4.5,
            15,
            5
          ],
          "texture": "#0"
        },
        "west": {
          "uv": [
            0,
            14.5,
            0.5,
            15
          ],
          "texture": "#0"
        },
        "up": {
          "uv": [
            15,
            6,
            14,
            5.5
          ],
          "rotation": 180,
          "texture": "#0"
        },
        "down": {
          "uv": [
            15,
            6,
            14,
            6.5
          ],
          "rotation": 180,
          "texture": "#0"
        }
      }
    },
    {
      "from": [
        -1.76217,
        4.14617,
        11.275
      ],
      "to": [
        0.23783,
        5.14617,
        12.725
      ],
      "rotation": {
        "angle": 22.5,
        "axis": "z",
        "origin": [
          4,
          9.0026,
          12
        ]
      },
      "faces": {
        "north": {
          "uv": [
            11,
            13.5,
            12,
            14
          ],
          "texture": "#0"
        },
        "east": {
          "uv": [
            12,
            13.5,
            13,
            14
          ],
          "texture": "#0"
        },
        "south": {
          "uv": [
            13.5,
            10,
            14.5,
            10.5
          ],
          "texture": "#0"
        },
        "west": {
          "uv": [
            13.5,
            10.5,
            14.5,
            11
          ],
          "texture": "#0"
        },
        "up": {
          "uv": [
            3,
            13,
            2,
            12
          ],
          "rotation": 180,
          "texture": "#0"
        },
        "down": {
          "uv": [
            13,
            2,
            12,
            3
          ],
          "rotation": 180,
          "texture": "#0"
        }
      }
    },
    {
      "from": [
        -3.18203,
        5.72093,
        11.5
      ],
      "to": [
        -1.18203,
        6.72093,
        12.5
      ],
      "rotation": {
        "angle": 45,
        "axis": "z",
        "origin": [
          4,
          9.0026,
          12
        ]
      },
      "faces": {
        "north": {
          "uv": [
            5.5,
            14,
            6.5,
            14.5
          ],
          "texture": "#0"
        },
        "east": {
          "uv": [
            14.5,
            0,
            15,
            0.5
          ],
          "texture": "#0"
        },
        "south": {
          "uv": [
            14,
            4.5,
            15,
            5
          ],
          "texture": "#0"
        },
        "west": {
          "uv": [
            0,
            14.5,
            0.5,
            15
          ],
          "texture": "#0"
        },
        "up": {
          "uv": [
            15,
            6,
            14,
            5.5
          ],
          "rotation": 180,
          "texture": "#0"
        },
        "down": {
          "uv": [
            15,
            6,
            14,
            6.5
          ],
          "rotation": 180,
          "texture": "#0"
        }
      }
    },
    {
      "from": [
        -0.76217,
        3.14617,
        11.25
      ],
      "to": [
        1.23783,
        4.14617,
        12.75
      ],
      "rotation": {
        "angle": 22.5,
        "axis": "z",
        "origin": [
          5,
          8.0026,
          12
        ]
      },
      "faces": {
        "north": {
          "uv": [
            11,
            13.5,
            12,
            14
          ],
          "texture": "#0"
        },
        "east": {
          "uv": [
            12,
            13.5,
            13,
            14
          ],
          "texture": "#0"
        },
        "south": {
          "uv": [
            13.5,
            10,
            14.5,
            10.5
          ],
          "texture": "#0"
        },
        "west": {
          "uv": [
            13.5,
            10.5,
            14.5,
            11
          ],
          "texture": "#0"
        },
        "up": {
          "uv": [
            3,
            13,
            2,
            12
          ],
          "rotation": 180,
          "texture": "#0"
        },
        "down": {
          "uv": [
            13,
            2,
            12,
            3
          ],
          "rotation": 180,
          "texture": "#0"
        }
      }
    },
    {
      "from": [
        -2.18203,
        4.72093,
        11.5
      ],
      "to": [
        -0.18203,
        5.72093,
        12.5
      ],
      "rotation": {
        "angle": 45,
        "axis": "z",
        "origin": [
          5,
          8.0026,
          12
        ]
      },
      "faces": {
        "north": {
          "uv": [
            5.5,
            14,
            6.5,
            14.5
          ],
          "texture": "#0"
        },
        "east": {
          "uv": [
            14.5,
            0,
            15,
            0.5
          ],
          "texture": "#0"
        },
        "south": {
          "uv": [
            14,
            4.5,
            15,
            5
          ],
          "texture": "#0"
        },
        "west": {
          "uv": [
            0,
            14.5,
            0.5,
            15
          ],
          "texture": "#0"
        },
        "up": {
          "uv": [
            15,
            6,
            14,
            5.5
          ],
          "rotation": 180,
          "texture": "#0"
        },
        "down": {
          "uv": [
            15,
            6,
            14,
            6.5
          ],
          "rotation": 180,
          "texture": "#0"
        }
      }
    },
    {
      "from": [
        0.23783,
        2.14617,
        11.25
      ],
      "to": [
        2.23783,
        3.14617,
        12.75
      ],
      "rotation": {
        "angle": 22.5,
        "axis": "z",
        "origin": [
          6,
          7.0026,
          12
        ]
      },
      "faces": {
        "north": {
          "uv": [
            11,
            13.5,
            12,
            14
          ],
          "texture": "#0"
        },
        "east": {
          "uv": [
            12,
            13.5,
            13,
            14
          ],
          "texture": "#0"
        },
        "south": {
          "uv": [
            13.5,
            10,
            14.5,
            10.5
          ],
          "texture": "#0"
        },
        "west": {
          "uv": [
            13.5,
            10.5,
            14.5,
            11
          ],
          "texture": "#0"
        },
        "up": {
          "uv": [
            3,
            13,
            2,
            12
          ],
          "rotation": 180,
          "texture": "#0"
        },
        "down": {
          "uv": [
            13,
            2,
            12,
            3
          ],
          "rotation": 180,
          "texture": "#0"
        }
      }
    },
    {
      "from": [
        -1.18203,
        3.72093,
        11.5
      ],
      "to": [
        0.81797,
        4.72093,
        12.5
      ],
      "rotation": {
        "angle": 45,
        "axis": "z",
        "origin": [
          6,
          7.0026,
          12
        ]
      },
      "faces": {
        "north": {
          "uv": [
            5.5,
            14,
            6.5,
            14.5
          ],
          "texture": "#0"
        },
        "east": {
          "uv": [
            14.5,
            0,
            15,
            0.5
          ],
          "texture": "#0"
        },
        "south": {
          "uv": [
            14,
            4.5,
            15,
            5
          ],
          "texture": "#0"
        },
        "west": {
          "uv": [
            0,
            14.5,
            0.5,
            15
          ],
          "texture": "#0"
        },
        "up": {
          "uv": [
            15,
            6,
            14,
            5.5
          ],
          "rotation": 180,
          "texture": "#0"
        },
        "down": {
          "uv": [
            15,
            6,
            14,
            6.5
          ],
          "rotation": 180,
          "texture": "#0"
        }
      }
    },
    {
      "from": [
        1.23783,
        1.14617,
        11.25
      ],
      "to": [
        3.23783,
        2.14617,
        12.75
      ],
      "rotation": {
        "angle": 22.5,
        "axis": "z",
        "origin": [
          7,
          6.0026,
          12
        ]
      },
      "faces": {
        "north": {
          "uv": [
            11,
            13.5,
            12,
            14
          ],
          "texture": "#0"
        },
        "east": {
          "uv": [
            12,
            13.5,
            13,
            14
          ],
          "texture": "#0"
        },
        "south": {
          "uv": [
            13.5,
            10,
            14.5,
            10.5
          ],
          "texture": "#0"
        },
        "west": {
          "uv": [
            13.5,
            10.5,
            14.5,
            11
          ],
          "texture": "#0"
        },
        "up": {
          "uv": [
            3,
            13,
            2,
            12
          ],
          "rotation": 180,
          "texture": "#0"
        },
        "down": {
          "uv": [
            13,
            2,
            12,
            3
          ],
          "rotation": 180,
          "texture": "#0"
        }
      }
    },
    {
      "from": [
        -0.18203,
        2.72093,
        11.5
      ],
      "to": [
        1.81797,
        3.72093,
        12.5
      ],
      "rotation": {
        "angle": 45,
        "axis": "z",
        "origin": [
          7,
          6.0026,
          12
        ]
      },
      "faces": {
        "north": {
          "uv": [
            5.5,
            14,
            6.5,
            14.5
          ],
          "texture": "#0"
        },
        "east": {
          "uv": [
            14.5,
            0,
            15,
            0.5
          ],
          "texture": "#0"
        },
        "south": {
          "uv": [
            14,
            4.5,
            15,
            5
          ],
          "texture": "#0"
        },
        "west": {
          "uv": [
            0,
            14.5,
            0.5,
            15
          ],
          "texture": "#0"
        },
        "up": {
          "uv": [
            15,
            6,
            14,
            5.5
          ],
          "rotation": 180,
          "texture": "#0"
        },
        "down": {
          "uv": [
            15,
            6,
            14,
            6.5
          ],
          "rotation": 180,
          "texture": "#0"
        }
      }
    },
    {
      "from": [
        2.23783,
        0.14617,
        11.25
      ],
      "to": [
        4.23783,
        1.14617,
        12.75
      ],
      "rotation": {
        "angle": 22.5,
        "axis": "z",
        "origin": [
          8,
          5.0026,
          12
        ]
      },
      "faces": {
        "north": {
          "uv": [
            11,
            13.5,
            12,
            14
          ],
          "texture": "#0"
        },
        "east": {
          "uv": [
            12,
            13.5,
            13,
            14
          ],
          "texture": "#0"
        },
        "south": {
          "uv": [
            13.5,
            10,
            14.5,
            10.5
          ],
          "texture": "#0"
        },
        "west": {
          "uv": [
            13.5,
            10.5,
            14.5,
            11
          ],
          "texture": "#0"
        },
        "up": {
          "uv": [
            3,
            13,
            2,
            12
          ],
          "rotation": 180,
          "texture": "#0"
        },
        "down": {
          "uv": [
            13,
            2,
            12,
            3
          ],
          "rotation": 180,
          "texture": "#0"
        }
      }
    },
    {
      "from": [
        15.76217,
        4.14617,
        11.275
      ],
      "to": [
        17.76217,
        5.14617,
        12.725
      ],
      "rotation": {
        "angle": -22.5,
        "axis": "z",
        "origin": [
          12,
          9.0026,
          12
        ]
      },
      "faces": {
        "north": {
          "uv": [
            13.5,
            9.5,
            14.5,
            10
          ],
          "texture": "#0"
        },
        "east": {
          "uv": [
            10,
            13.5,
            11,
            14
          ],
          "texture": "#0"
        },
        "south": {
          "uv": [
            9,
            13.5,
            10,
            14
          ],
          "texture": "#0"
        },
        "west": {
          "uv": [
            13.5,
            9,
            14.5,
            9.5
          ],
          "texture": "#0"
        },
        "up": {
          "uv": [
            12.5,
            10.5,
            11.5,
            9.5
          ],
          "rotation": 180,
          "texture": "#0"
        },
        "down": {
          "uv": [
            13,
            1,
            12,
            2
          ],
          "rotation": 180,
          "texture": "#0"
        }
      }
    },
    {
      "from": [
        17.18203,
        5.72093,
        11.5
      ],
      "to": [
        19.18203,
        6.72093,
        12.5
      ],
      "rotation": {
        "angle": -45,
        "axis": "z",
        "origin": [
          12,
          9.0026,
          12
        ]
      },
      "faces": {
        "north": {
          "uv": [
            8,
            14,
            9,
            14.5
          ],
          "texture": "#0"
        },
        "east": {
          "uv": [
            14.5,
            0.5,
            15,
            1
          ],
          "texture": "#0"
        },
        "south": {
          "uv": [
            14,
            6.5,
            15,
            7
          ],
          "texture": "#0"
        },
        "west": {
          "uv": [
            0.5,
            14.5,
            1,
            15
          ],
          "texture": "#0"
        },
        "up": {
          "uv": [
            15,
            8.5,
            14,
            8
          ],
          "rotation": 180,
          "texture": "#0"
        },
        "down": {
          "uv": [
            15,
            8.5,
            14,
            9
          ],
          "rotation": 180,
          "texture": "#0"
        }
      }
    },
    {
      "from": [
        14.76217,
        3.14617,
        11.25
      ],
      "to": [
        16.76217,
        4.14617,
        12.75
      ],
      "rotation": {
        "angle": -22.5,
        "axis": "z",
        "origin": [
          11,
          8.0026,
          12
        ]
      },
      "faces": {
        "north": {
          "uv": [
            13.5,
            9.5,
            14.5,
            10
          ],
          "texture": "#0"
        },
        "east": {
          "uv": [
            10,
            13.5,
            11,
            14
          ],
          "texture": "#0"
        },
        "south": {
          "uv": [
            9,
            13.5,
            10,
            14
          ],
          "texture": "#0"
        },
        "west": {
          "uv": [
            13.5,
            9,
            14.5,
            9.5
          ],
          "texture": "#0"
        },
        "up": {
          "uv": [
            12.5,
            10.5,
            11.5,
            9.5
          ],
          "rotation": 180,
          "texture": "#0"
        },
        "down": {
          "uv": [
            13,
            1,
            12,
            2
          ],
          "rotation": 180,
          "texture": "#0"
        }
      }
    },
    {
      "from": [
        16.18203,
        4.72093,
        11.5
      ],
      "to": [
        18.18203,
        5.72093,
        12.5
      ],
      "rotation": {
        "angle": -45,
        "axis": "z",
        "origin": [
          11,
          8.0026,
          12
        ]
      },
      "faces": {
        "north": {
          "uv": [
            8,
            14,
            9,
            14.5
          ],
          "texture": "#0"
        },
        "east": {
          "uv": [
            14.5,
            0.5,
            15,
            1
          ],
          "texture": "#0"
        },
        "south": {
          "uv": [
            14,
            6.5,
            15,
            7
          ],
          "texture": "#0"
        },
        "west": {
          "uv": [
            0.5,
            14.5,
            1,
            15
          ],
          "texture": "#0"
        },
        "up": {
          "uv": [
            15,
            8.5,
            14,
            8
          ],
          "rotation": 180,
          "texture": "#0"
        },
        "down": {
          "uv": [
            15,
            8.5,
            14,
            9
          ],
          "rotation": 180,
          "texture": "#0"
        }
      }
    },
    {
      "from": [
        13.76217,
        2.14617,
        11.25
      ],
      "to": [
        15.76217,
        3.14617,
        12.75
      ],
      "rotation": {
        "angle": -22.5,
        "axis": "z",
        "origin": [
          10,
          7.0026,
          12
        ]
      },
      "faces": {
        "north": {
          "uv": [
            13.5,
            9.5,
            14.5,
            10
          ],
          "texture": "#0"
        },
        "east": {
          "uv": [
            10,
            13.5,
            11,
            14
          ],
          "texture": "#0"
        },
        "south": {
          "uv": [
            9,
            13.5,
            10,
            14
          ],
          "texture": "#0"
        },
        "west": {
          "uv": [
            13.5,
            9,
            14.5,
            9.5
          ],
          "texture": "#0"
        },
        "up": {
          "uv": [
            12.5,
            10.5,
            11.5,
            9.5
          ],
          "rotation": 180,
          "texture": "#0"
        },
        "down": {
          "uv": [
            13,
            1,
            12,
            2
          ],
          "rotation": 180,
          "texture": "#0"
        }
      }
    },
    {
      "from": [
        15.18203,
        3.72093,
        11.5
      ],
      "to": [
        17.18203,
        4.72093,
        12.5
      ],
      "rotation": {
        "angle": -45,
        "axis": "z",
        "origin": [
          10,
          7.0026,
          12
        ]
      },
      "faces": {
        "north": {
          "uv": [
            8,
            14,
            9,
            14.5
          ],
          "texture": "#0"
        },
        "east": {
          "uv": [
            14.5,
            0.5,
            15,
            1
          ],
          "texture": "#0"
        },
        "south": {
          "uv": [
            14,
            6.5,
            15,
            7
          ],
          "texture": "#0"
        },
        "west": {
          "uv": [
            0.5,
            14.5,
            1,
            15
          ],
          "texture": "#0"
        },
        "up": {
          "uv": [
            15,
            8.5,
            14,
            8
          ],
          "rotation": 180,
          "texture": "#0"
        },
        "down": {
          "uv": [
            15,
            8.5,
            14,
            9
          ],
          "rotation": 180,
          "texture": "#0"
        }
      }
    },
    {
      "from": [
        12.76217,
        1.14617,
        11.25
      ],
      "to": [
        14.76217,
        2.14617,
        12.75
      ],
      "rotation": {
        "angle": -22.5,
        "axis": "z",
        "origin": [
          9,
          6.0026,
          12
        ]
      },
      "faces": {
        "north": {
          "uv": [
            13.5,
            9.5,
            14.5,
            10
          ],
          "texture": "#0"
        },
        "east": {
          "uv": [
            10,
            13.5,
            11,
            14
          ],
          "texture": "#0"
        },
        "south": {
          "uv": [
            9,
            13.5,
            10,
            14
          ],
          "texture": "#0"
        },
        "west": {
          "uv": [
            13.5,
            9,
            14.5,
            9.5
          ],
          "texture": "#0"
        },
        "up": {
          "uv": [
            12.5,
            10.5,
            11.5,
            9.5
          ],
          "rotation": 180,
          "texture": "#0"
        },
        "down": {
          "uv": [
            13,
            1,
            12,
            2
          ],
          "rotation": 180,
          "texture": "#0"
        }
      }
    },
    {
      "from": [
        14.18203,
        2.72093,
        11.5
      ],
      "to": [
        16.18203,
        3.72093,
        12.5
      ],
      "rotation": {
        "angle": -45,
        "axis": "z",
        "origin": [
          9,
          6.0026,
          12
        ]
      },
      "faces": {
        "north": {
          "uv": [
            8,
            14,
            9,
            14.5
          ],
          "texture": "#0"
        },
        "east": {
          "uv": [
            14.5,
            0.5,
            15,
            1
          ],
          "texture": "#0"
        },
        "south": {
          "uv": [
            14,
            6.5,
            15,
            7
          ],
          "texture": "#0"
        },
        "west": {
          "uv": [
            0.5,
            14.5,
            1,
            15
          ],
          "texture": "#0"
        },
        "up": {
          "uv": [
            15,
            8.5,
            14,
            8
          ],
          "rotation": 180,
          "texture": "#0"
        },
        "down": {
          "uv": [
            15,
            8.5,
            14,
            9
          ],
          "rotation": 180,
          "texture": "#0"
        }
      }
    },
    {
      "from": [
        11.76217,
        0.14617,
        11.25
      ],
      "to": [
        13.76217,
        1.14617,
        12.75
      ],
      "rotation": {
        "angle": -22.5,
        "axis": "z",
        "origin": [
          8,
          5.0026,
          12
        ]
      },
      "faces": {
        "north": {
          "uv": [
            13.5,
            9.5,
            14.5,
            10
          ],
          "texture": "#0"
        },
        "east": {
          "uv": [
            10,
            13.5,
            11,
            14
          ],
          "texture": "#0"
        },
        "south": {
          "uv": [
            9,
            13.5,
            10,
            14
          ],
          "texture": "#0"
        },
        "west": {
          "uv": [
            13.5,
            9,
            14.5,
            9.5
          ],
          "texture": "#0"
        },
        "up": {
          "uv": [
            12.5,
            10.5,
            11.5,
            9.5
          ],
          "rotation": 180,
          "texture": "#0"
        },
        "down": {
          "uv": [
            13,
            1,
            12,
            2
          ],
          "rotation": 180,
          "texture": "#0"
        }
      }
    },
    {
      "from": [
        6,
        -2,
        11.75
      ],
      "to": [
        10,
        0,
        12.95
      ],
      "rotation": {
        "angle": 0,
        "axis": "y",
        "origin": [
          8,
          6.0026,
          13
        ]
      },
      "faces": {
        "north": {
          "uv": [
            4,
            9.5,
            7,
            11
          ],
          "texture": "#0"
        },
        "east": {
          "uv": [
            4,
            13,
            5.5,
            13.5
          ],
          "texture": "#0"
        },
        "south": {
          "uv": [
            11.5,
            5,
            13.5,
            6
          ],
          "texture": "#0"
        },
        "west": {
          "uv": [
            2.5,
            13,
            4,
            13.5
          ],
          "texture": "#0"
        },
        "up": {
          "uv": [
            4,
            10.5,
            2,
            9
          ],
          "rotation": 180,
          "texture": "#0"
        },
        "down": {
          "uv": [
            11,
            2,
            9,
            3.5
          ],
          "rotation": 180,
          "texture": "#0"
        }
      }
    },
    {
      "from": [
        3,
        0,
        11.75
      ],
      "to": [
        8,
        3,
        12.95
      ],
      "rotation": {
        "angle": 0,
        "axis": "y",
        "origin": [
          5,
          8.0026,
          13
        ]
      },
      "faces": {
        "north": {
          "uv": [
            4,
            9.5,
            7,
            11
          ],
          "texture": "#0"
        },
        "east": {
          "uv": [
            4,
            13,
            5.5,
            13.5
          ],
          "texture": "#0"
        },
        "south": {
          "uv": [
            11.5,
            5,
            13.5,
            6
          ],
          "texture": "#0"
        },
        "west": {
          "uv": [
            2.5,
            13,
            4,
            13.5
          ],
          "texture": "#0"
        },
        "up": {
          "uv": [
            4,
            10.5,
            2,
            9
          ],
          "rotation": 180,
          "texture": "#0"
        },
        "down": {
          "uv": [
            11,
            2,
            9,
            3.5
          ],
          "rotation": 180,
          "texture": "#0"
        }
      }
    },
    {
      "from": [
        8,
        0,
        11.75
      ],
      "to": [
        13,
        3,
        12.95
      ],
      "rotation": {
        "angle": 0,
        "axis": "y",
        "origin": [
          11,
          8.0026,
          13
        ]
      },
      "faces": {
        "north": {
          "uv": [
            4,
            9.5,
            7,
            11
          ],
          "texture": "#0"
        },
        "east": {
          "uv": [
            4,
            13,
            5.5,
            13.5
          ],
          "texture": "#0"
        },
        "south": {
          "uv": [
            11.5,
            5,
            13.5,
            6
          ],
          "texture": "#0"
        },
        "west": {
          "uv": [
            2.5,
            13,
            4,
            13.5
          ],
          "texture": "#0"
        },
        "up": {
          "uv": [
            4,
            10.5,
            2,
            9
          ],
          "rotation": 180,
          "texture": "#0"
        },
        "down": {
          "uv": [
            11,
            2,
            9,
            3.5
          ],
          "rotation": 180,
          "texture": "#0"
        }
      }
    }
  ],
  "gui_light": "front",
  "display": {
    "thirdperson_righthand": {
      "rotation": [
        90,
        -90,
        90
      ],
      "translation": [
        8,
        -5,
        3
      ]
    },
    "thirdperson_lefthand": {
      "rotation": [
        90,
        -90,
        90
      ],
      "translation": [
        8,
        -5,
        3
      ]
    },
    "firstperson_righthand": {
      "rotation": [
        75,
        -90,
        90
      ],
      "translation": [
        8,
        -7,
        3
      ]
    },
    "firstperson_lefthand": {
      "rotation": [
        75,
        -90,
        90
      ],
      "translation": [
        8,
        -7,
        3
      ]
    },
    "ground": {
      "rotation": [
        45,
        0,
        0
      ],
      "translation": [
        0,
        3,
        0
      ],
      "scale": [
        0.5,
        0.5,
        0.5
      ]
    },
    "gui": {
      "rotation": [
        -22.25,
        152.25,
        30.5
      ],
      "translation": [
        -2.5,
        0.25,
        0
      ],
      "scale": [
        0.8,
        0.63,
        0.8
      ]
    },
    "head": {
      "rotation": [
        90,
        0,
        0
      ],
      "translation": [
        0,
        11.75,
        -3
      ]
    },
    "fixed": {
      "translation": [
        0,
        -0.75,
        -3
      ],
      "scale": [
        0.8,
        0.8,
        0.8
      ]
    }
  },
  "groups": [
    {
      "name": "shield",
      "origin": [
        0,
        11,
        1
      ],
      "color": 0,
      "children": [
        0,
        1,
        2,
        3,
        4,
        5,
        6,
        7,
        8,
        9,
        10,
        11,
        12,
        13,
        14,
        15,
        16,
        17,
        18,
        19,
        20,
        21,
        22,
        23,
        24,
        25,
        26,
        27,
        28,
        29,
        30,
        31,
        32,
        33,
        34,
        35,
        36,
        37,
        38,
        39,
        40,
        41,
        42,
        43,
        44,
        45,
        46,
        47,
        48,
        49,
        50,
        51,
        52,
        53,
        54,
        55,
        56,
        57,
        58
      ]
    }
  ]
}