{
  "credit": "Made By AtPoe",
  "texture_size": [
    64,
    64
  ],
  "elements": [
    {
      "from": [
        7.51,
        0.16,
        7.51
      ],
      "to": [
        8.49,
        5.55,
        8.49
      ],
      "rotation": {
        "angle": 0,
        "axis": "y",
        "origin": [
          4.08,
          15.84,
          4.08
        ]
      },
      "faces": {
        "north": {
          "uv": [
            12.75,
            10.5,
            12,
            13.25
          ],
          "texture": "#dagger_0"
        },
        "east": {
          "uv": [
            12.75,
            10.5,
            12,
            13.25
          ],
          "texture": "#dagger_0"
        },
        "south": {
          "uv": [
            12.75,
            10.5,
            12,
            13.25
          ],
          "texture": "#dagger_0"
        },
        "west": {
          "uv": [
            12.75,
            10.5,
            12,
            13.25
          ],
          "texture": "#dagger_0"
        }
      }
    },
    {
      "from": [
        6.285,
        5.55,
        7.51
      ],
      "to": [
        9.715,
        6.53,
        8.49
      ],
      "rotation": {
        "angle": 0,
        "axis": "y",
        "origin": [
          4.325,
          16.33,
          4.08
        ]
      },
      "faces": {
        "north": {
          "uv": [
            13.25,
            9.75,
            11.5,
            10.5
          ],
          "texture": "#dagger_0"
        },
        "east": {
          "uv": [
            10.75,
            9.5,
            10.25,
            10.25
          ],
          "texture": "#dagger_0"
        },
        "south": {
          "uv": [
            13.25,
            9.75,
            11.5,
            10.5
          ],
          "texture": "#dagger_0"
        },
        "west": {
          "uv": [
            10.75,
            9.5,
            10.25,
            10.25
          ],
          "texture": "#dagger_0"
        },
        "up": {
          "uv": [
            11.5,
            9.75,
            13.25,
            10
          ],
          "texture": "#dagger_0"
        },
        "down": {
          "uv": [
            11.5,
            10.25,
            13.25,
            10.5
          ],
          "texture": "#dagger_0"
        }
      }
    },
    {
      "from": [
        6.90975,
        6.383,
        7.902
      ],
      "to": [
        9.127,
        12.3855,
        8.098
      ],
      "rotation": {
        "angle": 0,
        "axis": "y",
        "origin": [
          8,
          9.421,
          8
        ]
      },
      "faces": {
        "north": {
          "uv": [
            11.5,
            3.5,
            11.75,
            9.75
          ],
          "texture": "#dagger_0"
        },
        "east": {
          "uv": [
            13,
            3,
            13.25,
            9.75
          ],
          "texture": "#dagger_0"
        },
        "south": {
          "uv": [
            11.5,
            3.5,
            11.75,
            9.75
          ],
          "texture": "#dagger_0"
        },
        "west": {
          "uv": [
            11.5,
            3,
            11.75,
            9.75
          ],
          "texture": "#dagger_0"
        },
        "up": {
          "uv": [
            11.5,
            1.25,
            13.25,
            1.5
          ],
          "texture": "#dagger_0"
        }
      }
    },
    {
      "from": [
        7.25475,
        11.50868,
        7.9167
      ],
      "to": [
        9.57588,
        13.40106,
        8.08575
      ],
      "rotation": {
        "angle": 45,
        "axis": "z",
        "origin": [
          8.3168,
          12.47325,
          8.00735
        ]
      },
      "faces": {
        "north": {
          "uv": [
            9.75,
            1.5,
            10,
            1.25
          ],
          "texture": "#dagger_0"
        },
        "east": {
          "uv": [
            13,
            1.25,
            13.25,
            3
          ],
          "texture": "#dagger_0"
        },
        "south": {
          "uv": [
            11.5,
            1.25,
            13.25,
            3
          ],
          "texture": "#dagger_0"
        },
        "up": {
          "uv": [
            11.5,
            1.25,
            13.25,
            1.5
          ],
          "texture": "#dagger_0"
        },
        "down": {
          "uv": [
            11.5,
            1.25,
            13.25,
            1.5
          ],
          "texture": "#dagger_0"
        }
      }
    },
    {
      "from": [
        7.32825,
        11.61893,
        7.7942
      ],
      "to": [
        9.45338,
        13.31531,
        8.196
      ],
      "rotation": {
        "angle": 45,
        "axis": "z",
        "origin": [
          8.2923,
          12.4855,
          7.9951
        ]
      },
      "faces": {
        "north": {
          "uv": [
            9.75,
            2.75,
            11.5,
            1.25
          ],
          "texture": "#dagger_0"
        },
        "east": {
          "uv": [
            13,
            1.25,
            13.25,
            3
          ],
          "texture": "#dagger_0"
        },
        "south": {
          "uv": [
            11.5,
            2.75,
            9.75,
            1.25
          ],
          "texture": "#dagger_0"
        },
        "up": {
          "uv": [
            11.5,
            1.25,
            13.25,
            1.5
          ],
          "texture": "#dagger_0"
        },
        "down": {
          "uv": [
            11.5,
            1.25,
            13.25,
            1.5
          ],
          "texture": "#dagger_0"
        }
      }
    },
    {
      "from": [
        7.02,
        6.53,
        7.76725
      ],
      "to": [
        8.98,
        12.41,
        8.2205
      ],
      "rotation": {
        "angle": 0,
        "axis": "y",
        "origin": [
          3.835,
          14.37,
          4.08
        ]
      },
      "faces": {
        "north": {
          "uv": [
            13,
            3.25,
            11.75,
            9.75
          ],
          "texture": "#dagger_0"
        },
        "east": {
          "uv": [
            12.75,
            3,
            13,
            9.75
          ],
          "texture": "#dagger_0"
        },
        "south": {
          "uv": [
            11.75,
            3.25,
            13,
            9.75
          ],
          "texture": "#dagger_0"
        },
        "west": {
          "uv": [
            11.75,
            3,
            12,
            9.75
          ],
          "texture": "#dagger_0"
        },
        "up": {
          "uv": [
            13,
            4.25,
            11.75,
            4.5
          ],
          "texture": "#dagger_0"
        }
      }
    },
    {
      "from": [
        7.2552,
        -0.8298,
        7.2552
      ],
      "to": [
        8.7448,
        0.1698,
        8.7448
      ],
      "rotation": {
        "angle": 0,
        "axis": "x",
        "origin": [
          8,
          -0.33,
          8
        ]
      },
      "faces": {
        "north": {
          "uv": [
            12,
            13.25,
            12.75,
            14
          ],
          "rotation": 180,
          "texture": "#dagger_0"
        },
        "east": {
          "uv": [
            12,
            13.25,
            12.75,
            14
          ],
          "rotation": 180,
          "texture": "#dagger_0"
        },
        "south": {
          "uv": [
            12,
            13.25,
            12.75,
            14
          ],
          "rotation": 180,
          "texture": "#dagger_0"
        },
        "west": {
          "uv": [
            12,
            13.25,
            12.75,
            14
          ],
          "rotation": 180,
          "texture": "#dagger_0"
        },
        "up": {
          "uv": [
            12,
            13.25,
            12.75,
            14
          ],
          "rotation": 180,
          "texture": "#dagger_0"
        },
        "down": {
          "uv": [
            12,
            13.25,
            12.75,
            14
          ],
          "texture": "#dagger_0"
        }
      }
    },
    {
      "from": [
        6.01914,
        5.33559,
        7.559
      ],
      "to": [
        6.90114,
        6.26659,
        8.441
      ],
      "rotation": {
        "angle": -22.5,
        "axis": "z",
        "origin": [
          6.81898,
          5.73684,
          7.51
        ]
      },
      "faces": {
        "north": {
          "uv": [
            10.725,
            9.5,
            10.25,
            10.25
          ],
          "rotation": 90,
          "texture": "#dagger_0"
        },
        "east": {
          "uv": [
            10.25,
            11,
            10.75,
            11.5
          ],
          "rotation": 270,
          "texture": "#dagger_0"
        },
        "south": {
          "uv": [
            10.725,
            9.5,
            10.25,
            10.25
          ],
          "rotation": 270,
          "texture": "#dagger_0"
        },
        "west": {
          "uv": [
            10.25,
            9,
            10.75,
            9.5
          ],
          "rotation": 270,
          "texture": "#dagger_0"
        },
        "up": {
          "uv": [
            11.25,
            10.5,
            11.7,
            11.25
          ],
          "rotation": 270,
          "texture": "#dagger_0"
        },
        "down": {
          "uv": [
            10.75,
            9.5,
            10.25,
            10.25
          ],
          "rotation": 270,
          "texture": "#dagger_0"
        }
      }
    },
    {
      "from": [
        9.09886,
        5.33559,
        7.559
      ],
      "to": [
        9.98086,
        6.26659,
        8.441
      ],
      "rotation": {
        "angle": 22.5,
        "axis": "z",
        "origin": [
          9.18102,
          5.73684,
          7.51
        ]
      },
      "faces": {
        "north": {
          "uv": [
            10.725,
            10.25,
            10.25,
            9.5
          ],
          "rotation": 90,
          "texture": "#dagger_0"
        },
        "east": {
          "uv": [
            10.25,
            9.5,
            10.75,
            9
          ],
          "rotation": 270,
          "texture": "#dagger_0"
        },
        "south": {
          "uv": [
            10.725,
            10.25,
            10.25,
            9.5
          ],
          "rotation": 270,
          "texture": "#dagger_0"
        },
        "west": {
          "uv": [
            10.25,
            11.5,
            10.75,
            11
          ],
          "rotation": 270,
          "texture": "#dagger_0"
        },
        "up": {
          "uv": [
            11.25,
            11.25,
            11.7,
            10.5
          ],
          "rotation": 270,
          "texture": "#dagger_0"
        },
        "down": {
          "uv": [
            10.75,
            10.25,
            10.25,
            9.5
          ],
          "rotation": 270,
          "texture": "#dagger_0"
        }
      }
    }
  ],
  "gui_light": "front",
  "display": {
    "thirdperson_righthand": {
      "rotation": [
        4,
        -90,
        0
      ],
      "translation": [
        0,
        2.75,
        0.5
      ],
      "scale": [
        0.9,
        0.9,
        0.9
      ]
    },
    "thirdperson_lefthand": {
      "rotation": [
        4,
        90,
        0
      ],
      "translation": [
        0,
        2.75,
        0.5
      ],
      "scale": [
        0.9,
        0.9,
        0.9
      ]
    },
    "firstperson_righthand": {
      "rotation": [
        4,
        -90,
        0
      ],
      "translation": [
        3.25,
        3.25,
        0.5
      ],
      "scale": [
        0.9,
        0.9,
        0.9
      ]
    },
    "firstperson_lefthand": {
      "rotation": [
        4,
        90,
        0
      ],
      "translation": [
        3.25,
        3.25,
        0.5
      ],
      "scale": [
        0.9,
        0.9,
        0.9
      ]
    },
    "ground": {
      "rotation": [
        0,
        0,
        -45
      ],
      "translation": [
        0,
        3,
        0
      ],
      "scale": [
        0.9,
        0.9,
        0.9
      ]
    },
    "gui": {
      "rotation": [
        0,
        0,
        -44.75
      ],
      "translation": [
        -0.25,
        -0.15,
        0
      ],
      "scale": [
        1.25,
        1.1,
        1
      ]
    },
    "head": {
      "rotation": [
        0,
        0,
        140
      ],
      "translation": [
        7,
        6.75,
        0.75
      ],
      "scale": [
        0.9,
        0.89,
        0.9
      ]
    },
    "fixed": {
      "rotation": [
        0,
        -180,
        -45
      ],
      "translation": [
        0.5,
        -0.5,
        0.75
      ],
      "scale": [
        0.9,
        0.9,
        0.9
      ]
    }
  },
  "groups": [
    {
      "name": "Dagger",
      "origin": [
        8,
        8,
        8
      ],
      "color": 0,
      "children": [
        0,
        1,
        2,
        3,
        4,
        5,
        6,
        7,
        8
      ]
    }
  ]
}