{
  "credit": "Made By AtPoe",
  "texture_size": [
    64,
    64
  ],
  "elements": [
    {
      "name": "head",
      "from": [
        6,
        7,
        7.35
      ],
      "to": [
        10,
        11,
        11.35
      ],
      "rotation": {
        "angle": 0,
        "axis": "y",
        "origin": [
          8,
          -5,
          9.35
        ]
      },
      "faces": {
        "north": {
          "uv": [
            2,
            2,
            4,
            4
          ],
          "texture": "#0"
        },
        "east": {
          "uv": [
            0,
            2,
            2,
            4
          ],
          "texture": "#0"
        },
        "south": {
          "uv": [
            6,
            2,
            8,
            4
          ],
          "texture": "#0"
        },
        "west": {
          "uv": [
            4,
            2,
            6,
            4
          ],
          "texture": "#0"
        },
        "up": {
          "uv": [
            4,
            2,
            2,
            0
          ],
          "texture": "#0"
        },
        "down": {
          "uv": [
            6,
            0,
            4,
            2
          ],
          "texture": "#0"
        }
      }
    },
    {
      "name": "body",
      "from": [
        6,
        1,
        8.35
      ],
      "to": [
        10,
        7,
        10.35
      ],
      "rotation": {
        "angle": 0,
        "axis": "y",
        "origin": [
          8,
          7,
          9.35
        ]
      },
      "faces": {
        "north": {
          "uv": [
            5,
            5,
            7,
            8
          ],
          "texture": "#0"
        },
        "east": {
          "uv": [
            4,
            5,
            5,
            8
          ],
          "texture": "#0"
        },
        "south": {
          "uv": [
            8,
            5,
            10,
            8
          ],
          "texture": "#0"
        },
        "west": {
          "uv": [
            7,
            5,
            8,
            8
          ],
          "texture": "#0"
        },
        "up": {
          "uv": [
            7,
            5,
            5,
            4
          ],
          "texture": "#0"
        },
        "down": {
          "uv": [
            9,
            4,
            7,
            5
          ],
          "texture": "#0"
        }
      }
    },
    {
      "name": "right_arm",
      "from": [
        10,
        1,
        8.35
      ],
      "to": [
        11.75,
        7,
        10.35
      ],
      "rotation": {
        "angle": 45,
        "axis": "x",
        "origin": [
          10,
          6,
          9.35
        ]
      },
      "faces": {
        "north": {
          "uv": [
            11,
            5,
            11.75,
            8
          ],
          "texture": "#0"
        },
        "east": {
          "uv": [
            10,
            5,
            11,
            8
          ],
          "texture": "#0"
        },
        "south": {
          "uv": [
            12.75,
            5,
            13.5,
            8
          ],
          "texture": "#0"
        },
        "west": {
          "uv": [
            11.75,
            5,
            12.75,
            8
          ],
          "texture": "#0"
        },
        "up": {
          "uv": [
            11.75,
            5,
            11,
            4
          ],
          "texture": "#0"
        },
        "down": {
          "uv": [
            12.5,
            4,
            11.75,
            5
          ],
          "texture": "#0"
        }
      }
    },
    {
      "name": "left_arm",
      "from": [
        4.25,
        5,
        4.35
      ],
      "to": [
        6,
        7,
        10.35
      ],
      "rotation": {
        "angle": -45,
        "axis": "x",
        "origin": [
          10,
          6,
          9.35
        ]
      },
      "faces": {
        "north": {
          "uv": [
            10.5,
            12,
            9.75,
            13
          ],
          "rotation": 180,
          "texture": "#0"
        },
        "east": {
          "uv": [
            8,
            13,
            9,
            16
          ],
          "rotation": 270,
          "texture": "#0"
        },
        "south": {
          "uv": [
            9.75,
            13,
            9,
            12
          ],
          "texture": "#0"
        },
        "west": {
          "uv": [
            9.75,
            13,
            10.75,
            16
          ],
          "rotation": 90,
          "texture": "#0"
        },
        "up": {
          "uv": [
            9,
            13,
            9.75,
            16
          ],
          "rotation": 180,
          "texture": "#0"
        },
        "down": {
          "uv": [
            10.75,
            13,
            11.5,
            16
          ],
          "texture": "#0"
        }
      }
    },
    {
      "name": "left_leg",
      "from": [
        6,
        0,
        3.35
      ],
      "to": [
        8,
        2,
        9.35
      ],
      "rotation": {
        "angle": 22.5,
        "axis": "y",
        "origin": [
          7,
          1,
          9.35
        ]
      },
      "faces": {
        "north": {
          "uv": [
            7,
            12,
            6,
            13
          ],
          "rotation": 180,
          "texture": "#0"
        },
        "east": {
          "uv": [
            4,
            13,
            5,
            16
          ],
          "rotation": 270,
          "texture": "#0"
        },
        "south": {
          "uv": [
            6,
            13,
            5,
            12
          ],
          "texture": "#0"
        },
        "west": {
          "uv": [
            6,
            13,
            7,
            16
          ],
          "rotation": 90,
          "texture": "#0"
        },
        "up": {
          "uv": [
            5,
            13,
            6,
            16
          ],
          "rotation": 180,
          "texture": "#0"
        },
        "down": {
          "uv": [
            7,
            13,
            8,
            16
          ],
          "texture": "#0"
        }
      }
    },
    {
      "name": "right_leg",
      "from": [
        8,
        0,
        3.35
      ],
      "to": [
        10,
        2,
        9.35
      ],
      "rotation": {
        "angle": -22.5,
        "axis": "y",
        "origin": [
          9,
          1,
          9.35
        ]
      },
      "faces": {
        "north": {
          "uv": [
            3,
            4,
            2,
            5
          ],
          "rotation": 180,
          "texture": "#0"
        },
        "east": {
          "uv": [
            0,
            5,
            1,
            8
          ],
          "rotation": 270,
          "texture": "#0"
        },
        "south": {
          "uv": [
            2,
            5,
            1,
            4
          ],
          "texture": "#0"
        },
        "west": {
          "uv": [
            2,
            5,
            3,
            8
          ],
          "rotation": 90,
          "texture": "#0"
        },
        "up": {
          "uv": [
            1,
            5,
            2,
            8
          ],
          "rotation": 180,
          "texture": "#0"
        },
        "down": {
          "uv": [
            3,
            5,
            4,
            8
          ],
          "texture": "#0"
        }
      }
    }
  ],
  "display": {
    "thirdperson_righthand": {
      "translation": [
        0,
        -0.75,
        -2.75
      ],
      "scale": [
        0.3,
        0.3,
        0.3
      ]
    },
    "thirdperson_lefthand": {
      "translation": [
        0,
        -0.75,
        -2.75
      ],
      "scale": [
        0.3,
        0.3,
        0.3
      ]
    },
    "firstperson_righthand": {
      "translation": [
        5,
        0.75,
        -2.75
      ],
      "scale": [
        0.3,
        0.3,
        0.3
      ]
    },
    "firstperson_lefthand": {
      "translation": [
        5,
        0.75,
        -2.75
      ],
      "scale": [
        0.3,
        0.3,
        0.3
      ]
    },
    "ground": {
      "scale": [
        0.5,
        0.5,
        0.5
      ]
    },
    "gui": {
      "rotation": [
        180,
        0,
        180
      ],
      "translation": [
        0,
        -2,
        0
      ],
      "scale": [
        0.6,
        0.6,
        0.6
      ]
    },
    "head": {
      "translation": [
        0,
        10,
        -0.75
      ],
      "scale": [
        0.5,
        0.5,
        0.5
      ]
    },
    "fixed": {
      "translation": [
        0,
        0,
        -3.75
      ],
      "scale": [
        0.5,
        0.5,
        0.5
      ]
    }
  },
  "groups": [
    {
      "name": "doll",
      "origin": [
        12,
        22,
        8
      ],
      "color": 0,
      "children": [
        0,
        1,
        2,
        3,
        4,
        5
      ]
    }
  ]
}