{
  "credit": "Made By AtPoe",
  "texture_size": [
    64,
    64
  ],
  "elements": [
    {
      "from": [
        6.975,
        -7,
        5.5
      ],
      "to": [
        9.025,
        -6.025,
        11.5
      ],
      "rotation": {
        "angle": 0,
        "axis": "y",
        "origin": [
          9,
          -7,
          7.5
        ]
      },
      "faces": {
        "north": {
          "uv": [
            0.008,
            7.008,
            2.492,
            7.742
          ],
          "texture": "#0"
        },
        "east": {
          "uv": [
            0.008,
            7.008,
            2.492,
            7.742
          ],
          "texture": "#0"
        },
        "south": {
          "uv": [
            0.008,
            7.008,
            2.492,
            7.742
          ],
          "texture": "#0"
        },
        "west": {
          "uv": [
            0.008,
            7.008,
            2.492,
            7.742
          ],
          "texture": "#0"
        },
        "up": {
          "uv": [
            0.008,
            7.008,
            2.492,
            7.742
          ],
          "texture": "#0"
        },
        "down": {
          "uv": [
            0.008,
            7.008,
            2.492,
            7.742
          ],
          "texture": "#0"
        }
      }
    },
    {
      "from": [
        6.975,
        -6.025,
        5.95
      ],
      "to": [
        9.025,
        -5.05,
        11.05
      ],
      "rotation": {
        "angle": 0,
        "axis": "y",
        "origin": [
          9,
          -6.025,
          7.5
        ]
      },
      "faces": {
        "north": {
          "uv": [
            0.008,
            6.258,
            2.492,
            6.992
          ],
          "texture": "#0"
        },
        "east": {
          "uv": [
            0.008,
            7.008,
            2.492,
            7.742
          ],
          "texture": "#0"
        },
        "south": {
          "uv": [
            0.008,
            6.258,
            2.492,
            6.992
          ],
          "texture": "#0"
        },
        "west": {
          "uv": [
            0.008,
            7.008,
            2.492,
            7.742
          ],
          "texture": "#0"
        },
        "up": {
          "uv": [
            0.008,
            6.258,
            2.492,
            6.992
          ],
          "texture": "#0"
        },
        "down": {
          "uv": [
            0.008,
            6.258,
            2.492,
            6.992
          ],
          "texture": "#0"
        }
      }
    },
    {
      "from": [
        6.975,
        -5.05,
        6.475
      ],
      "to": [
        9.025,
        -4.5,
        10.55
      ],
      "rotation": {
        "angle": 0,
        "axis": "y",
        "origin": [
          9,
          -5.05,
          7.5
        ]
      },
      "faces": {
        "north": {
          "uv": [
            0.008,
            7.008,
            2.492,
            7.742
          ],
          "texture": "#0"
        },
        "east": {
          "uv": [
            0.008,
            7.008,
            2.492,
            7.742
          ],
          "texture": "#0"
        },
        "south": {
          "uv": [
            0.008,
            7.008,
            2.492,
            7.742
          ],
          "texture": "#0"
        },
        "west": {
          "uv": [
            0.008,
            7.008,
            2.492,
            7.742
          ],
          "texture": "#0"
        },
        "up": {
          "uv": [
            0.008,
            7.008,
            2.492,
            7.742
          ],
          "texture": "#0"
        },
        "down": {
          "uv": [
            0.008,
            7.008,
            2.492,
            7.742
          ],
          "texture": "#0"
        }
      }
    },
    {
      "from": [
        6.8,
        -7.025,
        11.025
      ],
      "to": [
        9.2,
        -6,
        11.525
      ],
      "rotation": {
        "angle": 0,
        "axis": "y",
        "origin": [
          8,
          -6.5,
          11.275
        ]
      },
      "faces": {
        "north": {
          "uv": [
            0.008,
            6.258,
            2.492,
            6.992
          ],
          "rotation": 90,
          "texture": "#0"
        },
        "east": {
          "uv": [
            0.008,
            6.258,
            2.492,
            6.992
          ],
          "rotation": 90,
          "texture": "#0"
        },
        "south": {
          "uv": [
            0.008,
            6.258,
            2.492,
            6.992
          ],
          "rotation": 90,
          "texture": "#0"
        },
        "west": {
          "uv": [
            0.008,
            6.258,
            2.492,
            6.992
          ],
          "rotation": 90,
          "texture": "#0"
        },
        "up": {
          "uv": [
            0.008,
            6.258,
            2.492,
            6.992
          ],
          "rotation": 90,
          "texture": "#0"
        },
        "down": {
          "uv": [
            0.008,
            6.258,
            2.492,
            6.992
          ],
          "rotation": 90,
          "texture": "#0"
        }
      }
    },
    {
      "from": [
        6.825,
        -6.13373,
        10.85269
      ],
      "to": [
        9.175,
        -5.13373,
        11.35269
      ],
      "rotation": {
        "angle": -22.5,
        "axis": "x",
        "origin": [
          8,
          -5.63373,
          11.10269
        ]
      },
      "faces": {
        "north": {
          "uv": [
            0.008,
            6.258,
            2.492,
            6.992
          ],
          "rotation": 90,
          "texture": "#0"
        },
        "east": {
          "uv": [
            0.008,
            6.258,
            2.492,
            6.992
          ],
          "rotation": 90,
          "texture": "#0"
        },
        "south": {
          "uv": [
            0.008,
            6.258,
            2.492,
            6.992
          ],
          "rotation": 90,
          "texture": "#0"
        },
        "west": {
          "uv": [
            0.008,
            6.258,
            2.492,
            6.992
          ],
          "rotation": 90,
          "texture": "#0"
        },
        "up": {
          "uv": [
            0.008,
            6.258,
            2.492,
            6.992
          ],
          "rotation": 90,
          "texture": "#0"
        },
        "down": {
          "uv": [
            0.008,
            6.258,
            2.492,
            6.992
          ],
          "rotation": 90,
          "texture": "#0"
        }
      }
    },
    {
      "from": [
        6.85,
        -5.39934,
        10.36199
      ],
      "to": [
        9.15,
        -4.39934,
        10.86199
      ],
      "rotation": {
        "angle": -45,
        "axis": "x",
        "origin": [
          8,
          -4.89934,
          10.61199
        ]
      },
      "faces": {
        "north": {
          "uv": [
            0.008,
            6.258,
            2.492,
            6.992
          ],
          "rotation": 90,
          "texture": "#0"
        },
        "east": {
          "uv": [
            0.008,
            6.258,
            2.492,
            6.992
          ],
          "rotation": 90,
          "texture": "#0"
        },
        "south": {
          "uv": [
            0.008,
            6.258,
            2.492,
            6.992
          ],
          "rotation": 90,
          "texture": "#0"
        },
        "west": {
          "uv": [
            0.008,
            6.258,
            2.492,
            6.992
          ],
          "rotation": 90,
          "texture": "#0"
        },
        "up": {
          "uv": [
            0.008,
            6.258,
            2.492,
            6.992
          ],
          "rotation": 90,
          "texture": "#0"
        },
        "down": {
          "uv": [
            0.008,
            6.258,
            2.492,
            6.992
          ],
          "rotation": 90,
          "texture": "#0"
        }
      }
    },
    {
      "from": [
        6.875,
        -4.65864,
        9.3776
      ],
      "to": [
        9.125,
        -4.15864,
        10.3776
      ],
      "rotation": {
        "angle": 22.5,
        "axis": "x",
        "origin": [
          8,
          -4.40864,
          9.8776
        ]
      },
      "faces": {
        "north": {
          "uv": [
            0.008,
            6.258,
            2.492,
            6.992
          ],
          "rotation": 90,
          "texture": "#0"
        },
        "east": {
          "uv": [
            0.008,
            6.258,
            2.492,
            6.992
          ],
          "rotation": 90,
          "texture": "#0"
        },
        "south": {
          "uv": [
            0.008,
            6.258,
            2.492,
            6.992
          ],
          "rotation": 90,
          "texture": "#0"
        },
        "west": {
          "uv": [
            0.008,
            6.258,
            2.492,
            6.992
          ],
          "rotation": 90,
          "texture": "#0"
        },
        "up": {
          "uv": [
            0.008,
            6.258,
            2.492,
            6.992
          ],
          "rotation": 90,
          "texture": "#0"
        },
        "down": {
          "uv": [
            0.008,
            6.258,
            2.492,
            6.992
          ],
          "rotation": 90,
          "texture": "#0"
        }
      }
    },
    {
      "from": [
        6.9,
        -4.48633,
        8.51133
      ],
      "to": [
        9.1,
        -3.98633,
        9.51133
      ],
      "rotation": {
        "angle": 0,
        "axis": "y",
        "origin": [
          8,
          -4.23633,
          9.01133
        ]
      },
      "faces": {
        "north": {
          "uv": [
            0.008,
            6.258,
            2.492,
            6.992
          ],
          "rotation": 90,
          "texture": "#0"
        },
        "east": {
          "uv": [
            0.008,
            6.258,
            2.492,
            6.992
          ],
          "rotation": 90,
          "texture": "#0"
        },
        "south": {
          "uv": [
            0.008,
            6.258,
            2.492,
            6.992
          ],
          "rotation": 90,
          "texture": "#0"
        },
        "west": {
          "uv": [
            0.008,
            6.258,
            2.492,
            6.992
          ],
          "rotation": 90,
          "texture": "#0"
        },
        "up": {
          "uv": [
            0.008,
            6.258,
            2.492,
            6.992
          ],
          "rotation": 90,
          "texture": "#0"
        },
        "down": {
          "uv": [
            0.008,
            6.258,
            2.492,
            6.992
          ],
          "rotation": 90,
          "texture": "#0"
        }
      }
    },
    {
      "from": [
        6.8,
        -7.025,
        5.49766
      ],
      "to": [
        9.2,
        -6,
        5.99766
      ],
      "rotation": {
        "angle": 0,
        "axis": "y",
        "origin": [
          8,
          -6.5,
          5.74766
        ]
      },
      "faces": {
        "north": {
          "uv": [
            0.008,
            6.258,
            2.492,
            6.992
          ],
          "rotation": 90,
          "texture": "#0"
        },
        "east": {
          "uv": [
            0.008,
            6.258,
            2.492,
            6.992
          ],
          "rotation": 90,
          "texture": "#0"
        },
        "south": {
          "uv": [
            0.008,
            6.258,
            2.492,
            6.992
          ],
          "rotation": 90,
          "texture": "#0"
        },
        "west": {
          "uv": [
            0.008,
            6.258,
            2.492,
            6.992
          ],
          "rotation": 90,
          "texture": "#0"
        },
        "up": {
          "uv": [
            0.008,
            6.258,
            2.492,
            6.992
          ],
          "rotation": 90,
          "texture": "#0"
        },
        "down": {
          "uv": [
            0.008,
            6.258,
            2.492,
            6.992
          ],
          "rotation": 90,
          "texture": "#0"
        }
      }
    },
    {
      "from": [
        6.8075,
        -7.05,
        10.31375
      ],
      "to": [
        9.2,
        -6.2775,
        10.675
      ],
      "rotation": {
        "angle": 0,
        "axis": "y",
        "origin": [
          8.41625,
          -6.63875,
          10.49437
        ]
      },
      "faces": {
        "north": {
          "uv": [
            0.008,
            6.258,
            2.492,
            6.992
          ],
          "rotation": 90,
          "texture": "#0"
        },
        "east": {
          "uv": [
            0.008,
            6.258,
            2.492,
            6.992
          ],
          "rotation": 90,
          "texture": "#0"
        },
        "south": {
          "uv": [
            0.008,
            6.258,
            2.492,
            6.992
          ],
          "rotation": 90,
          "texture": "#0"
        },
        "west": {
          "uv": [
            0.008,
            6.258,
            2.492,
            6.992
          ],
          "rotation": 90,
          "texture": "#0"
        },
        "up": {
          "uv": [
            0.008,
            6.258,
            2.492,
            6.992
          ],
          "rotation": 90,
          "texture": "#0"
        },
        "down": {
          "uv": [
            0.008,
            6.258,
            2.492,
            6.992
          ],
          "rotation": 90,
          "texture": "#0"
        }
      }
    },
    {
      "from": [
        6.82556,
        -6.37412,
        10.18925
      ],
      "to": [
        9.18194,
        -5.65162,
        10.5505
      ],
      "rotation": {
        "angle": -22.5,
        "axis": "x",
        "origin": [
          8.41625,
          -6.01287,
          10.36988
        ]
      },
      "faces": {
        "north": {
          "uv": [
            0.008,
            6.258,
            2.492,
            6.992
          ],
          "rotation": 90,
          "texture": "#0"
        },
        "east": {
          "uv": [
            0.008,
            6.258,
            2.492,
            6.992
          ],
          "rotation": 90,
          "texture": "#0"
        },
        "south": {
          "uv": [
            0.008,
            6.258,
            2.492,
            6.992
          ],
          "rotation": 90,
          "texture": "#0"
        },
        "west": {
          "uv": [
            0.008,
            6.258,
            2.492,
            6.992
          ],
          "rotation": 90,
          "texture": "#0"
        },
        "up": {
          "uv": [
            0.008,
            6.258,
            2.492,
            6.992
          ],
          "rotation": 90,
          "texture": "#0"
        },
        "down": {
          "uv": [
            0.008,
            6.258,
            2.492,
            6.992
          ],
          "rotation": 90,
          "texture": "#0"
        }
      }
    },
    {
      "from": [
        6.84362,
        -5.84353,
        9.83472
      ],
      "to": [
        9.16387,
        -5.12103,
        10.19597
      ],
      "rotation": {
        "angle": -45,
        "axis": "x",
        "origin": [
          8.41625,
          -5.48228,
          10.01535
        ]
      },
      "faces": {
        "north": {
          "uv": [
            0.008,
            6.258,
            2.492,
            6.992
          ],
          "rotation": 90,
          "texture": "#0"
        },
        "east": {
          "uv": [
            0.008,
            6.258,
            2.492,
            6.992
          ],
          "rotation": 90,
          "texture": "#0"
        },
        "south": {
          "uv": [
            0.008,
            6.258,
            2.492,
            6.992
          ],
          "rotation": 90,
          "texture": "#0"
        },
        "west": {
          "uv": [
            0.008,
            6.258,
            2.492,
            6.992
          ],
          "rotation": 90,
          "texture": "#0"
        },
        "up": {
          "uv": [
            0.008,
            6.258,
            2.492,
            6.992
          ],
          "rotation": 90,
          "texture": "#0"
        },
        "down": {
          "uv": [
            0.008,
            6.258,
            2.492,
            6.992
          ],
          "rotation": 90,
          "texture": "#0"
        }
      }
    },
    {
      "from": [
        6.86169,
        -5.30837,
        9.1235
      ],
      "to": [
        9.14581,
        -4.94712,
        9.846
      ],
      "rotation": {
        "angle": 22.5,
        "axis": "x",
        "origin": [
          8.41625,
          -5.12774,
          9.48475
        ]
      },
      "faces": {
        "north": {
          "uv": [
            0.008,
            6.258,
            2.492,
            6.992
          ],
          "rotation": 90,
          "texture": "#0"
        },
        "east": {
          "uv": [
            0.008,
            6.258,
            2.492,
            6.992
          ],
          "rotation": 90,
          "texture": "#0"
        },
        "south": {
          "uv": [
            0.008,
            6.258,
            2.492,
            6.992
          ],
          "rotation": 90,
          "texture": "#0"
        },
        "west": {
          "uv": [
            0.008,
            6.258,
            2.492,
            6.992
          ],
          "rotation": 90,
          "texture": "#0"
        },
        "up": {
          "uv": [
            0.008,
            6.258,
            2.492,
            6.992
          ],
          "rotation": 90,
          "texture": "#0"
        },
        "down": {
          "uv": [
            0.008,
            6.258,
            2.492,
            6.992
          ],
          "rotation": 90,
          "texture": "#0"
        }
      }
    },
    {
      "from": [
        6.87975,
        -5.18387,
        8.49762
      ],
      "to": [
        9.12775,
        -4.82262,
        9.22012
      ],
      "rotation": {
        "angle": 0,
        "axis": "y",
        "origin": [
          8.41625,
          -5.00325,
          8.85887
        ]
      },
      "faces": {
        "north": {
          "uv": [
            0.008,
            6.258,
            2.492,
            6.992
          ],
          "rotation": 90,
          "texture": "#0"
        },
        "east": {
          "uv": [
            0.008,
            6.258,
            2.492,
            6.992
          ],
          "rotation": 90,
          "texture": "#0"
        },
        "south": {
          "uv": [
            0.008,
            6.258,
            2.492,
            6.992
          ],
          "rotation": 90,
          "texture": "#0"
        },
        "west": {
          "uv": [
            0.008,
            6.258,
            2.492,
            6.992
          ],
          "rotation": 90,
          "texture": "#0"
        },
        "up": {
          "uv": [
            0.008,
            6.258,
            2.492,
            6.992
          ],
          "rotation": 90,
          "texture": "#0"
        },
        "down": {
          "uv": [
            0.008,
            6.258,
            2.492,
            6.992
          ],
          "rotation": 90,
          "texture": "#0"
        }
      }
    },
    {
      "from": [
        6.87975,
        -5.18387,
        7.77512
      ],
      "to": [
        9.12775,
        -4.82262,
        8.49762
      ],
      "rotation": {
        "angle": 0,
        "axis": "y",
        "origin": [
          8.41625,
          -5.00325,
          8.13637
        ]
      },
      "faces": {
        "north": {
          "uv": [
            0.008,
            6.258,
            2.492,
            6.992
          ],
          "rotation": 90,
          "texture": "#0"
        },
        "east": {
          "uv": [
            0.008,
            6.258,
            2.492,
            6.992
          ],
          "rotation": 90,
          "texture": "#0"
        },
        "south": {
          "uv": [
            0.008,
            6.258,
            2.492,
            6.992
          ],
          "rotation": 90,
          "texture": "#0"
        },
        "west": {
          "uv": [
            0.008,
            6.258,
            2.492,
            6.992
          ],
          "rotation": 90,
          "texture": "#0"
        },
        "up": {
          "uv": [
            0.008,
            6.258,
            2.492,
            6.992
          ],
          "rotation": 90,
          "texture": "#0"
        },
        "down": {
          "uv": [
            0.008,
            6.258,
            2.492,
            6.992
          ],
          "rotation": 90,
          "texture": "#0"
        }
      }
    },
    {
      "from": [
        6.86169,
        -5.30837,
        7.14924
      ],
      "to": [
        9.14581,
        -4.94712,
        7.87174
      ],
      "rotation": {
        "angle": -22.5,
        "axis": "x",
        "origin": [
          8.41625,
          -5.12774,
          7.51049
        ]
      },
      "faces": {
        "north": {
          "uv": [
            0.008,
            6.258,
            2.492,
            6.992
          ],
          "rotation": 90,
          "texture": "#0"
        },
        "east": {
          "uv": [
            0.008,
            6.258,
            2.492,
            6.992
          ],
          "rotation": 90,
          "texture": "#0"
        },
        "south": {
          "uv": [
            0.008,
            6.258,
            2.492,
            6.992
          ],
          "rotation": 90,
          "texture": "#0"
        },
        "west": {
          "uv": [
            0.008,
            6.258,
            2.492,
            6.992
          ],
          "rotation": 90,
          "texture": "#0"
        },
        "up": {
          "uv": [
            0.008,
            6.258,
            2.492,
            6.992
          ],
          "rotation": 90,
          "texture": "#0"
        },
        "down": {
          "uv": [
            0.008,
            6.258,
            2.492,
            6.992
          ],
          "rotation": 90,
          "texture": "#0"
        }
      }
    },
    {
      "from": [
        6.84362,
        -5.84353,
        6.79927
      ],
      "to": [
        9.16387,
        -5.12103,
        7.16052
      ],
      "rotation": {
        "angle": 45,
        "axis": "x",
        "origin": [
          8.41625,
          -5.48228,
          6.9799
        ]
      },
      "faces": {
        "north": {
          "uv": [
            0.008,
            6.258,
            2.492,
            6.992
          ],
          "rotation": 90,
          "texture": "#0"
        },
        "east": {
          "uv": [
            0.008,
            6.258,
            2.492,
            6.992
          ],
          "rotation": 90,
          "texture": "#0"
        },
        "south": {
          "uv": [
            0.008,
            6.258,
            2.492,
            6.992
          ],
          "rotation": 90,
          "texture": "#0"
        },
        "west": {
          "uv": [
            0.008,
            6.258,
            2.492,
            6.992
          ],
          "rotation": 90,
          "texture": "#0"
        },
        "up": {
          "uv": [
            0.008,
            6.258,
            2.492,
            6.992
          ],
          "rotation": 90,
          "texture": "#0"
        },
        "down": {
          "uv": [
            0.008,
            6.258,
            2.492,
            6.992
          ],
          "rotation": 90,
          "texture": "#0"
        }
      }
    },
    {
      "from": [
        6.82556,
        -6.37412,
        6.44474
      ],
      "to": [
        9.18194,
        -5.65162,
        6.80599
      ],
      "rotation": {
        "angle": 22.5,
        "axis": "x",
        "origin": [
          8.41625,
          -6.01287,
          6.62537
        ]
      },
      "faces": {
        "north": {
          "uv": [
            0.008,
            6.258,
            2.492,
            6.992
          ],
          "rotation": 90,
          "texture": "#0"
        },
        "east": {
          "uv": [
            0.008,
            6.258,
            2.492,
            6.992
          ],
          "rotation": 90,
          "texture": "#0"
        },
        "south": {
          "uv": [
            0.008,
            6.258,
            2.492,
            6.992
          ],
          "rotation": 90,
          "texture": "#0"
        },
        "west": {
          "uv": [
            0.008,
            6.258,
            2.492,
            6.992
          ],
          "rotation": 90,
          "texture": "#0"
        },
        "up": {
          "uv": [
            0.008,
            6.258,
            2.492,
            6.992
          ],
          "rotation": 90,
          "texture": "#0"
        },
        "down": {
          "uv": [
            0.008,
            6.258,
            2.492,
            6.992
          ],
          "rotation": 90,
          "texture": "#0"
        }
      }
    },
    {
      "from": [
        6.88394,
        -5.59112,
        7.03331
      ],
      "to": [
        9.12356,
        -5.19375,
        9.97056
      ],
      "rotation": {
        "angle": 0,
        "axis": "y",
        "origin": [
          9.13875,
          -5.59112,
          7.76694
        ]
      },
      "faces": {
        "north": {
          "uv": [
            0.008,
            7.008,
            2.492,
            7.742
          ],
          "texture": "#0"
        },
        "east": {
          "uv": [
            0.008,
            7.008,
            2.492,
            7.742
          ],
          "texture": "#0"
        },
        "south": {
          "uv": [
            0.008,
            7.008,
            2.492,
            7.742
          ],
          "texture": "#0"
        },
        "west": {
          "uv": [
            0.008,
            7.008,
            2.492,
            7.742
          ],
          "texture": "#0"
        },
        "up": {
          "uv": [
            0.008,
            7.008,
            2.492,
            7.742
          ],
          "texture": "#0"
        },
        "down": {
          "uv": [
            0.008,
            7.008,
            2.492,
            7.742
          ],
          "texture": "#0"
        }
      }
    },
    {
      "from": [
        6.85894,
        -6.29556,
        6.64706
      ],
      "to": [
        9.14856,
        -5.59112,
        10.33181
      ],
      "rotation": {
        "angle": 0,
        "axis": "y",
        "origin": [
          9.13875,
          -6.29556,
          7.76694
        ]
      },
      "faces": {
        "north": {
          "uv": [
            0.008,
            7.008,
            2.492,
            7.742
          ],
          "texture": "#0"
        },
        "east": {
          "uv": [
            0.008,
            7.008,
            2.492,
            7.742
          ],
          "texture": "#0"
        },
        "south": {
          "uv": [
            0.008,
            7.008,
            2.492,
            7.742
          ],
          "texture": "#0"
        },
        "west": {
          "uv": [
            0.008,
            7.008,
            2.492,
            7.742
          ],
          "texture": "#0"
        },
        "up": {
          "uv": [
            0.008,
            7.008,
            2.492,
            7.742
          ],
          "texture": "#0"
        },
        "down": {
          "uv": [
            0.008,
            7.008,
            2.492,
            7.742
          ],
          "texture": "#0"
        }
      }
    },
    {
      "from": [
        6.83394,
        -7.025,
        6.32194
      ],
      "to": [
        9.17356,
        -6.29556,
        10.65694
      ],
      "rotation": {
        "angle": 0,
        "axis": "y",
        "origin": [
          9.13875,
          -7,
          7.76694
        ]
      },
      "faces": {
        "north": {
          "uv": [
            0.008,
            6.258,
            2.492,
            6.992
          ],
          "texture": "#0"
        },
        "east": {
          "uv": [
            0.008,
            6.258,
            2.492,
            6.992
          ],
          "texture": "#0"
        },
        "south": {
          "uv": [
            0.008,
            6.258,
            2.492,
            6.992
          ],
          "texture": "#0"
        },
        "west": {
          "uv": [
            0.008,
            7.008,
            2.492,
            7.742
          ],
          "texture": "#0"
        },
        "up": {
          "uv": [
            0.008,
            7.008,
            2.492,
            7.742
          ],
          "texture": "#0"
        },
        "down": {
          "uv": [
            0.258,
            5.508,
            1.492,
            6.242
          ],
          "texture": "#0"
        }
      }
    },
    {
      "from": [
        6.8075,
        -7.05,
        6.32025
      ],
      "to": [
        9.2,
        -6.2775,
        6.6815
      ],
      "rotation": {
        "angle": 0,
        "axis": "y",
        "origin": [
          8.41625,
          -6.63875,
          6.50087
        ]
      },
      "faces": {
        "north": {
          "uv": [
            0.008,
            6.258,
            2.492,
            6.992
          ],
          "rotation": 90,
          "texture": "#0"
        },
        "east": {
          "uv": [
            0.008,
            6.258,
            2.492,
            6.992
          ],
          "rotation": 90,
          "texture": "#0"
        },
        "south": {
          "uv": [
            0.008,
            6.258,
            2.492,
            6.992
          ],
          "rotation": 90,
          "texture": "#0"
        },
        "west": {
          "uv": [
            0.008,
            6.258,
            2.492,
            6.992
          ],
          "rotation": 90,
          "texture": "#0"
        },
        "up": {
          "uv": [
            0.008,
            6.258,
            2.492,
            6.992
          ],
          "rotation": 90,
          "texture": "#0"
        },
        "down": {
          "uv": [
            0.008,
            6.258,
            2.492,
            6.992
          ],
          "rotation": 90,
          "texture": "#0"
        }
      }
    },
    {
      "from": [
        6.825,
        -6.13373,
        5.66997
      ],
      "to": [
        9.175,
        -5.13373,
        6.16997
      ],
      "rotation": {
        "angle": 22.5,
        "axis": "x",
        "origin": [
          8,
          -5.63373,
          5.91997
        ]
      },
      "faces": {
        "north": {
          "uv": [
            0.008,
            6.258,
            2.492,
            6.992
          ],
          "rotation": 90,
          "texture": "#0"
        },
        "east": {
          "uv": [
            0.008,
            6.258,
            2.492,
            6.992
          ],
          "rotation": 90,
          "texture": "#0"
        },
        "south": {
          "uv": [
            0.008,
            6.258,
            2.492,
            6.992
          ],
          "rotation": 90,
          "texture": "#0"
        },
        "west": {
          "uv": [
            0.008,
            6.258,
            2.492,
            6.992
          ],
          "rotation": 90,
          "texture": "#0"
        },
        "up": {
          "uv": [
            0.008,
            6.258,
            2.492,
            6.992
          ],
          "rotation": 90,
          "texture": "#0"
        },
        "down": {
          "uv": [
            0.008,
            6.258,
            2.492,
            6.992
          ],
          "rotation": 90,
          "texture": "#0"
        }
      }
    },
    {
      "from": [
        6.85,
        -5.39934,
        6.16067
      ],
      "to": [
        9.15,
        -4.39934,
        6.66067
      ],
      "rotation": {
        "angle": 45,
        "axis": "x",
        "origin": [
          8,
          -4.89934,
          6.41067
        ]
      },
      "faces": {
        "north": {
          "uv": [
            0.008,
            6.258,
            2.492,
            6.992
          ],
          "rotation": 90,
          "texture": "#0"
        },
        "east": {
          "uv": [
            0.008,
            6.258,
            2.492,
            6.992
          ],
          "rotation": 90,
          "texture": "#0"
        },
        "south": {
          "uv": [
            0.008,
            6.258,
            2.492,
            6.992
          ],
          "rotation": 90,
          "texture": "#0"
        },
        "west": {
          "uv": [
            0.008,
            6.258,
            2.492,
            6.992
          ],
          "rotation": 90,
          "texture": "#0"
        },
        "up": {
          "uv": [
            0.008,
            6.258,
            2.492,
            6.992
          ],
          "rotation": 90,
          "texture": "#0"
        },
        "down": {
          "uv": [
            0.008,
            6.258,
            2.492,
            6.992
          ],
          "rotation": 90,
          "texture": "#0"
        }
      }
    },
    {
      "from": [
        6.875,
        -4.65864,
        6.64506
      ],
      "to": [
        9.125,
        -4.15864,
        7.64506
      ],
      "rotation": {
        "angle": -22.5,
        "axis": "x",
        "origin": [
          8,
          -4.40864,
          7.14506
        ]
      },
      "faces": {
        "north": {
          "uv": [
            0.008,
            6.258,
            2.492,
            6.992
          ],
          "rotation": 90,
          "texture": "#0"
        },
        "east": {
          "uv": [
            0.008,
            6.258,
            2.492,
            6.992
          ],
          "rotation": 90,
          "texture": "#0"
        },
        "south": {
          "uv": [
            0.008,
            6.258,
            2.492,
            6.992
          ],
          "rotation": 90,
          "texture": "#0"
        },
        "west": {
          "uv": [
            0.008,
            6.258,
            2.492,
            6.992
          ],
          "rotation": 90,
          "texture": "#0"
        },
        "up": {
          "uv": [
            0.008,
            6.258,
            2.492,
            6.992
          ],
          "rotation": 90,
          "texture": "#0"
        },
        "down": {
          "uv": [
            0.008,
            6.258,
            2.492,
            6.992
          ],
          "rotation": 90,
          "texture": "#0"
        }
      }
    },
    {
      "from": [
        6.9,
        -4.48633,
        7.51133
      ],
      "to": [
        9.1,
        -3.98633,
        8.51133
      ],
      "rotation": {
        "angle": 0,
        "axis": "y",
        "origin": [
          8,
          -4.23633,
          8.01133
        ]
      },
      "faces": {
        "north": {
          "uv": [
            0.008,
            6.258,
            2.492,
            6.992
          ],
          "rotation": 90,
          "texture": "#0"
        },
        "east": {
          "uv": [
            0.008,
            6.258,
            2.492,
            6.992
          ],
          "rotation": 90,
          "texture": "#0"
        },
        "south": {
          "uv": [
            0.008,
            6.258,
            2.492,
            6.992
          ],
          "rotation": 90,
          "texture": "#0"
        },
        "west": {
          "uv": [
            0.008,
            6.258,
            2.492,
            6.992
          ],
          "rotation": 90,
          "texture": "#0"
        },
        "up": {
          "uv": [
            0.008,
            6.258,
            2.492,
            6.992
          ],
          "rotation": 90,
          "texture": "#0"
        },
        "down": {
          "uv": [
            0.008,
            6.258,
            2.492,
            6.992
          ],
          "rotation": 90,
          "texture": "#0"
        }
      }
    },
    {
      "from": [
        7,
        -14.7,
        7.5
      ],
      "to": [
        9,
        -13.9,
        9.5
      ],
      "rotation": {
        "angle": 0,
        "axis": "y",
        "origin": [
          8.5,
          -15.2,
          7
        ]
      },
      "faces": {
        "north": {
          "uv": [
            0.258,
            5.508,
            1.492,
            6.242
          ],
          "texture": "#0"
        },
        "east": {
          "uv": [
            0.258,
            5.508,
            1.492,
            6.242
          ],
          "texture": "#0"
        },
        "south": {
          "uv": [
            0.258,
            5.508,
            1.492,
            6.242
          ],
          "texture": "#0"
        },
        "west": {
          "uv": [
            0.258,
            5.508,
            1.492,
            6.242
          ],
          "texture": "#0"
        },
        "up": {
          "uv": [
            0.258,
            5.508,
            1.492,
            6.242
          ],
          "texture": "#0"
        },
        "down": {
          "uv": [
            0.258,
            5.508,
            1.492,
            6.242
          ],
          "texture": "#0"
        }
      }
    },
    {
      "from": [
        7.25,
        -14.075,
        7.75
      ],
      "to": [
        8.75,
        -7,
        9.25
      ],
      "rotation": {
        "angle": 0,
        "axis": "y",
        "origin": [
          8.5,
          -14,
          7
        ]
      },
      "faces": {
        "north": {
          "uv": [
            0.508,
            8.008,
            1.492,
            12.742
          ],
          "texture": "#0"
        },
        "east": {
          "uv": [
            0.508,
            8.008,
            1.492,
            12.742
          ],
          "texture": "#0"
        },
        "south": {
          "uv": [
            0.508,
            8.008,
            1.492,
            12.742
          ],
          "texture": "#0"
        },
        "west": {
          "uv": [
            0.508,
            8.008,
            1.492,
            12.742
          ],
          "texture": "#0"
        },
        "up": {
          "uv": [
            0.508,
            8.008,
            1.492,
            12.742
          ],
          "texture": "#0"
        },
        "down": {
          "uv": [
            0.508,
            8.008,
            1.492,
            12.742
          ],
          "texture": "#0"
        }
      }
    },
    {
      "from": [
        7.025,
        -15.63425,
        7.17493
      ],
      "to": [
        8.975,
        -14.13425,
        8.17493
      ],
      "rotation": {
        "angle": 22.5,
        "axis": "x",
        "origin": [
          8,
          -14.88425,
          7.67493
        ]
      },
      "faces": {
        "north": {
          "uv": [
            0.258,
            6.258,
            1.492,
            6.992
          ],
          "texture": "#0"
        },
        "east": {
          "uv": [
            0.258,
            6.258,
            1.492,
            6.992
          ],
          "texture": "#0"
        },
        "south": {
          "uv": [
            0.258,
            6.258,
            1.492,
            6.992
          ],
          "texture": "#0"
        },
        "west": {
          "uv": [
            0.258,
            6.258,
            1.492,
            6.992
          ],
          "texture": "#0"
        },
        "up": {
          "uv": [
            0.258,
            6.258,
            1.492,
            6.992
          ],
          "texture": "#0"
        },
        "down": {
          "uv": [
            0.258,
            6.258,
            1.492,
            6.992
          ],
          "texture": "#0"
        }
      }
    },
    {
      "from": [
        8.32507,
        -15.63425,
        7.525
      ],
      "to": [
        9.32507,
        -14.13425,
        9.475
      ],
      "rotation": {
        "angle": 22.5,
        "axis": "z",
        "origin": [
          8.82507,
          -14.88425,
          8.5
        ]
      },
      "faces": {
        "north": {
          "uv": [
            0.258,
            6.258,
            1.492,
            6.992
          ],
          "texture": "#0"
        },
        "east": {
          "uv": [
            0.258,
            6.258,
            1.492,
            6.992
          ],
          "texture": "#0"
        },
        "south": {
          "uv": [
            0.258,
            6.258,
            1.492,
            6.992
          ],
          "texture": "#0"
        },
        "west": {
          "uv": [
            0.258,
            6.258,
            1.492,
            6.992
          ],
          "texture": "#0"
        },
        "up": {
          "uv": [
            0.258,
            6.258,
            1.492,
            6.992
          ],
          "texture": "#0"
        },
        "down": {
          "uv": [
            0.258,
            6.258,
            1.492,
            6.992
          ],
          "texture": "#0"
        }
      }
    },
    {
      "from": [
        7.025,
        -15.63425,
        8.82507
      ],
      "to": [
        8.975,
        -14.13425,
        9.82507
      ],
      "rotation": {
        "angle": -22.5,
        "axis": "x",
        "origin": [
          8,
          -14.88425,
          9.32507
        ]
      },
      "faces": {
        "north": {
          "uv": [
            0.258,
            6.258,
            1.492,
            6.992
          ],
          "texture": "#0"
        },
        "east": {
          "uv": [
            0.258,
            6.258,
            1.492,
            6.992
          ],
          "texture": "#0"
        },
        "south": {
          "uv": [
            0.258,
            6.258,
            1.492,
            6.992
          ],
          "texture": "#0"
        },
        "west": {
          "uv": [
            0.258,
            6.258,
            1.492,
            6.992
          ],
          "texture": "#0"
        },
        "up": {
          "uv": [
            0.258,
            6.258,
            1.492,
            6.992
          ],
          "texture": "#0"
        },
        "down": {
          "uv": [
            0.258,
            6.258,
            1.492,
            6.992
          ],
          "texture": "#0"
        }
      }
    },
    {
      "from": [
        6.67493,
        -15.63425,
        7.525
      ],
      "to": [
        7.67493,
        -14.13425,
        9.475
      ],
      "rotation": {
        "angle": -22.5,
        "axis": "z",
        "origin": [
          7.17493,
          -14.88425,
          8.5
        ]
      },
      "faces": {
        "north": {
          "uv": [
            0.258,
            6.258,
            1.492,
            6.992
          ],
          "texture": "#0"
        },
        "east": {
          "uv": [
            0.258,
            6.258,
            1.492,
            6.992
          ],
          "texture": "#0"
        },
        "south": {
          "uv": [
            0.258,
            6.258,
            1.492,
            6.992
          ],
          "texture": "#0"
        },
        "west": {
          "uv": [
            0.258,
            6.258,
            1.492,
            6.992
          ],
          "texture": "#0"
        },
        "up": {
          "uv": [
            0.258,
            6.258,
            1.492,
            6.992
          ],
          "texture": "#0"
        },
        "down": {
          "uv": [
            0.258,
            6.258,
            1.492,
            6.992
          ],
          "texture": "#0"
        }
      }
    },
    {
      "from": [
        7,
        -15.775,
        7.5
      ],
      "to": [
        9,
        -15.475,
        9.5
      ],
      "rotation": {
        "angle": 0,
        "axis": "y",
        "origin": [
          8.5,
          -16.475,
          7
        ]
      },
      "faces": {
        "north": {
          "uv": [
            0.258,
            6.258,
            1.492,
            6.992
          ],
          "texture": "#0"
        },
        "east": {
          "uv": [
            0.258,
            6.258,
            1.492,
            6.992
          ],
          "texture": "#0"
        },
        "south": {
          "uv": [
            0.258,
            6.258,
            1.492,
            6.992
          ],
          "texture": "#0"
        },
        "west": {
          "uv": [
            0.258,
            6.258,
            1.492,
            6.992
          ],
          "texture": "#0"
        },
        "up": {
          "uv": [
            0.258,
            6.258,
            1.492,
            6.992
          ],
          "texture": "#0"
        },
        "down": {
          "uv": [
            0.258,
            6.258,
            1.492,
            6.992
          ],
          "texture": "#0"
        }
      }
    },
    {
      "from": [
        7.3,
        -6.975,
        5
      ],
      "to": [
        8.7,
        17.975,
        12
      ],
      "rotation": {
        "angle": 0,
        "axis": "y",
        "origin": [
          8,
          -5.975,
          6
        ]
      },
      "faces": {
        "north": {
          "uv": [
            0.008,
            0.008,
            0.242,
            6.242
          ],
          "texture": "#0"
        },
        "east": {
          "uv": [
            0.008,
            0.008,
            1.742,
            6.242
          ],
          "texture": "#0"
        },
        "south": {
          "uv": [
            0.008,
            0.008,
            0.242,
            6.242
          ],
          "texture": "#0"
        },
        "west": {
          "uv": [
            0.008,
            0.008,
            1.742,
            6.242
          ],
          "texture": "#0"
        },
        "up": {
          "uv": [
            0.008,
            0.008,
            1.742,
            6.242
          ],
          "texture": "#0"
        },
        "down": {
          "uv": [
            0.008,
            0.008,
            1.742,
            6.242
          ],
          "texture": "#0"
        }
      }
    },
    {
      "from": [
        7.65,
        15.53566,
        6.38909
      ],
      "to": [
        8.35,
        21.18566,
        12.03909
      ],
      "rotation": {
        "angle": 45,
        "axis": "x",
        "origin": [
          8.225,
          19.03566,
          8.38909
        ]
      },
      "faces": {
        "north": {
          "uv": [
            1.758,
            1.758,
            2.9875,
            2.4875
          ],
          "texture": "#0"
        },
        "east": {
          "uv": [
            1.758,
            1.758,
            2.9875,
            2.4875
          ],
          "texture": "#0"
        },
        "south": {
          "uv": [
            1.758,
            1.758,
            2.9875,
            2.4875
          ],
          "texture": "#0"
        },
        "west": {
          "uv": [
            1.758,
            1.758,
            2.9875,
            2.4875
          ],
          "texture": "#0"
        },
        "up": {
          "uv": [
            1.758,
            1.758,
            2.9875,
            2.4875
          ],
          "texture": "#0"
        },
        "down": {
          "uv": [
            1.758,
            1.758,
            2.9875,
            2.4875
          ],
          "texture": "#0"
        }
      }
    },
    {
      "from": [
        7.6,
        -6.925,
        4.5
      ],
      "to": [
        8.4,
        17.975,
        12.5
      ],
      "rotation": {
        "angle": 0,
        "axis": "y",
        "origin": [
          8,
          -5.975,
          6
        ]
      },
      "faces": {
        "north": {
          "uv": [
            0.008,
            0.008,
            0.242,
            6.225
          ],
          "texture": "#0"
        },
        "east": {
          "uv": [
            0.008,
            0.008,
            0.242,
            6.225
          ],
          "texture": "#0"
        },
        "south": {
          "uv": [
            0.008,
            0.008,
            0.242,
            6.225
          ],
          "texture": "#0"
        },
        "west": {
          "uv": [
            0.008,
            0.008,
            0.242,
            6.225
          ],
          "texture": "#0"
        },
        "up": {
          "uv": [
            0.008,
            0.008,
            0.242,
            6.225
          ],
          "texture": "#0"
        },
        "down": {
          "uv": [
            0.008,
            0.008,
            0.242,
            6.225
          ],
          "texture": "#0"
        }
      }
    },
    {
      "from": [
        7.275,
        15.925,
        7.05
      ],
      "to": [
        8.715,
        20.875,
        12
      ],
      "rotation": {
        "angle": 45,
        "axis": "x",
        "origin": [
          7.725,
          19.425,
          8.5
        ]
      },
      "faces": {
        "north": {
          "uv": [
            0.258,
            6.258,
            1.4875,
            6.9875
          ],
          "texture": "#0"
        },
        "east": {
          "uv": [
            2.9875,
            0.508,
            1.758,
            1.7375
          ],
          "texture": "#0"
        },
        "south": {
          "uv": [
            2.008,
            0.508,
            2.9875,
            1.7375
          ],
          "texture": "#0"
        },
        "west": {
          "uv": [
            1.758,
            0.508,
            2.9875,
            1.7375
          ],
          "texture": "#0"
        },
        "up": {
          "uv": [
            0.258,
            6.258,
            1.4875,
            6.9875
          ],
          "texture": "#0"
        },
        "down": {
          "uv": [
            2.008,
            1.7375,
            2.9875,
            0.508
          ],
          "texture": "#0"
        }
      }
    }
  ],
  "display": {
    "thirdperson_righthand": {
      "rotation": [
        165.23,
        0.68,
        -175.03
      ],
      "translation": [
        1.25,
        16.5,
        -3
      ],
      "scale": [
        1,
        1,
        0.8
      ]
    },
    "thirdperson_lefthand": {
      "rotation": [
        165.25,
        0,
        180
      ],
      "translation": [
        0,
        16,
        -3.25
      ],
      "scale": [
        1,
        1,
        0.8
      ]
    },
    "firstperson_righthand": {
      "rotation": [
        -170.25,
        0,
        180
      ],
      "translation": [
        0,
        13.75,
        4.5
      ],
      "scale": [
        0.65,
        0.78,
        0.37
      ]
    },
    "firstperson_lefthand": {
      "rotation": [
        -170.25,
        0,
        180
      ],
      "translation": [
        0,
        13.75,
        4.5
      ],
      "scale": [
        0.65,
        0.78,
        0.37
      ]
    },
    "ground": {
      "rotation": [
        -90,
        0,
        90
      ],
      "translation": [
        0,
        0.75,
        0
      ],
      "scale": [
        0.55,
        0.55,
        0.55
      ]
    },
    "gui": {
      "rotation": [
        90,
        -45,
        90
      ],
      "translation": [
        -0.75,
        1,
        0
      ],
      "scale": [
        1,
        0.5,
        0.5
      ]
    },
    "head": {
      "rotation": [
        90,
        54.1,
        90
      ],
      "translation": [
        -5.5,
        -19.5,
        5
      ],
      "scale": [
        1.4,
        1.4,
        1.25
      ]
    },
    "fixed": {
      "rotation": [
        -90,
        45,
        90
      ],
      "scale": [
        0.55,
        0.55,
        0.55
      ]
    }
  },
  "groups": [
    {
      "name": "handle",
      "origin": [
        8.5,
        -10.5,
        7
      ],
      "color": 0,
      "children": [
        0,
        1,
        2,
        3,
        4,
        5,
        6,
        7,
        8,
        9,
        10,
        11,
        12,
        13,
        14,
        15,
        16,
        17,
        18,
        19,
        20,
        21,
        22,
        23,
        24,
        25,
        26,
        27,
        28,
        29,
        30,
        31,
        32
      ]
    },
    {
      "name": "blade",
      "origin": [
        7.95705,
        17.95,
        11.46513
      ],
      "color": 0,
      "children": [
        33,
        34,
        35,
        36
      ]
    }
  ]
}