{
  "credit": "Made By AtPoe",
  "texture_size": [
    32,
    32
  ],
  "elements": [
    {
      "from": [
        8.2,
        6.35,
        9.5
      ],
      "to": [
        8.7,
        9.65,
        11.5
      ],
      "rotation": {
        "angle": 0,
        "axis": "y",
        "origin": [
          7.7,
          9,
          11.5
        ]
      },
      "faces": {
        "north": {
          "uv": [
            0,
            0,
            13.6,
            2
          ],
          "rotation": 270,
          "texture": "#0"
        },
        "east": {
          "uv": [
            3.5,
            11,
            6.5,
            13
          ],
          "rotation": 90,
          "texture": "#0"
        },
        "south": {
          "uv": [
            3.5,
            12,
            6.5,
            13
          ],
          "rotation": 90,
          "texture": "#0"
        },
        "west": {
          "uv": [
            0,
            0,
            13.6,
            8
          ],
          "rotation": 90,
          "texture": "#0"
        },
        "up": {
          "uv": [
            4,
            12.5,
            6,
            13
          ],
          "rotation": 90,
          "texture": "#0"
        },
        "down": {
          "uv": [
            4,
            12.5,
            6,
            13
          ],
          "rotation": 90,
          "texture": "#0"
        }
      }
    },
    {
      "from": [
        7.7,
        6.3,
        7.5
      ],
      "to": [
        8.2,
        9.7,
        14.5
      ],
      "rotation": {
        "angle": 0,
        "axis": "y",
        "origin": [
          7.2,
          9,
          11.5
        ]
      },
      "faces": {
        "north": {
          "uv": [
            0,
            0,
            13.6,
            2
          ],
          "rotation": 270,
          "texture": "#0"
        },
        "east": {
          "uv": [
            0,
            8,
            3.5,
            16
          ],
          "rotation": 90,
          "texture": "#0"
        },
        "south": {
          "uv": [
            0,
            15.5,
            3.5,
            16
          ],
          "rotation": 90,
          "texture": "#0"
        },
        "west": {
          "uv": [
            0,
            8,
            3.5,
            16
          ],
          "rotation": 90,
          "texture": "#0"
        },
        "up": {
          "uv": [
            0,
            8,
            3.5,
            8.5
          ],
          "rotation": 90,
          "texture": "#0"
        },
        "down": {
          "uv": [
            0,
            15.5,
            3.5,
            16
          ],
          "rotation": 90,
          "texture": "#0"
        }
      }
    },
    {
      "from": [
        7.2,
        6.1,
        8.5
      ],
      "to": [
        7.7,
        9.9,
        14.7
      ],
      "rotation": {
        "angle": 0,
        "axis": "y",
        "origin": [
          6.7,
          9,
          11.5
        ]
      },
      "faces": {
        "north": {
          "uv": [
            0,
            0,
            13.6,
            2
          ],
          "rotation": 270,
          "texture": "#0"
        },
        "east": {
          "uv": [
            7.5,
            0,
            8,
            3.5
          ],
          "rotation": 90,
          "texture": "#0"
        },
        "south": {
          "uv": [
            7.5,
            0,
            12,
            0.5
          ],
          "rotation": 90,
          "texture": "#0"
        },
        "west": {
          "uv": [
            0,
            8,
            3.5,
            16
          ],
          "rotation": 90,
          "texture": "#0"
        },
        "up": {
          "uv": [
            7.5,
            0,
            12,
            0.5
          ],
          "rotation": 90,
          "texture": "#0"
        },
        "down": {
          "uv": [
            7.5,
            0,
            12,
            0.5
          ],
          "rotation": 90,
          "texture": "#0"
        }
      }
    },
    {
      "from": [
        8.15,
        6.5,
        11.5
      ],
      "to": [
        8.65,
        9.5,
        14
      ],
      "rotation": {
        "angle": 0,
        "axis": "y",
        "origin": [
          7.65,
          9,
          15.5
        ]
      },
      "faces": {
        "north": {
          "uv": [
            0,
            0,
            12,
            2
          ],
          "rotation": 270,
          "texture": "#0"
        },
        "east": {
          "uv": [
            3.5,
            13,
            7,
            16
          ],
          "rotation": 90,
          "texture": "#0"
        },
        "south": {
          "uv": [
            3.5,
            13,
            7,
            13.5
          ],
          "rotation": 90,
          "texture": "#0"
        },
        "west": {
          "uv": [
            0,
            0,
            12,
            10
          ],
          "rotation": 90,
          "texture": "#0"
        },
        "up": {
          "uv": [
            5,
            13.5,
            4.5,
            13
          ],
          "rotation": 90,
          "texture": "#0"
        },
        "down": {
          "uv": [
            5,
            13.5,
            4.5,
            13
          ],
          "rotation": 90,
          "texture": "#0"
        }
      }
    },
    {
      "from": [
        7.15,
        6.025,
        7.475
      ],
      "to": [
        9.025,
        9.975,
        8.975
      ],
      "rotation": {
        "angle": 0,
        "axis": "y",
        "origin": [
          8.025,
          9,
          10.975
        ]
      },
      "faces": {
        "north": {
          "uv": [
            3.5,
            8.5,
            7,
            9
          ],
          "rotation": 90,
          "texture": "#0"
        },
        "east": {
          "uv": [
            3.5,
            8.5,
            7,
            10
          ],
          "rotation": 90,
          "texture": "#0"
        },
        "south": {
          "uv": [
            3.5,
            9.5,
            7,
            10
          ],
          "rotation": 90,
          "texture": "#0"
        },
        "west": {
          "uv": [
            3.5,
            8.5,
            7,
            10
          ],
          "rotation": 90,
          "texture": "#0"
        },
        "up": {
          "uv": [
            5.5,
            9.5,
            7,
            10.5
          ],
          "rotation": 90,
          "texture": "#0"
        },
        "down": {
          "uv": [
            5.5,
            9.5,
            7,
            10.5
          ],
          "rotation": 90,
          "texture": "#0"
        }
      }
    },
    {
      "from": [
        7.7,
        6.15,
        8.65
      ],
      "to": [
        8.9,
        9.85,
        9.65
      ],
      "rotation": {
        "angle": 0,
        "axis": "y",
        "origin": [
          7.9,
          9,
          11.65
        ]
      },
      "faces": {
        "north": {
          "uv": [
            0,
            0,
            15.2,
            2.8
          ],
          "rotation": 270,
          "texture": "#0"
        },
        "east": {
          "uv": [
            3.5,
            10,
            7,
            11
          ],
          "rotation": 90,
          "texture": "#0"
        },
        "south": {
          "uv": [
            3.5,
            10.5,
            7,
            11
          ],
          "rotation": 90,
          "texture": "#0"
        },
        "west": {
          "uv": [
            7.5,
            4,
            10,
            8.5
          ],
          "texture": "#0"
        },
        "up": {
          "uv": [
            3.5,
            10.5,
            4.5,
            11
          ],
          "rotation": 90,
          "texture": "#0"
        },
        "down": {
          "uv": [
            3.5,
            10.5,
            4.5,
            11
          ],
          "rotation": 90,
          "texture": "#0"
        }
      }
    },
    {
      "from": [
        7.55419,
        6.1,
        6.85224
      ],
      "to": [
        8.72919,
        9.9,
        8.02724
      ],
      "rotation": {
        "angle": -22.5,
        "axis": "y",
        "origin": [
          7.72919,
          9,
          7.25224
        ]
      },
      "faces": {
        "north": {
          "uv": [
            3.5,
            8,
            7,
            8.5
          ],
          "rotation": 90,
          "texture": "#0"
        },
        "east": {
          "uv": [
            3.5,
            7.5,
            7,
            8.5
          ],
          "rotation": 90,
          "texture": "#0"
        },
        "south": {
          "uv": [
            0,
            0,
            15.2,
            3.1
          ],
          "rotation": 90,
          "texture": "#0"
        },
        "west": {
          "uv": [
            3.5,
            7.5,
            7,
            8.5
          ],
          "rotation": 90,
          "texture": "#0"
        },
        "up": {
          "uv": [
            6,
            7.5,
            7,
            8.5
          ],
          "rotation": 90,
          "texture": "#0"
        },
        "down": {
          "uv": [
            3.5,
            7.5,
            4.5,
            8.5
          ],
          "rotation": 90,
          "texture": "#0"
        }
      }
    },
    {
      "from": [
        7.5,
        6.1,
        6.2
      ],
      "to": [
        8.3,
        6.9,
        6.5
      ],
      "rotation": {
        "angle": 0,
        "axis": "y",
        "origin": [
          7.1,
          9,
          10.6
        ]
      },
      "faces": {
        "north": {
          "uv": [
            3.5,
            5,
            5,
            6.5
          ],
          "texture": "#0"
        },
        "east": {
          "uv": [
            3.5,
            5,
            4.5,
            6.5
          ],
          "texture": "#0"
        },
        "south": {
          "uv": [
            0,
            0,
            3.2,
            3.2
          ],
          "rotation": 90,
          "texture": "#0"
        },
        "west": {
          "uv": [
            4,
            5,
            5,
            6.5
          ],
          "texture": "#0"
        },
        "up": {
          "uv": [
            3.5,
            5,
            5,
            6
          ],
          "texture": "#0"
        },
        "down": {
          "uv": [
            3.5,
            5.5,
            5,
            6.5
          ],
          "texture": "#0"
        }
      }
    },
    {
      "from": [
        7.5,
        7.6,
        6.2
      ],
      "to": [
        8.3,
        8.4,
        6.5
      ],
      "rotation": {
        "angle": 0,
        "axis": "y",
        "origin": [
          7.1,
          10.5,
          10.6
        ]
      },
      "faces": {
        "north": {
          "uv": [
            3.5,
            5,
            5,
            6.5
          ],
          "texture": "#0"
        },
        "east": {
          "uv": [
            3.5,
            5,
            4.5,
            6.5
          ],
          "texture": "#0"
        },
        "south": {
          "uv": [
            0,
            0,
            3.2,
            3.2
          ],
          "rotation": 90,
          "texture": "#0"
        },
        "west": {
          "uv": [
            4,
            5,
            5,
            6.5
          ],
          "texture": "#0"
        },
        "up": {
          "uv": [
            3.5,
            5,
            5,
            6
          ],
          "texture": "#0"
        },
        "down": {
          "uv": [
            3.5,
            5.5,
            5,
            6.5
          ],
          "texture": "#0"
        }
      }
    },
    {
      "from": [
        7.5,
        9.1,
        6.2
      ],
      "to": [
        8.3,
        9.9,
        6.5
      ],
      "rotation": {
        "angle": 0,
        "axis": "y",
        "origin": [
          7.1,
          12,
          10.6
        ]
      },
      "faces": {
        "north": {
          "uv": [
            3.5,
            5,
            5,
            6.5
          ],
          "texture": "#0"
        },
        "east": {
          "uv": [
            3.5,
            5,
            4.5,
            6.5
          ],
          "texture": "#0"
        },
        "south": {
          "uv": [
            0,
            4,
            3,
            7
          ],
          "texture": "#0"
        },
        "west": {
          "uv": [
            4,
            5,
            5,
            6.5
          ],
          "texture": "#0"
        },
        "up": {
          "uv": [
            3.5,
            5,
            5,
            6
          ],
          "texture": "#0"
        },
        "down": {
          "uv": [
            3.5,
            5.5,
            5,
            6.5
          ],
          "texture": "#0"
        }
      }
    },
    {
      "from": [
        8.2,
        7.3,
        12.8
      ],
      "to": [
        9,
        8.7,
        14.2
      ],
      "rotation": {
        "angle": 45,
        "axis": "x",
        "origin": [
          8,
          8,
          13.5
        ]
      },
      "faces": {
        "north": {
          "uv": [
            0.5,
            6,
            2.5,
            6.5
          ],
          "rotation": 90,
          "texture": "#0"
        },
        "east": {
          "uv": [
            0.5,
            6,
            2.5,
            8
          ],
          "rotation": 90,
          "texture": "#0"
        },
        "south": {
          "uv": [
            0.5,
            7.5,
            2.5,
            8
          ],
          "rotation": 90,
          "texture": "#0"
        },
        "west": {
          "uv": [
            0.5,
            6,
            2.5,
            8
          ],
          "rotation": 90,
          "texture": "#0"
        },
        "up": {
          "uv": [
            2.5,
            7,
            0.5,
            7.5
          ],
          "rotation": 90,
          "texture": "#0"
        },
        "down": {
          "uv": [
            0.5,
            6,
            2.5,
            6.5
          ],
          "rotation": 90,
          "texture": "#0"
        }
      }
    },
    {
      "from": [
        8.35,
        6.825,
        10.25
      ],
      "to": [
        8.85,
        7.425,
        10.85
      ],
      "rotation": {
        "angle": 45,
        "axis": "x",
        "origin": [
          7.85,
          7.125,
          10.55
        ]
      },
      "faces": {
        "north": {
          "uv": [
            3,
            3.5,
            3.5,
            4.5
          ],
          "rotation": 90,
          "texture": "#0"
        },
        "east": {
          "uv": [
            1.5,
            4.5,
            3,
            6
          ],
          "rotation": 90,
          "texture": "#0"
        },
        "south": {
          "uv": [
            3,
            3.5,
            3.5,
            4.5
          ],
          "rotation": 90,
          "texture": "#0"
        },
        "west": {
          "uv": [
            3,
            3.5,
            3.5,
            4.5
          ],
          "rotation": 90,
          "texture": "#0"
        },
        "up": {
          "uv": [
            3,
            3.5,
            3.5,
            4.5
          ],
          "rotation": 90,
          "texture": "#0"
        },
        "down": {
          "uv": [
            3,
            3.5,
            3.5,
            4.5
          ],
          "rotation": 90,
          "texture": "#0"
        }
      }
    },
    {
      "from": [
        8.4,
        8.475,
        11.3
      ],
      "to": [
        8.9,
        8.875,
        11.7
      ],
      "rotation": {
        "angle": 45,
        "axis": "x",
        "origin": [
          7.9,
          8.675,
          11.5
        ]
      },
      "faces": {
        "north": {
          "uv": [
            2.5,
            3.5,
            3,
            4.5
          ],
          "rotation": 90,
          "texture": "#0"
        },
        "east": {
          "uv": [
            2.5,
            3.5,
            3.5,
            4.5
          ],
          "rotation": 90,
          "texture": "#0"
        },
        "south": {
          "uv": [
            2.5,
            3.5,
            3,
            4.5
          ],
          "rotation": 90,
          "texture": "#0"
        },
        "west": {
          "uv": [
            2.5,
            3.5,
            3.5,
            4.5
          ],
          "rotation": 90,
          "texture": "#0"
        },
        "up": {
          "uv": [
            2.5,
            3.5,
            3,
            4.5
          ],
          "rotation": 90,
          "texture": "#0"
        },
        "down": {
          "uv": [
            2.5,
            3.5,
            3,
            4.5
          ],
          "rotation": 90,
          "texture": "#0"
        }
      }
    },
    {
      "from": [
        8.3,
        8.375,
        11.2
      ],
      "to": [
        8.8,
        8.975,
        11.8
      ],
      "rotation": {
        "angle": 45,
        "axis": "x",
        "origin": [
          7.8,
          8.675,
          11.5
        ]
      },
      "faces": {
        "north": {
          "uv": [
            3,
            3.5,
            3.5,
            4.5
          ],
          "rotation": 90,
          "texture": "#0"
        },
        "east": {
          "uv": [
            1.5,
            4.5,
            3,
            6
          ],
          "rotation": 90,
          "texture": "#0"
        },
        "south": {
          "uv": [
            3,
            3.5,
            3.5,
            4.5
          ],
          "rotation": 90,
          "texture": "#0"
        },
        "west": {
          "uv": [
            3,
            3.5,
            3.5,
            4.5
          ],
          "rotation": 90,
          "texture": "#0"
        },
        "up": {
          "uv": [
            3,
            3.5,
            3.5,
            4.5
          ],
          "rotation": 90,
          "texture": "#0"
        },
        "down": {
          "uv": [
            3,
            3.5,
            3.5,
            4.5
          ],
          "rotation": 90,
          "texture": "#0"
        }
      }
    },
    {
      "from": [
        8.45,
        6.925,
        10.35
      ],
      "to": [
        8.95,
        7.325,
        10.75
      ],
      "rotation": {
        "angle": 45,
        "axis": "x",
        "origin": [
          7.95,
          7.125,
          10.55
        ]
      },
      "faces": {
        "north": {
          "uv": [
            2.5,
            3.5,
            3,
            4.5
          ],
          "rotation": 90,
          "texture": "#0"
        },
        "east": {
          "uv": [
            2.5,
            3.5,
            3.5,
            4.5
          ],
          "rotation": 90,
          "texture": "#0"
        },
        "south": {
          "uv": [
            2.5,
            3.5,
            3,
            4.5
          ],
          "rotation": 90,
          "texture": "#0"
        },
        "west": {
          "uv": [
            3,
            3.5,
            3.5,
            4.5
          ],
          "rotation": 90,
          "texture": "#0"
        },
        "up": {
          "uv": [
            2.5,
            3.5,
            3,
            4.5
          ],
          "rotation": 90,
          "texture": "#0"
        },
        "down": {
          "uv": [
            2.5,
            3.5,
            3,
            4.5
          ],
          "rotation": 90,
          "texture": "#0"
        }
      }
    },
    {
      "from": [
        6.2,
        5.9,
        6.5
      ],
      "to": [
        7.5,
        7,
        7.5
      ],
      "rotation": {
        "angle": 0,
        "axis": "y",
        "origin": [
          6.5,
          7,
          5.5
        ]
      },
      "faces": {
        "north": {
          "uv": [
            4.5,
            0.5,
            6,
            2
          ],
          "rotation": 270,
          "texture": "#0"
        },
        "east": {
          "uv": [
            4.5,
            0.5,
            6,
            2
          ],
          "rotation": 270,
          "texture": "#0"
        },
        "south": {
          "uv": [
            4.5,
            0.5,
            6,
            2
          ],
          "rotation": 270,
          "texture": "#0"
        },
        "west": {
          "uv": [
            4.5,
            0.5,
            6,
            2
          ],
          "rotation": 270,
          "texture": "#0"
        },
        "up": {
          "uv": [
            4.5,
            0.5,
            6,
            2
          ],
          "rotation": 270,
          "texture": "#0"
        },
        "down": {
          "uv": [
            4.5,
            0.5,
            6,
            2
          ],
          "rotation": 270,
          "texture": "#0"
        }
      }
    },
    {
      "from": [
        6.2,
        7.5,
        6.5
      ],
      "to": [
        7.5,
        8.5,
        7.5
      ],
      "rotation": {
        "angle": 0,
        "axis": "y",
        "origin": [
          6.5,
          8.5,
          5.5
        ]
      },
      "faces": {
        "north": {
          "uv": [
            2.5,
            0.5,
            4,
            2
          ],
          "rotation": 270,
          "texture": "#0"
        },
        "east": {
          "uv": [
            2.5,
            0.5,
            4,
            2
          ],
          "rotation": 270,
          "texture": "#0"
        },
        "south": {
          "uv": [
            2.5,
            0.5,
            4,
            2
          ],
          "rotation": 270,
          "texture": "#0"
        },
        "west": {
          "uv": [
            2.5,
            0.5,
            4,
            2
          ],
          "rotation": 270,
          "texture": "#0"
        },
        "up": {
          "uv": [
            2.5,
            0.5,
            4,
            2
          ],
          "rotation": 270,
          "texture": "#0"
        },
        "down": {
          "uv": [
            2.5,
            0.5,
            4,
            2
          ],
          "rotation": 270,
          "texture": "#0"
        }
      }
    },
    {
      "from": [
        6.2,
        9,
        6.5
      ],
      "to": [
        7.5,
        10.1,
        7.5
      ],
      "rotation": {
        "angle": 0,
        "axis": "y",
        "origin": [
          6.5,
          10,
          5.5
        ]
      },
      "faces": {
        "north": {
          "uv": [
            0.5,
            0.5,
            2,
            2
          ],
          "rotation": 270,
          "texture": "#0"
        },
        "east": {
          "uv": [
            0.5,
            0.5,
            2,
            2
          ],
          "rotation": 270,
          "texture": "#0"
        },
        "south": {
          "uv": [
            0.5,
            0.5,
            2,
            2
          ],
          "rotation": 270,
          "texture": "#0"
        },
        "west": {
          "uv": [
            0.5,
            0.5,
            2,
            2
          ],
          "rotation": 270,
          "texture": "#0"
        },
        "up": {
          "uv": [
            0.5,
            0.5,
            2,
            2
          ],
          "rotation": 270,
          "texture": "#0"
        },
        "down": {
          "uv": [
            0.5,
            0.5,
            2,
            2
          ],
          "rotation": 270,
          "texture": "#0"
        }
      }
    },
    {
      "from": [
        7.5,
        5.9,
        6.5
      ],
      "to": [
        8.5,
        10.1,
        7.5
      ],
      "rotation": {
        "angle": 0,
        "axis": "y",
        "origin": [
          7.5,
          10,
          5.5
        ]
      },
      "faces": {
        "north": {
          "uv": [
            3.5,
            6.5,
            7.5,
            7
          ],
          "rotation": 90,
          "texture": "#0"
        },
        "east": {
          "uv": [
            3.5,
            6.5,
            7.5,
            7.5
          ],
          "rotation": 90,
          "texture": "#0"
        },
        "south": {
          "uv": [
            3.5,
            6.5,
            7.5,
            7.5
          ],
          "rotation": 90,
          "texture": "#0"
        },
        "west": {
          "uv": [
            3.5,
            6.5,
            7.5,
            7.5
          ],
          "rotation": 90,
          "texture": "#0"
        },
        "up": {
          "uv": [
            3.5,
            6.5,
            4,
            7.5
          ],
          "rotation": 90,
          "texture": "#0"
        },
        "down": {
          "uv": [
            3.5,
            6.5,
            4,
            7.5
          ],
          "rotation": 90,
          "texture": "#0"
        }
      }
    },
    {
      "from": [
        6.5,
        7,
        6.65
      ],
      "to": [
        7.5,
        7.5,
        7.5
      ],
      "rotation": {
        "angle": 0,
        "axis": "y",
        "origin": [
          6.5,
          8,
          5.65
        ]
      },
      "faces": {
        "north": {
          "uv": [
            5,
            5.5,
            5.25,
            6
          ],
          "rotation": 270,
          "texture": "#0"
        },
        "east": {
          "uv": [
            0,
            0,
            0.25,
            0.425
          ],
          "rotation": 90,
          "texture": "#0"
        },
        "south": {
          "uv": [
            5,
            5.5,
            5.25,
            6
          ],
          "rotation": 270,
          "texture": "#0"
        },
        "west": {
          "uv": [
            5,
            5.5,
            5.25,
            6
          ],
          "rotation": 270,
          "texture": "#0"
        },
        "up": {
          "uv": [
            0,
            0,
            0.425,
            0.5
          ],
          "rotation": 90,
          "texture": "#0"
        },
        "down": {
          "uv": [
            0,
            0,
            0.425,
            0.5
          ],
          "rotation": 90,
          "texture": "#0"
        }
      }
    },
    {
      "from": [
        6.5,
        8.5,
        6.65
      ],
      "to": [
        7.5,
        9,
        7.5
      ],
      "rotation": {
        "angle": 0,
        "axis": "y",
        "origin": [
          6.5,
          9.5,
          5.65
        ]
      },
      "faces": {
        "north": {
          "uv": [
            5,
            5.5,
            5.5,
            6.5
          ],
          "rotation": 270,
          "texture": "#0"
        },
        "east": {
          "uv": [
            0,
            0,
            2,
            3.4
          ],
          "rotation": 90,
          "texture": "#0"
        },
        "south": {
          "uv": [
            5,
            5.5,
            5.5,
            6.5
          ],
          "rotation": 270,
          "texture": "#0"
        },
        "west": {
          "uv": [
            5,
            5.5,
            5.5,
            6.5
          ],
          "rotation": 270,
          "texture": "#0"
        },
        "up": {
          "uv": [
            0,
            0,
            3.4,
            4
          ],
          "rotation": 90,
          "texture": "#0"
        },
        "down": {
          "uv": [
            0,
            0,
            3.4,
            4
          ],
          "rotation": 90,
          "texture": "#0"
        }
      }
    },
    {
      "from": [
        8.025,
        9.7,
        12.3
      ],
      "to": [
        8.025,
        10.1,
        14.3
      ],
      "rotation": {
        "angle": 0,
        "axis": "y",
        "origin": [
          6.025,
          9.7,
          12.3
        ]
      },
      "faces": {
        "east": {
          "uv": [
            7.5,
            0,
            12,
            1
          ],
          "texture": "#0"
        },
        "west": {
          "uv": [
            11.5,
            0.5,
            12,
            3.5
          ],
          "texture": "#0"
        }
      }
    },
    {
      "from": [
        8.025,
        5.9,
        10.05
      ],
      "to": [
        8.025,
        6.3,
        11.05
      ],
      "rotation": {
        "angle": 0,
        "axis": "y",
        "origin": [
          6.025,
          5.9,
          10.05
        ]
      },
      "faces": {
        "east": {
          "uv": [
            7.5,
            7.5,
            10,
            8.5
          ],
          "texture": "#0"
        },
        "west": {
          "uv": [
            11.5,
            0.5,
            12,
            3.5
          ],
          "texture": "#0"
        }
      }
    },
    {
      "from": [
        3.95,
        5.9,
        10.05
      ],
      "to": [
        8.025,
        5.9,
        11.05
      ],
      "rotation": {
        "angle": 0,
        "axis": "y",
        "origin": [
          2.7,
          10.1,
          10.05
        ]
      },
      "faces": {
        "up": {
          "uv": [
            7.5,
            0,
            12,
            3.5
          ],
          "texture": "#0"
        },
        "down": {
          "uv": [
            7.5,
            0,
            12,
            3.5
          ],
          "texture": "#0"
        }
      }
    },
    {
      "from": [
        3.95,
        5.9,
        10.05
      ],
      "to": [
        3.95,
        10.1,
        11.05
      ],
      "rotation": {
        "angle": 0,
        "axis": "y",
        "origin": [
          1.95,
          10.1,
          10.05
        ]
      },
      "faces": {
        "east": {
          "uv": [
            7.5,
            4,
            10,
            8.5
          ],
          "texture": "#0"
        },
        "west": {
          "uv": [
            7.5,
            4,
            10,
            8.5
          ],
          "texture": "#0"
        }
      }
    },
    {
      "from": [
        3.95,
        10.1,
        10.05
      ],
      "to": [
        8.025,
        10.1,
        11.05
      ],
      "rotation": {
        "angle": 0,
        "axis": "y",
        "origin": [
          5.7,
          10.1,
          10.05
        ]
      },
      "faces": {
        "up": {
          "uv": [
            7.5,
            0,
            12,
            3.5
          ],
          "texture": "#0"
        },
        "down": {
          "uv": [
            7.5,
            0,
            12,
            3.5
          ],
          "texture": "#0"
        }
      }
    },
    {
      "from": [
        8.025,
        9.7,
        10.05
      ],
      "to": [
        8.025,
        10.1,
        11.05
      ],
      "rotation": {
        "angle": 0,
        "axis": "y",
        "origin": [
          6.025,
          9.7,
          10.05
        ]
      },
      "faces": {
        "east": {
          "uv": [
            7.5,
            4,
            10,
            5
          ],
          "texture": "#0"
        },
        "west": {
          "uv": [
            11.5,
            0.5,
            12,
            3.5
          ],
          "texture": "#0"
        }
      }
    },
    {
      "from": [
        8.025,
        5.9,
        12.3
      ],
      "to": [
        8.025,
        6.3,
        14.3
      ],
      "rotation": {
        "angle": 0,
        "axis": "y",
        "origin": [
          6.025,
          5.9,
          12.3
        ]
      },
      "faces": {
        "east": {
          "uv": [
            7.5,
            2.5,
            12,
            3.5
          ],
          "texture": "#0"
        },
        "west": {
          "uv": [
            7.5,
            4,
            10,
            8.5
          ],
          "texture": "#0"
        }
      }
    },
    {
      "from": [
        3.95,
        10.1,
        12.3
      ],
      "to": [
        8.025,
        10.1,
        14.3
      ],
      "rotation": {
        "angle": 0,
        "axis": "y",
        "origin": [
          5.7,
          10.1,
          12.3
        ]
      },
      "faces": {
        "up": {
          "uv": [
            7.5,
            0,
            12,
            3.5
          ],
          "texture": "#0"
        },
        "down": {
          "uv": [
            7.5,
            0,
            12,
            3.5
          ],
          "texture": "#0"
        }
      }
    },
    {
      "from": [
        3.95,
        5.9,
        12.3
      ],
      "to": [
        3.95,
        10.1,
        14.3
      ],
      "rotation": {
        "angle": 0,
        "axis": "y",
        "origin": [
          1.95,
          10.1,
          12.3
        ]
      },
      "faces": {
        "east": {
          "uv": [
            7.5,
            4,
            10,
            8.5
          ],
          "texture": "#0"
        },
        "west": {
          "uv": [
            7.5,
            4,
            10,
            8.5
          ],
          "texture": "#0"
        }
      }
    },
    {
      "from": [
        3.95,
        5.9,
        12.3
      ],
      "to": [
        8.025,
        5.9,
        14.3
      ],
      "rotation": {
        "angle": 0,
        "axis": "y",
        "origin": [
          2.7,
          10.1,
          12.3
        ]
      },
      "faces": {
        "up": {
          "uv": [
            7.5,
            0,
            9.5375,
            1
          ],
          "texture": "#0"
        },
        "down": {
          "uv": [
            7.5,
            0,
            9.5375,
            1
          ],
          "texture": "#0"
        }
      }
    }
  ],
  "display": {
    "thirdperson_righthand": {
      "translation": [
        2,
        -2,
        0.5
      ]
    },
    "thirdperson_lefthand": {
      "rotation": [
        0,
        0,
        -180
      ],
      "translation": [
        2,
        -2,
        0.5
      ]
    },
    "firstperson_righthand": {
      "rotation": [
        26.36,
        25.6,
        -0.9
      ],
      "translation": [
        1,
        3.25,
        2
      ]
    },
    "firstperson_lefthand": {
      "rotation": [
        26.36,
        25.6,
        180
      ],
      "translation": [
        1,
        3.25,
        2
      ]
    },
    "gui": {
      "rotation": [
        90,
        45.5,
        90
      ],
      "translation": [
        -3,
        2.25,
        0
      ],
      "scale": [
        1.25,
        1.6,
        1.6
      ]
    },
    "fixed": {
      "rotation": [
        -180,
        90,
        -180
      ],
      "translation": [
        -2,
        0,
        0
      ]
    }
  },
  "groups": [
    {
      "name": "gauntlet",
      "origin": [
        6.5,
        7.2,
        6
      ],
      "color": 0,
      "children": [
        0,
        1,
        2,
        3,
        4,
        5,
        6,
        7,
        8,
        9,
        10,
        11,
        12,
        13,
        14,
        15,
        16,
        17,
        18,
        19,
        20
      ]
    },
    {
      "name": "strap",
      "origin": [
        8,
        8,
        8
      ],
      "color": 0,
      "children": [
        21,
        22,
        23,
        24,
        25,
        26,
        27,
        28,
        29,
        30
      ]
    }
  ]
}