{
  "credit": "Made By AtPoe",
  "texture_size": [
    64,
    64
  ],
  "elements": [
    {
      "from": [
        7.2,
        -6,
        7.2
      ],
      "to": [
        8.8,
        4,
        8.8
      ],
      "rotation": {
        "angle": 0,
        "axis": "y",
        "origin": [
          0,
          24,
          0
        ]
      },
      "faces": {
        "north": {
          "uv": [
            12.75,
            10.5,
            12,
            13.25
          ],
          "texture": "#sword_0"
        },
        "east": {
          "uv": [
            12.75,
            10.5,
            12,
            13.25
          ],
          "texture": "#sword_0"
        },
        "south": {
          "uv": [
            12.75,
            10.5,
            12,
            13.25
          ],
          "texture": "#sword_0"
        },
        "west": {
          "uv": [
            12.75,
            10.5,
            12,
            13.25
          ],
          "texture": "#sword_0"
        }
      }
    },
    {
      "from": [
        5.5,
        4,
        7
      ],
      "to": [
        10.5,
        6,
        9
      ],
      "rotation": {
        "angle": 0,
        "axis": "y",
        "origin": [
          0.5,
          25,
          0
        ]
      },
      "faces": {
        "north": {
          "uv": [
            13,
            9.75,
            11.75,
            10.5
          ],
          "texture": "#sword_0"
        },
        "east": {
          "uv": [
            13,
            9.5,
            11.75,
            9.75
          ],
          "texture": "#sword_0"
        },
        "south": {
          "uv": [
            13,
            9.75,
            11.75,
            10.5
          ],
          "texture": "#sword_0"
        },
        "west": {
          "uv": [
            13,
            9.5,
            11.75,
            9.75
          ],
          "texture": "#sword_0"
        },
        "up": {
          "uv": [
            13,
            9.75,
            11.75,
            10.5
          ],
          "texture": "#sword_0"
        },
        "down": {
          "uv": [
            13,
            9.5,
            11.75,
            9.75
          ],
          "texture": "#sword_0"
        }
      }
    },
    {
      "from": [
        5.73254,
        26.9315,
        7.49
      ],
      "to": [
        10.26954,
        31.4685,
        8.51
      ],
      "rotation": {
        "angle": 45,
        "axis": "z",
        "origin": [
          8,
          29.2,
          8
        ]
      },
      "faces": {
        "north": {
          "uv": [
            13.25,
            1.25,
            11.5,
            3
          ],
          "texture": "#sword_0"
        },
        "east": {
          "uv": [
            11.5,
            1.25,
            13.25,
            3
          ],
          "texture": "#sword_0"
        },
        "south": {
          "uv": [
            11.5,
            1.25,
            13.25,
            3
          ],
          "texture": "#sword_0"
        },
        "west": {
          "uv": [
            11.5,
            1.25,
            13.25,
            3
          ],
          "texture": "#sword_0"
        },
        "up": {
          "uv": [
            11.5,
            1.25,
            13.25,
            1.75
          ],
          "texture": "#sword_0"
        },
        "down": {
          "uv": [
            11.5,
            2.5,
            13.25,
            3
          ],
          "texture": "#sword_0"
        }
      }
    },
    {
      "from": [
        4.7,
        5.7,
        7.8
      ],
      "to": [
        11.3,
        29.3,
        8.2
      ],
      "rotation": {
        "angle": 0,
        "axis": "y",
        "origin": [
          0,
          23,
          0
        ]
      },
      "faces": {
        "north": {
          "uv": [
            11.5,
            3.5,
            11.75,
            9.75
          ],
          "texture": "#sword_0"
        },
        "east": {
          "uv": [
            13,
            3,
            13.25,
            9.75
          ],
          "texture": "#sword_0"
        },
        "south": {
          "uv": [
            11.5,
            3.5,
            11.75,
            9.75
          ],
          "texture": "#sword_0"
        },
        "west": {
          "uv": [
            11.5,
            3,
            11.75,
            9.75
          ],
          "texture": "#sword_0"
        }
      }
    },
    {
      "from": [
        5.60754,
        26.9815,
        7.79
      ],
      "to": [
        10.56954,
        31.9435,
        8.21
      ],
      "rotation": {
        "angle": 45,
        "axis": "z",
        "origin": [
          8,
          29.375,
          8
        ]
      },
      "faces": {
        "north": {
          "uv": [
            11.5,
            1.25,
            13.25,
            3
          ],
          "texture": "#sword_0"
        },
        "east": {
          "uv": [
            11.5,
            1.25,
            13.25,
            3
          ],
          "texture": "#sword_0"
        },
        "south": {
          "uv": [
            11.5,
            1.25,
            13.25,
            3
          ],
          "texture": "#sword_0"
        },
        "west": {
          "uv": [
            11.5,
            1.25,
            13.25,
            3
          ],
          "texture": "#sword_0"
        },
        "up": {
          "uv": [
            11.5,
            1.25,
            13.25,
            3
          ],
          "texture": "#sword_0"
        },
        "down": {
          "uv": [
            11.5,
            1.25,
            13.25,
            3
          ],
          "texture": "#sword_0"
        }
      }
    },
    {
      "from": [
        5,
        6,
        7.5
      ],
      "to": [
        11,
        29,
        8.5
      ],
      "rotation": {
        "angle": 0,
        "axis": "y",
        "origin": [
          0,
          23,
          0
        ]
      },
      "faces": {
        "north": {
          "uv": [
            13,
            3,
            11.75,
            9.75
          ],
          "texture": "#sword_0"
        },
        "east": {
          "uv": [
            12.75,
            3,
            13,
            9.75
          ],
          "texture": "#sword_0"
        },
        "south": {
          "uv": [
            11.75,
            3,
            13,
            9.75
          ],
          "texture": "#sword_0"
        },
        "west": {
          "uv": [
            11.75,
            3,
            12,
            9.75
          ],
          "texture": "#sword_0"
        }
      }
    },
    {
      "from": [
        7.08,
        -3.72,
        7.08
      ],
      "to": [
        8.92,
        -1.88,
        8.92
      ],
      "rotation": {
        "angle": 0,
        "axis": "y",
        "origin": [
          8,
          -2.7,
          8
        ]
      },
      "faces": {
        "north": {
          "uv": [
            12,
            13.25,
            12.75,
            14
          ],
          "rotation": 90,
          "texture": "#sword_0"
        },
        "east": {
          "uv": [
            12,
            13.25,
            12.75,
            14
          ],
          "rotation": 90,
          "texture": "#sword_0"
        },
        "south": {
          "uv": [
            12,
            13.25,
            12.75,
            14
          ],
          "rotation": 90,
          "texture": "#sword_0"
        },
        "west": {
          "uv": [
            12,
            13.25,
            12.75,
            14
          ],
          "rotation": 90,
          "texture": "#sword_0"
        },
        "up": {
          "uv": [
            12,
            13.25,
            12.75,
            14
          ],
          "rotation": 90,
          "texture": "#sword_0"
        },
        "down": {
          "uv": [
            12,
            13.25,
            12.75,
            14
          ],
          "rotation": 90,
          "texture": "#sword_0"
        }
      }
    },
    {
      "from": [
        7.005,
        -7.72,
        7.08
      ],
      "to": [
        8.845,
        -5.88,
        8.92
      ],
      "rotation": {
        "angle": 45,
        "axis": "z",
        "origin": [
          7.925,
          -6.7,
          8
        ]
      },
      "faces": {
        "north": {
          "uv": [
            12,
            9.75,
            12.75,
            10.5
          ],
          "rotation": 90,
          "texture": "#sword_0"
        },
        "east": {
          "uv": [
            12,
            9.75,
            12.75,
            10.5
          ],
          "rotation": 90,
          "texture": "#sword_0"
        },
        "south": {
          "uv": [
            12,
            9.75,
            12.75,
            10.5
          ],
          "rotation": 90,
          "texture": "#sword_0"
        },
        "west": {
          "uv": [
            12,
            9.75,
            12.75,
            10.5
          ],
          "rotation": 90,
          "texture": "#sword_0"
        },
        "up": {
          "uv": [
            12,
            9.75,
            12.75,
            10.5
          ],
          "rotation": 90,
          "texture": "#sword_0"
        },
        "down": {
          "uv": [
            12,
            9.75,
            12.75,
            10.5
          ],
          "rotation": 90,
          "texture": "#sword_0"
        }
      }
    },
    {
      "from": [
        7.08,
        2.28,
        7.08
      ],
      "to": [
        8.92,
        4.02,
        8.92
      ],
      "rotation": {
        "angle": 0,
        "axis": "y",
        "origin": [
          8,
          3.3,
          8
        ]
      },
      "faces": {
        "north": {
          "uv": [
            12,
            13.25,
            12.75,
            14
          ],
          "rotation": 90,
          "texture": "#sword_0"
        },
        "east": {
          "uv": [
            12,
            13.25,
            12.75,
            14
          ],
          "rotation": 90,
          "texture": "#sword_0"
        },
        "south": {
          "uv": [
            12,
            13.25,
            12.75,
            14
          ],
          "rotation": 90,
          "texture": "#sword_0"
        },
        "west": {
          "uv": [
            12,
            13.25,
            12.75,
            14
          ],
          "rotation": 90,
          "texture": "#sword_0"
        },
        "up": {
          "uv": [
            12,
            13.25,
            12.75,
            14
          ],
          "rotation": 90,
          "texture": "#sword_0"
        },
        "down": {
          "uv": [
            12,
            13.25,
            12.75,
            14
          ],
          "rotation": 90,
          "texture": "#sword_0"
        }
      }
    },
    {
      "from": [
        3.74,
        4.07,
        7.1
      ],
      "to": [
        5.74,
        5.97,
        8.9
      ],
      "rotation": {
        "angle": 0,
        "axis": "y",
        "origin": [
          3.725,
          6.075,
          7
        ]
      },
      "faces": {
        "north": {
          "uv": [
            13.475,
            9.75,
            13,
            10.5
          ],
          "rotation": 270,
          "texture": "#sword_0"
        },
        "east": {
          "uv": [
            10.25,
            9,
            10.75,
            9.5
          ],
          "rotation": 90,
          "texture": "#sword_0"
        },
        "south": {
          "uv": [
            10.725,
            9.5,
            10.25,
            10.25
          ],
          "rotation": 90,
          "texture": "#sword_0"
        },
        "west": {
          "uv": [
            10.25,
            11,
            10.75,
            11.5
          ],
          "rotation": 90,
          "texture": "#sword_0"
        },
        "up": {
          "uv": [
            10.75,
            9.5,
            10.25,
            10.25
          ],
          "rotation": 90,
          "texture": "#sword_0"
        },
        "down": {
          "uv": [
            10.725,
            10.25,
            10.25,
            9.5
          ],
          "rotation": 270,
          "texture": "#sword_0"
        }
      }
    },
    {
      "from": [
        3.04,
        5.195,
        7.3
      ],
      "to": [
        5.04,
        6.695,
        8.7
      ],
      "rotation": {
        "angle": -22.5,
        "axis": "z",
        "origin": [
          3.025,
          7,
          7
        ]
      },
      "faces": {
        "north": {
          "uv": [
            12.225,
            9.75,
            11.75,
            9
          ],
          "rotation": 270,
          "texture": "#sword_0"
        },
        "east": {
          "uv": [
            10.725,
            9.5,
            10.25,
            10.25
          ],
          "rotation": 270,
          "texture": "#sword_0"
        },
        "south": {
          "uv": [
            10.725,
            9.5,
            10.25,
            10.25
          ],
          "rotation": 270,
          "texture": "#sword_0"
        },
        "west": {
          "uv": [
            10.725,
            9.5,
            10.25,
            10.25
          ],
          "rotation": 270,
          "texture": "#sword_0"
        },
        "up": {
          "uv": [
            10.725,
            9.5,
            10.25,
            10.25
          ],
          "rotation": 270,
          "texture": "#sword_0"
        },
        "down": {
          "uv": [
            10.725,
            9.5,
            10.25,
            10.25
          ],
          "rotation": 270,
          "texture": "#sword_0"
        }
      }
    },
    {
      "from": [
        10.96,
        5.195,
        7.3
      ],
      "to": [
        12.96,
        6.695,
        8.7
      ],
      "rotation": {
        "angle": 22.5,
        "axis": "z",
        "origin": [
          12.975,
          7,
          7
        ]
      },
      "faces": {
        "north": {
          "uv": [
            12.5,
            9,
            12.975,
            9.75
          ],
          "rotation": 270,
          "texture": "#sword_0"
        },
        "east": {
          "uv": [
            10.725,
            10.25,
            10.25,
            9.5
          ],
          "rotation": 270,
          "texture": "#sword_0"
        },
        "south": {
          "uv": [
            10.725,
            10.25,
            10.25,
            9.5
          ],
          "rotation": 270,
          "texture": "#sword_0"
        },
        "west": {
          "uv": [
            10.725,
            10.25,
            10.25,
            9.5
          ],
          "rotation": 270,
          "texture": "#sword_0"
        },
        "up": {
          "uv": [
            10.725,
            10.25,
            10.25,
            9.5
          ],
          "rotation": 270,
          "texture": "#sword_0"
        },
        "down": {
          "uv": [
            10.725,
            10.25,
            10.25,
            9.5
          ],
          "rotation": 270,
          "texture": "#sword_0"
        }
      }
    },
    {
      "from": [
        10.26,
        4.07,
        7.1
      ],
      "to": [
        12.26,
        5.97,
        8.9
      ],
      "rotation": {
        "angle": 0,
        "axis": "z",
        "origin": [
          12.275,
          6.075,
          7
        ]
      },
      "faces": {
        "north": {
          "uv": [
            11.725,
            10.5,
            11.25,
            9.75
          ],
          "rotation": 270,
          "texture": "#sword_0"
        },
        "east": {
          "uv": [
            10.25,
            11.5,
            10.75,
            11
          ],
          "rotation": 90,
          "texture": "#sword_0"
        },
        "south": {
          "uv": [
            10.725,
            10.25,
            10.25,
            9.5
          ],
          "rotation": 90,
          "texture": "#sword_0"
        },
        "west": {
          "uv": [
            10.25,
            9.5,
            10.75,
            9
          ],
          "rotation": 90,
          "texture": "#sword_0"
        },
        "up": {
          "uv": [
            10.75,
            10.25,
            10.25,
            9.5
          ],
          "rotation": 90,
          "texture": "#sword_0"
        },
        "down": {
          "uv": [
            10.725,
            9.5,
            10.25,
            10.25
          ],
          "rotation": 270,
          "texture": "#sword_0"
        }
      }
    },
    {
      "from": [
        6.68,
        -6.02,
        6.68
      ],
      "to": [
        9.32,
        -3.98,
        9.32
      ],
      "rotation": {
        "angle": 45,
        "axis": "y",
        "origin": [
          8,
          -5,
          8
        ]
      },
      "faces": {
        "north": {
          "uv": [
            11.75,
            13.25,
            13,
            14
          ],
          "rotation": 180,
          "texture": "#sword_0"
        },
        "east": {
          "uv": [
            11.75,
            13.25,
            13,
            14
          ],
          "rotation": 180,
          "texture": "#sword_0"
        },
        "south": {
          "uv": [
            11.75,
            13.25,
            13,
            14
          ],
          "rotation": 180,
          "texture": "#sword_0"
        },
        "west": {
          "uv": [
            11.75,
            13.25,
            13,
            14
          ],
          "rotation": 180,
          "texture": "#sword_0"
        },
        "up": {
          "uv": [
            11.75,
            13.25,
            13,
            14
          ],
          "rotation": 180,
          "texture": "#sword_0"
        },
        "down": {
          "uv": [
            11.75,
            13.25,
            13,
            14
          ],
          "rotation": 180,
          "texture": "#sword_0"
        }
      }
    }
  ],
  "gui_light": "front",
  "display": {
    "thirdperson_righthand": {
      "rotation": [
        -112.5,
        -84,
        -92.5
      ],
      "translation": [
        0.25,
        4.25,
        -0.25
      ],
      "scale": [
        0.9,
        0.9,
        0.9
      ]
    },
    "thirdperson_lefthand": {
      "rotation": [
        0,
        90,
        0
      ],
      "translation": [
        0,
        3.75,
        0.75
      ],
      "scale": [
        0.9,
        0.9,
        0.9
      ]
    },
    "firstperson_righthand": {
      "rotation": [
        4,
        -90,
        0
      ],
      "translation": [
        3,
        2.25,
        0.5
      ],
      "scale": [
        0.65,
        0.9,
        0.9
      ]
    },
    "firstperson_lefthand": {
      "rotation": [
        4,
        -90,
        0
      ],
      "translation": [
        3,
        2.25,
        0.5
      ],
      "scale": [
        0.65,
        0.9,
        0.9
      ]
    },
    "ground": {
      "rotation": [
        0,
        0,
        -45
      ],
      "translation": [
        0,
        3,
        0
      ],
      "scale": [
        0.6,
        0.6,
        0.6
      ]
    },
    "gui": {
      "rotation": [
        0,
        0,
        -45
      ],
      "translation": [
        -1.75,
        -1.65,
        0
      ],
      "scale": [
        0.6,
        0.52,
        0.5
      ]
    },
    "head": {
      "rotation": [
        0,
        0,
        140
      ],
      "translation": [
        4,
        -7.75,
        4.25
      ]
    },
    "fixed": {
      "rotation": [
        0,
        -180,
        -45
      ],
      "translation": [
        1.75,
        -1.5,
        0.75
      ],
      "scale": [
        0.7,
        0.7,
        0.7
      ]
    }
  },
  "groups": [
    {
      "name": "sword",
      "origin": [
        8,
        8,
        8
      ],
      "color": 0,
      "children": [
        0,
        1,
        2,
        3,
        4,
        5,
        6,
        7,
        8,
        9,
        10,
        11,
        12,
        13
      ]
    }
  ]
}