{
  "credit": "Made By AtPoe",
  "texture_size": [
    64,
    64
  ],
  "elements": [
    {
      "from": [
        7.3,
        -6,
        7.3
      ],
      "to": [
        8.7,
        4,
        8.7
      ],
      "rotation": {
        "angle": 0,
        "axis": "y",
        "origin": [
          0,
          24,
          0
        ]
      },
      "faces": {
        "north": {
          "uv": [
            12.75,
            10.5,
            12,
            13.25
          ],
          "texture": "#sword_0"
        },
        "east": {
          "uv": [
            12.75,
            10.5,
            12,
            13.25
          ],
          "texture": "#sword_0"
        },
        "south": {
          "uv": [
            12.75,
            10.5,
            12,
            13.25
          ],
          "texture": "#sword_0"
        },
        "west": {
          "uv": [
            12.75,
            10.5,
            12,
            13.25
          ],
          "texture": "#sword_0"
        }
      }
    },
    {
      "from": [
        7,
        4,
        7
      ],
      "to": [
        9,
        6,
        9
      ],
      "rotation": {
        "angle": 0,
        "axis": "y",
        "origin": [
          0.5,
          26,
          0
        ]
      },
      "faces": {
        "north": {
          "uv": [
            12.75,
            9.75,
            12,
            10.5
          ],
          "texture": "#sword_0"
        },
        "east": {
          "uv": [
            12.75,
            9.75,
            12,
            10.5
          ],
          "texture": "#sword_0"
        },
        "south": {
          "uv": [
            12.75,
            9.75,
            12,
            10.5
          ],
          "texture": "#sword_0"
        },
        "west": {
          "uv": [
            12.75,
            9.75,
            12,
            10.5
          ],
          "texture": "#sword_0"
        },
        "up": {
          "uv": [
            12.75,
            9.75,
            12,
            10.5
          ],
          "texture": "#sword_0"
        },
        "down": {
          "uv": [
            12.75,
            10.25,
            12,
            10.5
          ],
          "texture": "#sword_0"
        }
      }
    },
    {
      "from": [
        6.1,
        6,
        6.525
      ],
      "to": [
        9.9,
        9,
        9.475
      ],
      "rotation": {
        "angle": 0,
        "axis": "y",
        "origin": [
          1.5,
          28,
          0
        ]
      },
      "faces": {
        "north": {
          "uv": [
            13,
            8.5,
            11.75,
            9.75
          ],
          "texture": "#sword_0"
        },
        "east": {
          "uv": [
            13,
            8.5,
            11.75,
            9.75
          ],
          "texture": "#sword_0"
        },
        "south": {
          "uv": [
            13,
            8.5,
            11.75,
            9.75
          ],
          "texture": "#sword_0"
        },
        "west": {
          "uv": [
            13,
            8.5,
            11.75,
            9.75
          ],
          "texture": "#sword_0"
        },
        "up": {
          "uv": [
            13,
            8.5,
            11.75,
            9.75
          ],
          "texture": "#sword_0"
        },
        "down": {
          "uv": [
            12,
            8.5,
            11.75,
            8.75
          ],
          "texture": "#sword_0"
        }
      }
    },
    {
      "from": [
        6,
        9,
        6.5
      ],
      "to": [
        10,
        13,
        9.5
      ],
      "rotation": {
        "angle": 0,
        "axis": "y",
        "origin": [
          1.65,
          31.5,
          -0.275
        ]
      },
      "faces": {
        "north": {
          "uv": [
            13.25,
            6.75,
            11.5,
            8.25
          ],
          "texture": "#sword_0"
        },
        "east": {
          "uv": [
            13.25,
            6.75,
            11.5,
            8.25
          ],
          "texture": "#sword_0"
        },
        "south": {
          "uv": [
            13.25,
            6.75,
            11.5,
            8.25
          ],
          "texture": "#sword_0"
        },
        "west": {
          "uv": [
            13.25,
            6.75,
            11.5,
            8.25
          ],
          "texture": "#sword_0"
        },
        "up": {
          "uv": [
            13.25,
            6.75,
            11.5,
            8.25
          ],
          "texture": "#sword_0"
        },
        "down": {
          "uv": [
            13.25,
            6.75,
            11.5,
            8.25
          ],
          "texture": "#sword_0"
        }
      }
    },
    {
      "from": [
        3,
        8.9,
        5.9
      ],
      "to": [
        5,
        13.1,
        10.1
      ],
      "rotation": {
        "angle": 0,
        "axis": "y",
        "origin": [
          -2.85,
          31.5,
          -0.275
        ]
      },
      "faces": {
        "north": {
          "uv": [
            14.75,
            6.75,
            13.5,
            8.5
          ],
          "texture": "#sword_0"
        },
        "east": {
          "uv": [
            11.75,
            6.75,
            13,
            8
          ],
          "texture": "#sword_0"
        },
        "south": {
          "uv": [
            13.5,
            6.75,
            14.75,
            8.5
          ],
          "texture": "#sword_0"
        },
        "west": {
          "uv": [
            11.75,
            6.75,
            13,
            8
          ],
          "texture": "#sword_0"
        },
        "up": {
          "uv": [
            13.5,
            6.75,
            14.75,
            8.5
          ],
          "texture": "#sword_0"
        },
        "down": {
          "uv": [
            13.75,
            7.5,
            14.75,
            8.5
          ],
          "texture": "#sword_0"
        }
      }
    },
    {
      "from": [
        11,
        8.9,
        5.9
      ],
      "to": [
        13,
        13.1,
        10.1
      ],
      "rotation": {
        "angle": 0,
        "axis": "y",
        "origin": [
          5.15,
          31.5,
          -0.275
        ]
      },
      "faces": {
        "north": {
          "uv": [
            13.5,
            6.75,
            14.75,
            8.5
          ],
          "texture": "#sword_0"
        },
        "east": {
          "uv": [
            11.75,
            6.75,
            13,
            8
          ],
          "texture": "#sword_0"
        },
        "south": {
          "uv": [
            14.75,
            6.75,
            13.5,
            8.5
          ],
          "texture": "#sword_0"
        },
        "west": {
          "uv": [
            11.75,
            6.75,
            13,
            8
          ],
          "texture": "#sword_0"
        },
        "up": {
          "uv": [
            14.75,
            6.75,
            13.5,
            8.5
          ],
          "texture": "#sword_0"
        },
        "down": {
          "uv": [
            13.75,
            7.5,
            14.75,
            8.5
          ],
          "texture": "#sword_0"
        }
      }
    },
    {
      "from": [
        5,
        10,
        6.8
      ],
      "to": [
        6.5,
        12,
        9.2
      ],
      "rotation": {
        "angle": 0,
        "axis": "y",
        "origin": [
          -1.35,
          31.5,
          0.225
        ]
      },
      "faces": {
        "north": {
          "uv": [
            10,
            9.25,
            11,
            11
          ],
          "texture": "#sword_0"
        },
        "east": {
          "uv": [
            11,
            9.25,
            10,
            11
          ],
          "texture": "#sword_0"
        },
        "south": {
          "uv": [
            11,
            9.25,
            10,
            11
          ],
          "texture": "#sword_0"
        },
        "west": {
          "uv": [
            11,
            9.25,
            10,
            11
          ],
          "texture": "#sword_0"
        },
        "up": {
          "uv": [
            11,
            9,
            10,
            10.5
          ],
          "texture": "#sword_0"
        },
        "down": {
          "uv": [
            11,
            10.5,
            10.75,
            10.75
          ],
          "texture": "#sword_0"
        }
      }
    },
    {
      "from": [
        7.025,
        13,
        7.025
      ],
      "to": [
        8.975,
        14,
        8.975
      ],
      "rotation": {
        "angle": 0,
        "axis": "y",
        "origin": [
          0.65,
          33.5,
          0.725
        ]
      },
      "faces": {
        "north": {
          "uv": [
            13,
            7.5,
            11.75,
            8.25
          ],
          "texture": "#sword_0"
        },
        "east": {
          "uv": [
            13,
            7.5,
            11.75,
            8.25
          ],
          "texture": "#sword_0"
        },
        "south": {
          "uv": [
            13,
            7.5,
            11.75,
            8.25
          ],
          "texture": "#sword_0"
        },
        "west": {
          "uv": [
            13,
            7.5,
            11.75,
            8.25
          ],
          "texture": "#sword_0"
        },
        "up": {
          "uv": [
            13,
            7.5,
            11.75,
            8.25
          ],
          "texture": "#sword_0"
        },
        "down": {
          "uv": [
            13,
            7.5,
            11.75,
            8.25
          ],
          "texture": "#sword_0"
        }
      }
    },
    {
      "from": [
        7.075,
        13.525,
        7
      ],
      "to": [
        9.075,
        15.525,
        9
      ],
      "rotation": {
        "angle": 45,
        "axis": "z",
        "origin": [
          8.075,
          14.425,
          8.025
        ]
      },
      "faces": {
        "north": {
          "uv": [
            12.75,
            13.25,
            12,
            14
          ],
          "texture": "#sword_0"
        },
        "east": {
          "uv": [
            12.75,
            13.25,
            12,
            14
          ],
          "texture": "#sword_0"
        },
        "south": {
          "uv": [
            12.75,
            13.25,
            12,
            14
          ],
          "texture": "#sword_0"
        },
        "west": {
          "uv": [
            12.75,
            13.25,
            12,
            14
          ],
          "texture": "#sword_0"
        },
        "up": {
          "uv": [
            12.75,
            13.25,
            12,
            14
          ],
          "texture": "#sword_0"
        },
        "down": {
          "uv": [
            12.75,
            13.25,
            12,
            14
          ],
          "texture": "#sword_0"
        }
      }
    },
    {
      "from": [
        9.5,
        9.9,
        6.8
      ],
      "to": [
        11,
        12.1,
        9.2
      ],
      "rotation": {
        "angle": 0,
        "axis": "y",
        "origin": [
          2.65,
          31.5,
          0.225
        ]
      },
      "faces": {
        "north": {
          "uv": [
            11,
            9.25,
            10,
            11
          ],
          "texture": "#sword_0"
        },
        "east": {
          "uv": [
            11,
            9.25,
            10,
            11
          ],
          "texture": "#sword_0"
        },
        "south": {
          "uv": [
            11,
            9.25,
            10,
            11
          ],
          "texture": "#sword_0"
        },
        "west": {
          "uv": [
            11,
            9.25,
            10,
            11
          ],
          "texture": "#sword_0"
        },
        "up": {
          "uv": [
            11,
            9,
            10,
            10.5
          ],
          "texture": "#sword_0"
        },
        "down": {
          "uv": [
            11,
            10.5,
            10.75,
            10.75
          ],
          "texture": "#sword_0"
        }
      }
    },
    {
      "from": [
        6.78,
        -7.02,
        6.78
      ],
      "to": [
        9.22,
        -4.98,
        9.22
      ],
      "rotation": {
        "angle": 0,
        "axis": "y",
        "origin": [
          8,
          -6,
          8
        ]
      },
      "faces": {
        "north": {
          "uv": [
            12.75,
            13.25,
            12,
            14
          ],
          "rotation": 180,
          "texture": "#sword_0"
        },
        "east": {
          "uv": [
            12.75,
            13.25,
            12.5,
            14
          ],
          "rotation": 270,
          "texture": "#sword_0"
        },
        "south": {
          "uv": [
            12.75,
            13.25,
            12,
            13.5
          ],
          "texture": "#sword_0"
        },
        "west": {
          "uv": [
            12,
            13.25,
            12.25,
            14
          ],
          "rotation": 90,
          "texture": "#sword_0"
        },
        "up": {
          "uv": [
            12,
            13.25,
            12.75,
            14
          ],
          "rotation": 180,
          "texture": "#sword_0"
        },
        "down": {
          "uv": [
            12,
            13.25,
            12.75,
            14
          ],
          "texture": "#sword_0"
        }
      }
    }
  ],
  "gui_light": "front",
  "display": {
    "thirdperson_righthand": {
      "rotation": [
        4,
        -90,
        0
      ],
      "translation": [
        0,
        7,
        1
      ]
    },
    "thirdperson_lefthand": {
      "rotation": [
        4,
        -90,
        0
      ],
      "translation": [
        0,
        7,
        1
      ]
    },
    "firstperson_righthand": {
      "rotation": [
        0,
        90,
        0
      ],
      "translation": [
        1.75,
        6,
        1.5
      ],
      "scale": [
        0.9,
        0.9,
        0.85
      ]
    },
    "firstperson_lefthand": {
      "rotation": [
        0,
        90,
        0
      ],
      "translation": [
        1.75,
        6,
        1.5
      ],
      "scale": [
        0.9,
        0.9,
        0.85
      ]
    },
    "ground": {
      "rotation": [
        0,
        0,
        -45
      ],
      "translation": [
        0,
        3,
        0
      ],
      "scale": [
        0.75,
        0.75,
        0.75
      ]
    },
    "gui": {
      "rotation": [
        0,
        0,
        -45
      ],
      "translation": [
        2.25,
        2.35,
        0
      ],
      "scale": [
        0.9,
        0.9,
        0.9
      ]
    },
    "head": {
      "rotation": [
        0,
        0,
        52.75
      ],
      "translation": [
        7,
        6.75,
        0.75
      ]
    },
    "fixed": {
      "rotation": [
        0,
        -180,
        -45
      ],
      "translation": [
        -2,
        2,
        0.75
      ]
    }
  },
  "groups": [
    {
      "name": "hammer",
      "origin": [
        8,
        8,
        8
      ],
      "color": 0,
      "children": [
        0,
        1,
        2,
        3,
        4,
        5,
        6,
        7,
        8,
        9,
        10
      ]
    }
  ]
}