{
  "credit": "Made By AtPoe",
  "texture_size": [
    32,
    32
  ],
  "elements": [
    {
      "from": [
        7.7,
        14.4,
        14.3
      ],
      "to": [
        8.5,
        14.9,
        15.1
      ],
      "rotation": {
        "angle": 0,
        "axis": "y",
        "origin": [
          8.9,
          12.4,
          12.1
        ]
      },
      "faces": {
        "north": {
          "uv": [
            0.5,
            10.5,
            1,
            10.75
          ],
          "texture": "#0"
        },
        "east": {
          "uv": [
            10.5,
            2,
            11,
            2.25
          ],
          "texture": "#0"
        },
        "south": {
          "uv": [
            10.5,
            2.5,
            11,
            2.75
          ],
          "texture": "#0"
        },
        "west": {
          "uv": [
            3,
            10.5,
            3.5,
            10.75
          ],
          "texture": "#0"
        },
        "up": {
          "uv": [
            9.5,
            4.5,
            9,
            4
          ],
          "texture": "#0"
        },
        "down": {
          "uv": [
            9.5,
            4.5,
            9,
            5
          ],
          "texture": "#0"
        }
      }
    },
    {
      "from": [
        7.6,
        14,
        14.2
      ],
      "to": [
        8.6,
        14.4,
        15.2
      ],
      "rotation": {
        "angle": 0,
        "axis": "y",
        "origin": [
          8.8,
          12,
          12
        ]
      },
      "faces": {
        "north": {
          "uv": [
            10,
            5.5,
            10.5,
            5.75
          ],
          "texture": "#0"
        },
        "east": {
          "uv": [
            6,
            10,
            6.5,
            10.25
          ],
          "texture": "#0"
        },
        "south": {
          "uv": [
            10,
            6,
            10.5,
            6.25
          ],
          "texture": "#0"
        },
        "west": {
          "uv": [
            10,
            6.5,
            10.5,
            6.75
          ],
          "texture": "#0"
        },
        "up": {
          "uv": [
            9,
            7.5,
            8.5,
            7
          ],
          "texture": "#0"
        },
        "down": {
          "uv": [
            9,
            7.5,
            8.5,
            8
          ],
          "texture": "#0"
        }
      }
    },
    {
      "from": [
        7.6,
        17.6,
        14.2
      ],
      "to": [
        8.6,
        18,
        15.2
      ],
      "rotation": {
        "angle": 0,
        "axis": "y",
        "origin": [
          8.8,
          15.6,
          12
        ]
      },
      "faces": {
        "north": {
          "uv": [
            8,
            10,
            8.5,
            10.25
          ],
          "texture": "#0"
        },
        "east": {
          "uv": [
            10,
            8,
            10.5,
            8.25
          ],
          "texture": "#0"
        },
        "south": {
          "uv": [
            8.5,
            10,
            9,
            10.25
          ],
          "texture": "#0"
        },
        "west": {
          "uv": [
            9,
            10,
            9.5,
            10.25
          ],
          "texture": "#0"
        },
        "up": {
          "uv": [
            9.5,
            2.5,
            9,
            2
          ],
          "texture": "#0"
        },
        "down": {
          "uv": [
            9.5,
            2.5,
            9,
            3
          ],
          "texture": "#0"
        }
      }
    },
    {
      "from": [
        7.8,
        14,
        14.4
      ],
      "to": [
        8.4,
        18,
        15
      ],
      "rotation": {
        "angle": 0,
        "axis": "y",
        "origin": [
          9.8,
          14,
          15.2
        ]
      },
      "faces": {
        "north": {
          "uv": [
            3.5,
            7.5,
            3.75,
            9.5
          ],
          "texture": "#0"
        },
        "east": {
          "uv": [
            7.5,
            6,
            7.75,
            8
          ],
          "texture": "#0"
        },
        "south": {
          "uv": [
            8,
            2,
            8.25,
            4
          ],
          "texture": "#0"
        },
        "west": {
          "uv": [
            4,
            8,
            4.25,
            10
          ],
          "texture": "#0"
        },
        "up": {
          "uv": [
            1.25,
            11.25,
            1,
            11
          ],
          "texture": "#0"
        },
        "down": {
          "uv": [
            1.75,
            11,
            1.5,
            11.25
          ],
          "texture": "#0"
        }
      }
    },
    {
      "from": [
        7.7,
        15.3,
        14.3
      ],
      "to": [
        8.5,
        15.8,
        15.1
      ],
      "rotation": {
        "angle": 0,
        "axis": "y",
        "origin": [
          8.9,
          13.3,
          12.1
        ]
      },
      "faces": {
        "north": {
          "uv": [
            10,
            2.5,
            10.5,
            2.75
          ],
          "texture": "#0"
        },
        "east": {
          "uv": [
            10,
            3,
            10.5,
            3.25
          ],
          "texture": "#0"
        },
        "south": {
          "uv": [
            4,
            10,
            4.5,
            10.25
          ],
          "texture": "#0"
        },
        "west": {
          "uv": [
            4.5,
            10,
            5,
            10.25
          ],
          "texture": "#0"
        },
        "up": {
          "uv": [
            9,
            5.5,
            8.5,
            5
          ],
          "texture": "#0"
        },
        "down": {
          "uv": [
            9,
            5.5,
            8.5,
            6
          ],
          "texture": "#0"
        }
      }
    },
    {
      "from": [
        7.6,
        15.8,
        14.2
      ],
      "to": [
        8.6,
        16.2,
        15.2
      ],
      "rotation": {
        "angle": 0,
        "axis": "y",
        "origin": [
          8.8,
          13.8,
          12
        ]
      },
      "faces": {
        "north": {
          "uv": [
            7,
            10,
            7.5,
            10.25
          ],
          "texture": "#0"
        },
        "east": {
          "uv": [
            10,
            7,
            10.5,
            7.25
          ],
          "texture": "#0"
        },
        "south": {
          "uv": [
            7.5,
            10,
            8,
            10.25
          ],
          "texture": "#0"
        },
        "west": {
          "uv": [
            10,
            7.5,
            10.5,
            7.75
          ],
          "texture": "#0"
        },
        "up": {
          "uv": [
            9,
            8.5,
            8.5,
            8
          ],
          "texture": "#0"
        },
        "down": {
          "uv": [
            9,
            8.5,
            8.5,
            9
          ],
          "texture": "#0"
        }
      }
    },
    {
      "from": [
        7.7,
        16.2,
        14.3
      ],
      "to": [
        8.5,
        16.7,
        15.1
      ],
      "rotation": {
        "angle": 0,
        "axis": "y",
        "origin": [
          8.8,
          13.9,
          12.1
        ]
      },
      "faces": {
        "north": {
          "uv": [
            10,
            4.5,
            10.5,
            4.75
          ],
          "texture": "#0"
        },
        "east": {
          "uv": [
            5,
            10,
            5.5,
            10.25
          ],
          "texture": "#0"
        },
        "south": {
          "uv": [
            10,
            5,
            10.5,
            5.25
          ],
          "texture": "#0"
        },
        "west": {
          "uv": [
            5.5,
            10,
            6,
            10.25
          ],
          "texture": "#0"
        },
        "up": {
          "uv": [
            9,
            6.5,
            8.5,
            6
          ],
          "texture": "#0"
        },
        "down": {
          "uv": [
            9,
            6.5,
            8.5,
            7
          ],
          "texture": "#0"
        }
      }
    },
    {
      "from": [
        7.7,
        17.1,
        14.3
      ],
      "to": [
        8.5,
        17.6,
        15.1
      ],
      "rotation": {
        "angle": 0,
        "axis": "y",
        "origin": [
          8.8,
          14.8,
          12.1
        ]
      },
      "faces": {
        "north": {
          "uv": [
            9.5,
            10,
            10,
            10.25
          ],
          "texture": "#0"
        },
        "east": {
          "uv": [
            10,
            9.5,
            10.5,
            9.75
          ],
          "texture": "#0"
        },
        "south": {
          "uv": [
            10,
            10,
            10.5,
            10.25
          ],
          "texture": "#0"
        },
        "west": {
          "uv": [
            0,
            10.5,
            0.5,
            10.75
          ],
          "texture": "#0"
        },
        "up": {
          "uv": [
            9.5,
            3.5,
            9,
            3
          ],
          "texture": "#0"
        },
        "down": {
          "uv": [
            9.5,
            3.5,
            9,
            4
          ],
          "texture": "#0"
        }
      }
    },
    {
      "from": [
        7.7,
        14.4,
        13.2
      ],
      "to": [
        8.5,
        14.9,
        14
      ],
      "rotation": {
        "angle": 0,
        "axis": "y",
        "origin": [
          8.9,
          12.4,
          11
        ]
      },
      "faces": {
        "north": {
          "uv": [
            10.5,
            3,
            11,
            3.25
          ],
          "texture": "#0"
        },
        "east": {
          "uv": [
            3.5,
            10.5,
            4,
            10.75
          ],
          "texture": "#0"
        },
        "south": {
          "uv": [
            10.5,
            3.5,
            11,
            3.75
          ],
          "texture": "#0"
        },
        "west": {
          "uv": [
            4,
            10.5,
            4.5,
            10.75
          ],
          "texture": "#0"
        },
        "up": {
          "uv": [
            9.5,
            5.5,
            9,
            5
          ],
          "texture": "#0"
        },
        "down": {
          "uv": [
            9.5,
            5.5,
            9,
            6
          ],
          "texture": "#0"
        }
      }
    },
    {
      "from": [
        7.6,
        14,
        13.1
      ],
      "to": [
        8.6,
        14.4,
        14.1
      ],
      "rotation": {
        "angle": 0,
        "axis": "y",
        "origin": [
          8.8,
          12,
          10.9
        ]
      },
      "faces": {
        "north": {
          "uv": [
            10.5,
            4,
            11,
            4.25
          ],
          "texture": "#0"
        },
        "east": {
          "uv": [
            4.5,
            10.5,
            5,
            10.75
          ],
          "texture": "#0"
        },
        "south": {
          "uv": [
            10.5,
            4.5,
            11,
            4.75
          ],
          "texture": "#0"
        },
        "west": {
          "uv": [
            5,
            10.5,
            5.5,
            10.75
          ],
          "texture": "#0"
        },
        "up": {
          "uv": [
            9.5,
            6.5,
            9,
            6
          ],
          "texture": "#0"
        },
        "down": {
          "uv": [
            7,
            9,
            6.5,
            9.5
          ],
          "texture": "#0"
        }
      }
    },
    {
      "from": [
        7.6,
        17.6,
        13.1
      ],
      "to": [
        8.6,
        18,
        14.1
      ],
      "rotation": {
        "angle": 0,
        "axis": "y",
        "origin": [
          8.8,
          15.6,
          10.9
        ]
      },
      "faces": {
        "north": {
          "uv": [
            10.5,
            5,
            11,
            5.25
          ],
          "texture": "#0"
        },
        "east": {
          "uv": [
            5.5,
            10.5,
            6,
            10.75
          ],
          "texture": "#0"
        },
        "south": {
          "uv": [
            10.5,
            5.5,
            11,
            5.75
          ],
          "texture": "#0"
        },
        "west": {
          "uv": [
            6,
            10.5,
            6.5,
            10.75
          ],
          "texture": "#0"
        },
        "up": {
          "uv": [
            9.5,
            7,
            9,
            6.5
          ],
          "texture": "#0"
        },
        "down": {
          "uv": [
            7.5,
            9,
            7,
            9.5
          ],
          "texture": "#0"
        }
      }
    },
    {
      "from": [
        7.8,
        14,
        13.3
      ],
      "to": [
        8.4,
        18,
        13.9
      ],
      "rotation": {
        "angle": 0,
        "axis": "y",
        "origin": [
          9.8,
          14,
          14.1
        ]
      },
      "faces": {
        "north": {
          "uv": [
            4.5,
            8,
            4.75,
            10
          ],
          "texture": "#0"
        },
        "east": {
          "uv": [
            5,
            8,
            5.25,
            10
          ],
          "texture": "#0"
        },
        "south": {
          "uv": [
            5.5,
            8,
            5.75,
            10
          ],
          "texture": "#0"
        },
        "west": {
          "uv": [
            6,
            8,
            6.25,
            10
          ],
          "texture": "#0"
        },
        "up": {
          "uv": [
            2.25,
            11.25,
            2,
            11
          ],
          "texture": "#0"
        },
        "down": {
          "uv": [
            11.25,
            2,
            11,
            2.25
          ],
          "texture": "#0"
        }
      }
    },
    {
      "from": [
        7.7,
        15.3,
        13.2
      ],
      "to": [
        8.5,
        15.8,
        14
      ],
      "rotation": {
        "angle": 0,
        "axis": "y",
        "origin": [
          8.9,
          13.3,
          11
        ]
      },
      "faces": {
        "north": {
          "uv": [
            10.5,
            6,
            11,
            6.25
          ],
          "texture": "#0"
        },
        "east": {
          "uv": [
            6.5,
            10.5,
            7,
            10.75
          ],
          "texture": "#0"
        },
        "south": {
          "uv": [
            10.5,
            6.5,
            11,
            6.75
          ],
          "texture": "#0"
        },
        "west": {
          "uv": [
            7,
            10.5,
            7.5,
            10.75
          ],
          "texture": "#0"
        },
        "up": {
          "uv": [
            9.5,
            7.5,
            9,
            7
          ],
          "texture": "#0"
        },
        "down": {
          "uv": [
            8,
            9,
            7.5,
            9.5
          ],
          "texture": "#0"
        }
      }
    },
    {
      "from": [
        7.6,
        15.8,
        13.1
      ],
      "to": [
        8.6,
        16.2,
        14.1
      ],
      "rotation": {
        "angle": 0,
        "axis": "y",
        "origin": [
          8.8,
          13.8,
          10.9
        ]
      },
      "faces": {
        "north": {
          "uv": [
            10.5,
            7,
            11,
            7.25
          ],
          "texture": "#0"
        },
        "east": {
          "uv": [
            7.5,
            10.5,
            8,
            10.75
          ],
          "texture": "#0"
        },
        "south": {
          "uv": [
            10.5,
            7.5,
            11,
            7.75
          ],
          "texture": "#0"
        },
        "west": {
          "uv": [
            8,
            10.5,
            8.5,
            10.75
          ],
          "texture": "#0"
        },
        "up": {
          "uv": [
            9.5,
            8,
            9,
            7.5
          ],
          "texture": "#0"
        },
        "down": {
          "uv": [
            8.5,
            9,
            8,
            9.5
          ],
          "texture": "#0"
        }
      }
    },
    {
      "from": [
        7.7,
        16.2,
        13.2
      ],
      "to": [
        8.5,
        16.7,
        14
      ],
      "rotation": {
        "angle": 0,
        "axis": "y",
        "origin": [
          8.8,
          13.9,
          11
        ]
      },
      "faces": {
        "north": {
          "uv": [
            10.5,
            8,
            11,
            8.25
          ],
          "texture": "#0"
        },
        "east": {
          "uv": [
            8.5,
            10.5,
            9,
            10.75
          ],
          "texture": "#0"
        },
        "south": {
          "uv": [
            10.5,
            8.5,
            11,
            8.75
          ],
          "texture": "#0"
        },
        "west": {
          "uv": [
            9,
            10.5,
            9.5,
            10.75
          ],
          "texture": "#0"
        },
        "up": {
          "uv": [
            9.5,
            8.5,
            9,
            8
          ],
          "texture": "#0"
        },
        "down": {
          "uv": [
            9,
            9,
            8.5,
            9.5
          ],
          "texture": "#0"
        }
      }
    },
    {
      "from": [
        7.7,
        17.1,
        13.2
      ],
      "to": [
        8.5,
        17.6,
        14
      ],
      "rotation": {
        "angle": 0,
        "axis": "y",
        "origin": [
          8.8,
          14.8,
          11
        ]
      },
      "faces": {
        "north": {
          "uv": [
            10.5,
            9,
            11,
            9.25
          ],
          "texture": "#0"
        },
        "east": {
          "uv": [
            9.5,
            10.5,
            10,
            10.75
          ],
          "texture": "#0"
        },
        "south": {
          "uv": [
            10.5,
            9.5,
            11,
            9.75
          ],
          "texture": "#0"
        },
        "west": {
          "uv": [
            10,
            10.5,
            10.5,
            10.75
          ],
          "texture": "#0"
        },
        "up": {
          "uv": [
            9.5,
            9,
            9,
            8.5
          ],
          "texture": "#0"
        },
        "down": {
          "uv": [
            9.5,
            9,
            9,
            9.5
          ],
          "texture": "#0"
        }
      }
    },
    {
      "name": "Rail1",
      "from": [
        7.4,
        18,
        9
      ],
      "to": [
        8.9,
        18.4,
        20.2
      ],
      "rotation": {
        "angle": 0,
        "axis": "y",
        "origin": [
          6.5,
          18,
          17
        ]
      },
      "faces": {
        "north": {
          "uv": [
            9.5,
            8.5,
            10.25,
            8.75
          ],
          "texture": "#0"
        },
        "east": {
          "uv": [
            6,
            0,
            11.5,
            0.25
          ],
          "texture": "#0"
        },
        "south": {
          "uv": [
            9,
            9.5,
            9.75,
            9.75
          ],
          "texture": "#0"
        },
        "west": {
          "uv": [
            6,
            0.5,
            11.5,
            0.75
          ],
          "texture": "#0"
        },
        "up": {
          "uv": [
            0.75,
            5.5,
            0,
            0
          ],
          "texture": "#0"
        },
        "down": {
          "uv": [
            1.75,
            0,
            1,
            5.5
          ],
          "texture": "#0"
        }
      }
    },
    {
      "name": "Rail2",
      "from": [
        7.4,
        13.6,
        9
      ],
      "to": [
        8.9,
        14,
        20.2
      ],
      "rotation": {
        "angle": 0,
        "axis": "y",
        "origin": [
          6.5,
          14,
          17
        ]
      },
      "faces": {
        "north": {
          "uv": [
            9.5,
            9,
            10.25,
            9.25
          ],
          "texture": "#0"
        },
        "east": {
          "uv": [
            6,
            1,
            11.5,
            1.25
          ],
          "texture": "#0"
        },
        "south": {
          "uv": [
            0,
            10,
            0.75,
            10.25
          ],
          "texture": "#0"
        },
        "west": {
          "uv": [
            6,
            1.5,
            11.5,
            1.75
          ],
          "texture": "#0"
        },
        "up": {
          "uv": [
            2.75,
            5.5,
            2,
            0
          ],
          "texture": "#0"
        },
        "down": {
          "uv": [
            3.75,
            0,
            3,
            5.5
          ],
          "texture": "#0"
        }
      }
    },
    {
      "from": [
        7.6,
        12.6,
        10.2
      ],
      "to": [
        8.8,
        16.6,
        11.2
      ],
      "rotation": {
        "angle": 22.5,
        "axis": "x",
        "origin": [
          8.2,
          14.6,
          10.2
        ]
      },
      "faces": {
        "north": {
          "uv": [
            4.5,
            6,
            5,
            8
          ],
          "texture": "#0"
        },
        "east": {
          "uv": [
            5,
            6,
            5.5,
            8
          ],
          "texture": "#0"
        },
        "south": {
          "uv": [
            5.5,
            6,
            6,
            8
          ],
          "texture": "#0"
        },
        "west": {
          "uv": [
            6,
            6,
            6.5,
            8
          ],
          "texture": "#0"
        },
        "up": {
          "uv": [
            0.5,
            10,
            0,
            9.5
          ],
          "texture": "#0"
        },
        "down": {
          "uv": [
            1,
            9.5,
            0.5,
            10
          ],
          "texture": "#0"
        }
      }
    },
    {
      "from": [
        7.6,
        15.5,
        10.2
      ],
      "to": [
        8.8,
        19.5,
        11.2
      ],
      "rotation": {
        "angle": -22.5,
        "axis": "x",
        "origin": [
          8.2,
          17.5,
          10.2
        ]
      },
      "faces": {
        "north": {
          "uv": [
            6.5,
            4,
            7,
            6
          ],
          "texture": "#0"
        },
        "east": {
          "uv": [
            6.5,
            6,
            7,
            8
          ],
          "texture": "#0"
        },
        "south": {
          "uv": [
            7,
            4,
            7.5,
            6
          ],
          "texture": "#0"
        },
        "west": {
          "uv": [
            7,
            6,
            7.5,
            8
          ],
          "texture": "#0"
        },
        "up": {
          "uv": [
            1.5,
            10,
            1,
            9.5
          ],
          "texture": "#0"
        },
        "down": {
          "uv": [
            2,
            9.5,
            1.5,
            10
          ],
          "texture": "#0"
        }
      }
    },
    {
      "from": [
        7.7,
        14,
        7.6
      ],
      "to": [
        8.7,
        18,
        11
      ],
      "rotation": {
        "angle": 0,
        "axis": "y",
        "origin": [
          9.7,
          14,
          10
        ]
      },
      "faces": {
        "north": {
          "uv": [
            4,
            6,
            4.5,
            8
          ],
          "texture": "#0"
        },
        "east": {
          "uv": [
            4,
            0,
            5.75,
            2
          ],
          "texture": "#0"
        },
        "south": {
          "uv": [
            6,
            4,
            6.5,
            6
          ],
          "texture": "#0"
        },
        "west": {
          "uv": [
            4,
            2,
            5.75,
            4
          ],
          "texture": "#0"
        },
        "up": {
          "uv": [
            3,
            9.25,
            2.5,
            7.5
          ],
          "texture": "#0"
        },
        "down": {
          "uv": [
            3.5,
            7.5,
            3,
            9.25
          ],
          "texture": "#0"
        }
      }
    },
    {
      "from": [
        7.8,
        14.1,
        6.1
      ],
      "to": [
        8.6,
        17.9,
        7.6
      ],
      "rotation": {
        "angle": 0,
        "axis": "y",
        "origin": [
          9.7,
          14,
          6
        ]
      },
      "faces": {
        "north": {
          "uv": [
            0,
            7.5,
            0.5,
            9.5
          ],
          "texture": "#0"
        },
        "east": {
          "uv": [
            2,
            5.5,
            2.75,
            7.5
          ],
          "texture": "#0"
        },
        "south": {
          "uv": [
            0.5,
            7.5,
            1,
            9.5
          ],
          "texture": "#0"
        },
        "west": {
          "uv": [
            3,
            5.5,
            3.75,
            7.5
          ],
          "texture": "#0"
        },
        "up": {
          "uv": [
            8,
            8.75,
            7.5,
            8
          ],
          "texture": "#0"
        },
        "down": {
          "uv": [
            8.5,
            8,
            8,
            8.75
          ],
          "texture": "#0"
        }
      }
    },
    {
      "from": [
        7.9,
        14.2,
        4.7
      ],
      "to": [
        8.5,
        17.8,
        6.1
      ],
      "rotation": {
        "angle": 0,
        "axis": "y",
        "origin": [
          9.7,
          14,
          4.1
        ]
      },
      "faces": {
        "north": {
          "uv": [
            1,
            7.5,
            1.5,
            9.5
          ],
          "texture": "#0"
        },
        "east": {
          "uv": [
            4,
            4,
            5,
            6
          ],
          "texture": "#0"
        },
        "south": {
          "uv": [
            1.5,
            7.5,
            2,
            9.5
          ],
          "texture": "#0"
        },
        "west": {
          "uv": [
            5,
            4,
            6,
            6
          ],
          "texture": "#0"
        },
        "up": {
          "uv": [
            8.5,
            7,
            8,
            6
          ],
          "texture": "#0"
        },
        "down": {
          "uv": [
            7,
            8,
            6.5,
            9
          ],
          "texture": "#0"
        }
      }
    },
    {
      "from": [
        8,
        14.35,
        3.5
      ],
      "to": [
        8.4,
        17.65,
        4.7
      ],
      "rotation": {
        "angle": 0,
        "axis": "y",
        "origin": [
          9.7,
          14,
          2.8
        ]
      },
      "faces": {
        "north": {
          "uv": [
            2,
            7.5,
            2.5,
            9.5
          ],
          "texture": "#0"
        },
        "east": {
          "uv": [
            0,
            5.5,
            1,
            7.5
          ],
          "texture": "#0"
        },
        "south": {
          "uv": [
            7.5,
            2,
            8,
            4
          ],
          "texture": "#0"
        },
        "west": {
          "uv": [
            1,
            5.5,
            2,
            7.5
          ],
          "texture": "#0"
        },
        "up": {
          "uv": [
            7.5,
            9,
            7,
            8
          ],
          "texture": "#0"
        },
        "down": {
          "uv": [
            8.5,
            7,
            8,
            8
          ],
          "texture": "#0"
        }
      }
    },
    {
      "from": [
        8.025,
        16,
        0.89
      ],
      "to": [
        8.375,
        16.6,
        3.14
      ],
      "rotation": {
        "angle": -22.5,
        "axis": "x",
        "origin": [
          10,
          18.2,
          0.9
        ]
      },
      "faces": {
        "north": {
          "uv": [
            2.5,
            11,
            2.75,
            11.25
          ],
          "texture": "#0"
        },
        "east": {
          "uv": [
            2,
            9.5,
            3,
            9.75
          ],
          "texture": "#0"
        },
        "south": {
          "uv": [
            11,
            2.5,
            11.25,
            2.75
          ],
          "texture": "#0"
        },
        "west": {
          "uv": [
            9.5,
            2,
            10.5,
            2.25
          ],
          "texture": "#0"
        },
        "up": {
          "uv": [
            9.75,
            3.5,
            9.5,
            2.5
          ],
          "texture": "#0"
        },
        "down": {
          "uv": [
            3.25,
            9.5,
            3,
            10.5
          ],
          "texture": "#0"
        }
      }
    },
    {
      "from": [
        8.025,
        15.1,
        2.35
      ],
      "to": [
        8.375,
        15.7,
        4.6
      ],
      "rotation": {
        "angle": 22.5,
        "axis": "x",
        "origin": [
          10,
          17.3,
          2.3
        ]
      },
      "faces": {
        "north": {
          "uv": [
            3,
            11,
            3.25,
            11.25
          ],
          "texture": "#0"
        },
        "east": {
          "uv": [
            9.5,
            3.5,
            10.5,
            3.75
          ],
          "texture": "#0"
        },
        "south": {
          "uv": [
            11,
            3,
            11.25,
            3.25
          ],
          "texture": "#0"
        },
        "west": {
          "uv": [
            9.5,
            4,
            10.5,
            4.25
          ],
          "texture": "#0"
        },
        "up": {
          "uv": [
            3.75,
            10.5,
            3.5,
            9.5
          ],
          "texture": "#0"
        },
        "down": {
          "uv": [
            9.75,
            4.5,
            9.5,
            5.5
          ],
          "texture": "#0"
        }
      }
    },
    {
      "from": [
        8.025,
        15.375,
        2.355
      ],
      "to": [
        8.375,
        16.415,
        3.395
      ],
      "rotation": {
        "angle": 45,
        "axis": "x",
        "origin": [
          10,
          17.6,
          2.3
        ]
      },
      "faces": {
        "north": {
          "uv": [
            10.5,
            10,
            10.75,
            10.5
          ],
          "texture": "#0"
        },
        "east": {
          "uv": [
            9.5,
            5.5,
            10,
            6
          ],
          "texture": "#0"
        },
        "south": {
          "uv": [
            10.5,
            10.5,
            10.75,
            11
          ],
          "texture": "#0"
        },
        "west": {
          "uv": [
            9.5,
            6,
            10,
            6.5
          ],
          "texture": "#0"
        },
        "up": {
          "uv": [
            0.25,
            11.5,
            0,
            11
          ],
          "texture": "#0"
        },
        "down": {
          "uv": [
            0.75,
            11,
            0.5,
            11.5
          ],
          "texture": "#0"
        }
      }
    },
    {
      "from": [
        8.01,
        15.045,
        2.775
      ],
      "to": [
        8.39,
        17.045,
        5.275
      ],
      "rotation": {
        "angle": 0,
        "axis": "y",
        "origin": [
          10,
          16.6,
          5
        ]
      },
      "faces": {
        "north": {
          "uv": [
            6.5,
            9.5,
            6.75,
            10.5
          ],
          "texture": "#0"
        },
        "east": {
          "uv": [
            6,
            2,
            7.25,
            3
          ],
          "texture": "#0"
        },
        "south": {
          "uv": [
            9.5,
            6.5,
            9.75,
            7.5
          ],
          "texture": "#0"
        },
        "west": {
          "uv": [
            6,
            3,
            7.25,
            4
          ],
          "texture": "#0"
        },
        "up": {
          "uv": [
            8.75,
            3.25,
            8.5,
            2
          ],
          "texture": "#0"
        },
        "down": {
          "uv": [
            8.75,
            3.5,
            8.5,
            4.75
          ],
          "texture": "#0"
        }
      }
    },
    {
      "from": [
        8.01,
        15.345,
        1.475
      ],
      "to": [
        8.39,
        16.645,
        2.775
      ],
      "rotation": {
        "angle": 0,
        "axis": "y",
        "origin": [
          10,
          16.6,
          3
        ]
      },
      "faces": {
        "north": {
          "uv": [
            1,
            10,
            1.25,
            10.75
          ],
          "texture": "#0"
        },
        "east": {
          "uv": [
            7.5,
            4,
            8.25,
            4.75
          ],
          "texture": "#0"
        },
        "south": {
          "uv": [
            1.5,
            10,
            1.75,
            10.75
          ],
          "texture": "#0"
        },
        "west": {
          "uv": [
            7.5,
            5,
            8.25,
            5.75
          ],
          "texture": "#0"
        },
        "up": {
          "uv": [
            2.25,
            10.75,
            2,
            10
          ],
          "texture": "#0"
        },
        "down": {
          "uv": [
            2.75,
            10,
            2.5,
            10.75
          ],
          "texture": "#0"
        }
      }
    },
    {
      "name": "Gem",
      "from": [
        7.6,
        15.375,
        10.355
      ],
      "to": [
        8.8,
        16.415,
        11.395
      ],
      "rotation": {
        "angle": 45,
        "axis": "x",
        "origin": [
          9.6,
          17.6,
          10.3
        ]
      },
      "faces": {
        "north": {
          "uv": [
            7,
            9.5,
            7.5,
            10
          ],
          "texture": "#0"
        },
        "east": {
          "uv": [
            7.5,
            9.5,
            8,
            10
          ],
          "texture": "#0"
        },
        "south": {
          "uv": [
            9.5,
            7.5,
            10,
            8
          ],
          "texture": "#0"
        },
        "west": {
          "uv": [
            8,
            9.5,
            8.5,
            10
          ],
          "texture": "#0"
        },
        "up": {
          "uv": [
            10,
            8.5,
            9.5,
            8
          ],
          "texture": "#0"
        },
        "down": {
          "uv": [
            9,
            9.5,
            8.5,
            10
          ],
          "texture": "#0"
        }
      }
    }
  ],
  "display": {
    "thirdperson_righthand": {
      "translation": [
        0,
        -10,
        -6
      ],
      "scale": [
        1,
        0.99,
        1
      ]
    },
    "thirdperson_lefthand": {
      "translation": [
        0,
        -10,
        -5.75
      ]
    },
    "firstperson_righthand": {
      "rotation": [
        34,
        0,
        0
      ],
      "scale": [
        0.75,
        0.75,
        0.75
      ]
    },
    "firstperson_lefthand": {
      "rotation": [
        34,
        0,
        0
      ],
      "scale": [
        0.75,
        0.75,
        0.75
      ]
    },
    "gui": {
      "rotation": [
        90,
        45,
        -90
      ],
      "translation": [
        -8.25,
        -3.25,
        0
      ]
    },
    "fixed": {
      "rotation": [
        90,
        0,
        -90
      ],
      "translation": [
        -8,
        2.25,
        0.25
      ]
    }
  },
  "groups": [
    {
      "name": "Handle",
      "origin": [
        8,
        8,
        8
      ],
      "color": 0,
      "children": [
        {
          "name": "Handle1",
          "origin": [
            6,
            18.8,
            10.6
          ],
          "color": 0,
          "children": [
            0,
            1,
            2,
            3,
            4,
            5,
            6,
            7
          ]
        },
        {
          "name": "Handle2",
          "origin": [
            6,
            18.8,
            10.6
          ],
          "color": 0,
          "children": [
            8,
            9,
            10,
            11,
            12,
            13,
            14,
            15
          ]
        },
        16,
        17
      ]
    },
    {
      "name": "Guard",
      "origin": [
        8.2,
        17.5,
        10.2
      ],
      "color": 0,
      "children": [
        18,
        19
      ]
    },
    {
      "name": "Blade",
      "origin": [
        8,
        8,
        8
      ],
      "color": 0,
      "children": [
        20,
        21,
        22,
        23,
        24,
        25,
        26,
        27,
        28
      ]
    },
    29
  ]
}