{
  "credit": "Made By AtPoe",
  "texture_size": [
    64,
    64
  ],
  "elements": [
    {
      "from": [
        7.72213,
        12.4319,
        7.92596
      ],
      "to": [
        8.97288,
        13.68265,
        8.07663
      ],
      "rotation": {
        "angle": -45,
        "axis": "z",
        "origin": [
          8,
          13.40478,
          7.99992
        ]
      },
      "faces": {
        "north": {
          "uv": [
            11.75,
            3,
            13,
            9.75
          ],
          "rotation": 180,
          "texture": "#sword_0"
        },
        "east": {
          "uv": [
            13,
            3,
            12.75,
            9.75
          ],
          "rotation": 180,
          "texture": "#sword_0"
        },
        "south": {
          "uv": [
            13,
            3,
            11.75,
            9.75
          ],
          "rotation": 180,
          "texture": "#sword_0"
        },
        "west": {
          "uv": [
            12,
            3,
            11.75,
            9.75
          ],
          "rotation": 180,
          "texture": "#sword_0"
        }
      }
    },
    {
      "from": [
        8.08085,
        5.99335,
        7.94
      ],
      "to": [
        9.5341,
        7.20473,
        8.065
      ],
      "rotation": {
        "angle": -45,
        "axis": "z",
        "origin": [
          8.80747,
          6.59904,
          7.99243
        ]
      },
      "faces": {
        "north": {
          "uv": [
            11.75,
            3,
            13,
            9.75
          ],
          "rotation": 180,
          "texture": "#sword_0"
        },
        "east": {
          "uv": [
            13,
            3,
            12.75,
            9.75
          ],
          "rotation": 180,
          "texture": "#sword_0"
        },
        "south": {
          "uv": [
            13,
            3,
            11.75,
            9.75
          ],
          "rotation": 180,
          "texture": "#sword_0"
        },
        "west": {
          "uv": [
            12,
            3,
            11.75,
            9.75
          ],
          "rotation": 180,
          "texture": "#sword_0"
        }
      }
    },
    {
      "from": [
        6.5188,
        5.88942,
        7.63414
      ],
      "to": [
        7.26955,
        6.9108,
        8.36571
      ],
      "rotation": {
        "angle": 45,
        "axis": "z",
        "origin": [
          6.89417,
          6.53542,
          7.99992
        ]
      },
      "faces": {
        "north": {
          "uv": [
            13,
            3,
            11.75,
            9.75
          ],
          "rotation": 180,
          "texture": "#sword_0"
        },
        "east": {
          "uv": [
            11.75,
            3,
            12,
            9.75
          ],
          "rotation": 180,
          "texture": "#sword_0"
        },
        "south": {
          "uv": [
            11.75,
            3,
            13,
            9.75
          ],
          "rotation": 180,
          "texture": "#sword_0"
        },
        "west": {
          "uv": [
            12.75,
            3,
            13,
            9.75
          ],
          "rotation": 180,
          "texture": "#sword_0"
        }
      }
    },
    {
      "from": [
        6.4538,
        5.88942,
        7.76414
      ],
      "to": [
        7.78455,
        6.9758,
        8.23571
      ],
      "rotation": {
        "angle": 45,
        "axis": "z",
        "origin": [
          6.89417,
          6.53542,
          7.99992
        ]
      },
      "faces": {
        "north": {
          "uv": [
            13,
            3,
            11.75,
            9.75
          ],
          "rotation": 180,
          "texture": "#sword_0"
        },
        "east": {
          "uv": [
            11.75,
            3,
            12,
            9.75
          ],
          "rotation": 180,
          "texture": "#sword_0"
        },
        "south": {
          "uv": [
            11.75,
            3,
            13,
            9.75
          ],
          "rotation": 180,
          "texture": "#sword_0"
        },
        "west": {
          "uv": [
            12.75,
            3,
            13,
            9.75
          ],
          "rotation": 180,
          "texture": "#sword_0"
        }
      }
    },
    {
      "from": [
        6.4659,
        5.99335,
        7.94
      ],
      "to": [
        7.91915,
        7.20473,
        8.065
      ],
      "rotation": {
        "angle": 45,
        "axis": "z",
        "origin": [
          7.19253,
          6.59904,
          7.99243
        ]
      },
      "faces": {
        "north": {
          "uv": [
            13,
            3,
            11.75,
            9.75
          ],
          "rotation": 180,
          "texture": "#sword_0"
        },
        "east": {
          "uv": [
            11.75,
            3,
            12,
            9.75
          ],
          "rotation": 180,
          "texture": "#sword_0"
        },
        "south": {
          "uv": [
            11.75,
            3,
            13,
            9.75
          ],
          "rotation": 180,
          "texture": "#sword_0"
        },
        "west": {
          "uv": [
            12.75,
            3,
            13,
            9.75
          ],
          "rotation": 180,
          "texture": "#sword_0"
        }
      }
    },
    {
      "from": [
        5.87071,
        6.55305,
        7.63755
      ],
      "to": [
        6.79209,
        7.3038,
        8.3623
      ],
      "rotation": {
        "angle": -22.5,
        "axis": "z",
        "origin": [
          6.24609,
          6.92843,
          8.03405
        ]
      },
      "faces": {
        "north": {
          "uv": [
            13,
            3,
            11.75,
            9.75
          ],
          "rotation": 270,
          "texture": "#sword_0"
        },
        "south": {
          "uv": [
            11.75,
            3,
            13,
            9.75
          ],
          "rotation": 90,
          "texture": "#sword_0"
        },
        "up": {
          "uv": [
            11.75,
            3,
            12,
            9.75
          ],
          "rotation": 90,
          "texture": "#sword_0"
        },
        "down": {
          "uv": [
            12.75,
            3,
            13,
            9.75
          ],
          "rotation": 90,
          "texture": "#sword_0"
        }
      }
    },
    {
      "from": [
        5.77321,
        6.48055,
        7.73505
      ],
      "to": [
        6.94209,
        7.8263,
        8.2648
      ],
      "rotation": {
        "angle": -22.5,
        "axis": "z",
        "origin": [
          6.24609,
          6.95343,
          8.03405
        ]
      },
      "faces": {
        "north": {
          "uv": [
            13,
            3,
            11.75,
            9.75
          ],
          "rotation": 270,
          "texture": "#sword_0"
        },
        "south": {
          "uv": [
            11.75,
            3,
            13,
            9.75
          ],
          "rotation": 90,
          "texture": "#sword_0"
        },
        "up": {
          "uv": [
            11.75,
            3,
            12,
            9.75
          ],
          "rotation": 90,
          "texture": "#sword_0"
        },
        "down": {
          "uv": [
            12.75,
            3,
            13,
            9.75
          ],
          "rotation": 90,
          "texture": "#sword_0"
        }
      }
    },
    {
      "from": [
        5.93604,
        6.32038,
        7.93512
      ],
      "to": [
        7.03992,
        7.79613,
        8.06512
      ],
      "rotation": {
        "angle": -22.5,
        "axis": "z",
        "origin": [
          6.48798,
          7.05826,
          8.00012
        ]
      },
      "faces": {
        "north": {
          "uv": [
            13,
            3,
            11.75,
            9.75
          ],
          "rotation": 270,
          "texture": "#sword_0"
        },
        "south": {
          "uv": [
            11.75,
            3,
            13,
            9.75
          ],
          "rotation": 90,
          "texture": "#sword_0"
        },
        "up": {
          "uv": [
            11.75,
            3,
            12,
            9.75
          ],
          "rotation": 90,
          "texture": "#sword_0"
        },
        "down": {
          "uv": [
            12.75,
            3,
            13,
            9.75
          ],
          "rotation": 90,
          "texture": "#sword_0"
        }
      }
    },
    {
      "from": [
        5.25961,
        7.00141,
        7.63768
      ],
      "to": [
        6.18098,
        7.75216,
        8.36178
      ],
      "rotation": {
        "angle": -45,
        "axis": "z",
        "origin": [
          5.63498,
          7.37679,
          8.03405
        ]
      },
      "faces": {
        "north": {
          "uv": [
            13,
            3,
            11.75,
            9.75
          ],
          "rotation": 270,
          "texture": "#sword_0"
        },
        "south": {
          "uv": [
            11.75,
            3,
            13,
            9.75
          ],
          "rotation": 90,
          "texture": "#sword_0"
        },
        "up": {
          "uv": [
            11.75,
            3,
            12,
            9.75
          ],
          "rotation": 90,
          "texture": "#sword_0"
        },
        "down": {
          "uv": [
            12.75,
            3,
            13,
            9.75
          ],
          "rotation": 90,
          "texture": "#sword_0"
        }
      }
    },
    {
      "from": [
        5.21302,
        6.94225,
        7.76807
      ],
      "to": [
        6.16439,
        7.758,
        8.23217
      ],
      "rotation": {
        "angle": -45,
        "axis": "z",
        "origin": [
          5.62089,
          7.44762,
          8.03444
        ]
      },
      "faces": {
        "north": {
          "uv": [
            13,
            3,
            11.75,
            9.75
          ],
          "rotation": 270,
          "texture": "#sword_0"
        },
        "south": {
          "uv": [
            11.75,
            3,
            13,
            9.75
          ],
          "rotation": 90,
          "texture": "#sword_0"
        },
        "up": {
          "uv": [
            11.75,
            3,
            12,
            9.75
          ],
          "rotation": 90,
          "texture": "#sword_0"
        },
        "down": {
          "uv": [
            12.75,
            3,
            13,
            9.75
          ],
          "rotation": 90,
          "texture": "#sword_0"
        }
      }
    },
    {
      "from": [
        5.17138,
        6.97296,
        7.938
      ],
      "to": [
        6.32775,
        7.85371,
        8.063
      ],
      "rotation": {
        "angle": -45,
        "axis": "z",
        "origin": [
          5.54675,
          7.54333,
          8.03444
        ]
      },
      "faces": {
        "north": {
          "uv": [
            13,
            3,
            11.75,
            9.75
          ],
          "rotation": 270,
          "texture": "#sword_0"
        },
        "south": {
          "uv": [
            11.75,
            3,
            13,
            9.75
          ],
          "rotation": 90,
          "texture": "#sword_0"
        },
        "up": {
          "uv": [
            11.75,
            3,
            12,
            9.75
          ],
          "rotation": 90,
          "texture": "#sword_0"
        },
        "down": {
          "uv": [
            12.75,
            3,
            13,
            9.75
          ],
          "rotation": 90,
          "texture": "#sword_0"
        }
      }
    },
    {
      "from": [
        5.2845,
        7.19158,
        7.63807
      ],
      "to": [
        6.13525,
        13.06295,
        8.36087
      ],
      "rotation": {
        "angle": -22.5,
        "axis": "z",
        "origin": [
          5.65987,
          7.73758,
          8.03405
        ]
      },
      "faces": {
        "north": {
          "uv": [
            13,
            3,
            11.75,
            9.75
          ],
          "rotation": 180,
          "texture": "#sword_0"
        },
        "east": {
          "uv": [
            11.75,
            3,
            12,
            9.75
          ],
          "rotation": 180,
          "texture": "#sword_0"
        },
        "south": {
          "uv": [
            11.75,
            3,
            13,
            9.75
          ],
          "rotation": 180,
          "texture": "#sword_0"
        },
        "west": {
          "uv": [
            12.75,
            3,
            13,
            9.75
          ],
          "rotation": 180,
          "texture": "#sword_0"
        }
      }
    },
    {
      "from": [
        6.75579,
        9.07479,
        7.9596
      ],
      "to": [
        7.68654,
        11.02616,
        8.0396
      ],
      "rotation": {
        "angle": -45,
        "axis": "z",
        "origin": [
          6.95194,
          10.05537,
          7.99954
        ]
      },
      "faces": {
        "north": {
          "uv": [
            13,
            3,
            11.75,
            9.75
          ],
          "rotation": 180,
          "texture": "#sword_0"
        },
        "east": {
          "uv": [
            11.75,
            3,
            12,
            9.75
          ],
          "rotation": 180,
          "texture": "#sword_0"
        },
        "south": {
          "uv": [
            11.75,
            3,
            13,
            9.75
          ],
          "rotation": 180,
          "texture": "#sword_0"
        },
        "west": {
          "uv": [
            12.75,
            3,
            13,
            9.75
          ],
          "rotation": 180,
          "texture": "#sword_0"
        }
      }
    },
    {
      "from": [
        6.85573,
        9.09226,
        7.82557
      ],
      "to": [
        7.53648,
        10.96364,
        8.17337
      ],
      "rotation": {
        "angle": -45,
        "axis": "z",
        "origin": [
          6.95194,
          10.05537,
          7.99954
        ]
      },
      "faces": {
        "north": {
          "uv": [
            13,
            3,
            11.75,
            9.75
          ],
          "rotation": 180,
          "texture": "#sword_0"
        },
        "east": {
          "uv": [
            11.75,
            3,
            12,
            9.75
          ],
          "rotation": 180,
          "texture": "#sword_0"
        },
        "south": {
          "uv": [
            11.75,
            3,
            13,
            9.75
          ],
          "rotation": 180,
          "texture": "#sword_0"
        },
        "west": {
          "uv": [
            12.75,
            3,
            13,
            9.75
          ],
          "rotation": 180,
          "texture": "#sword_0"
        }
      }
    },
    {
      "from": [
        6.52073,
        9.46726,
        7.66307
      ],
      "to": [
        7.37148,
        11.01364,
        8.33587
      ],
      "rotation": {
        "angle": -45,
        "axis": "z",
        "origin": [
          6.95194,
          10.05537,
          7.99954
        ]
      },
      "faces": {
        "north": {
          "uv": [
            13,
            3,
            11.75,
            9.75
          ],
          "rotation": 180,
          "texture": "#sword_0"
        },
        "east": {
          "uv": [
            11.75,
            3,
            12,
            9.75
          ],
          "rotation": 180,
          "texture": "#sword_0"
        },
        "south": {
          "uv": [
            11.75,
            3,
            13,
            9.75
          ],
          "rotation": 180,
          "texture": "#sword_0"
        },
        "west": {
          "uv": [
            12.75,
            3,
            13,
            9.75
          ],
          "rotation": 180,
          "texture": "#sword_0"
        }
      }
    },
    {
      "from": [
        5.1195,
        7.14158,
        7.80057
      ],
      "to": [
        6.30025,
        13.01295,
        8.19837
      ],
      "rotation": {
        "angle": -22.5,
        "axis": "z",
        "origin": [
          5.65987,
          7.73758,
          8.03405
        ]
      },
      "faces": {
        "north": {
          "uv": [
            13,
            3,
            11.75,
            9.75
          ],
          "rotation": 180,
          "texture": "#sword_0"
        },
        "east": {
          "uv": [
            11.75,
            3,
            12,
            9.75
          ],
          "rotation": 180,
          "texture": "#sword_0"
        },
        "south": {
          "uv": [
            11.75,
            3,
            13,
            9.75
          ],
          "rotation": 180,
          "texture": "#sword_0"
        },
        "west": {
          "uv": [
            12.75,
            3,
            13,
            9.75
          ],
          "rotation": 180,
          "texture": "#sword_0"
        }
      }
    },
    {
      "from": [
        5.91782,
        6.91556,
        7.9096
      ],
      "to": [
        7.34857,
        12.86694,
        8.0896
      ],
      "rotation": {
        "angle": -22.5,
        "axis": "z",
        "origin": [
          6.6332,
          9.89125,
          7.9996
        ]
      },
      "faces": {
        "north": {
          "uv": [
            13,
            3,
            11.75,
            9.75
          ],
          "rotation": 180,
          "texture": "#sword_0"
        },
        "east": {
          "uv": [
            11.75,
            3,
            12,
            9.75
          ],
          "rotation": 180,
          "texture": "#sword_0"
        },
        "south": {
          "uv": [
            11.75,
            3,
            13,
            9.75
          ],
          "rotation": 180,
          "texture": "#sword_0"
        },
        "west": {
          "uv": [
            12.75,
            3,
            13,
            9.75
          ],
          "rotation": 180,
          "texture": "#sword_0"
        }
      }
    },
    {
      "from": [
        9.67225,
        6.97296,
        7.938
      ],
      "to": [
        10.82862,
        7.85371,
        8.063
      ],
      "rotation": {
        "angle": 45,
        "axis": "z",
        "origin": [
          10.45325,
          7.54333,
          8.03444
        ]
      },
      "faces": {
        "north": {
          "uv": [
            13,
            9.75,
            11.75,
            3
          ],
          "rotation": 270,
          "texture": "#sword_0"
        },
        "south": {
          "uv": [
            11.75,
            9.75,
            13,
            3
          ],
          "rotation": 90,
          "texture": "#sword_0"
        },
        "up": {
          "uv": [
            11.75,
            9.75,
            12,
            3
          ],
          "rotation": 90,
          "texture": "#sword_0"
        },
        "down": {
          "uv": [
            12.75,
            9.75,
            13,
            3
          ],
          "rotation": 90,
          "texture": "#sword_0"
        }
      }
    },
    {
      "from": [
        8.96008,
        6.32038,
        7.93512
      ],
      "to": [
        10.06396,
        7.79613,
        8.06512
      ],
      "rotation": {
        "angle": 22.5,
        "axis": "z",
        "origin": [
          9.51202,
          7.05826,
          8.00012
        ]
      },
      "faces": {
        "north": {
          "uv": [
            13,
            9.75,
            11.75,
            3
          ],
          "rotation": 270,
          "texture": "#sword_0"
        },
        "south": {
          "uv": [
            11.75,
            9.75,
            13,
            3
          ],
          "rotation": 90,
          "texture": "#sword_0"
        },
        "up": {
          "uv": [
            11.75,
            9.75,
            12,
            3
          ],
          "rotation": 90,
          "texture": "#sword_0"
        },
        "down": {
          "uv": [
            12.75,
            9.75,
            13,
            3
          ],
          "rotation": 90,
          "texture": "#sword_0"
        }
      }
    },
    {
      "from": [
        9.69975,
        7.14158,
        7.80057
      ],
      "to": [
        10.8805,
        13.01295,
        8.19837
      ],
      "rotation": {
        "angle": 22.5,
        "axis": "z",
        "origin": [
          10.34013,
          7.73758,
          8.03405
        ]
      },
      "faces": {
        "north": {
          "uv": [
            11.75,
            3,
            13,
            9.75
          ],
          "rotation": 180,
          "texture": "#sword_0"
        },
        "east": {
          "uv": [
            13,
            3,
            12.75,
            9.75
          ],
          "rotation": 180,
          "texture": "#sword_0"
        },
        "south": {
          "uv": [
            13,
            3,
            11.75,
            9.75
          ],
          "rotation": 180,
          "texture": "#sword_0"
        },
        "west": {
          "uv": [
            12,
            3,
            11.75,
            9.75
          ],
          "rotation": 180,
          "texture": "#sword_0"
        }
      }
    },
    {
      "from": [
        9.81902,
        7.00141,
        7.63768
      ],
      "to": [
        10.74039,
        7.75216,
        8.36178
      ],
      "rotation": {
        "angle": 45,
        "axis": "z",
        "origin": [
          10.36502,
          7.37679,
          8.03405
        ]
      },
      "faces": {
        "north": {
          "uv": [
            13,
            9.75,
            11.75,
            3
          ],
          "rotation": 270,
          "texture": "#sword_0"
        },
        "south": {
          "uv": [
            11.75,
            9.75,
            13,
            3
          ],
          "rotation": 90,
          "texture": "#sword_0"
        },
        "up": {
          "uv": [
            11.75,
            9.75,
            12,
            3
          ],
          "rotation": 90,
          "texture": "#sword_0"
        },
        "down": {
          "uv": [
            12.75,
            9.75,
            13,
            3
          ],
          "rotation": 90,
          "texture": "#sword_0"
        }
      }
    },
    {
      "from": [
        9.83561,
        6.94225,
        7.76807
      ],
      "to": [
        10.78698,
        7.758,
        8.23217
      ],
      "rotation": {
        "angle": 45,
        "axis": "z",
        "origin": [
          10.37911,
          7.44762,
          8.03444
        ]
      },
      "faces": {
        "north": {
          "uv": [
            13,
            9.75,
            11.75,
            3
          ],
          "rotation": 270,
          "texture": "#sword_0"
        },
        "south": {
          "uv": [
            11.75,
            9.75,
            13,
            3
          ],
          "rotation": 90,
          "texture": "#sword_0"
        },
        "up": {
          "uv": [
            11.75,
            9.75,
            12,
            3
          ],
          "rotation": 90,
          "texture": "#sword_0"
        },
        "down": {
          "uv": [
            12.75,
            9.75,
            13,
            3
          ],
          "rotation": 90,
          "texture": "#sword_0"
        }
      }
    },
    {
      "from": [
        9.20791,
        6.55305,
        7.63755
      ],
      "to": [
        10.12929,
        7.3038,
        8.3623
      ],
      "rotation": {
        "angle": 22.5,
        "axis": "z",
        "origin": [
          9.75391,
          6.92843,
          8.03405
        ]
      },
      "faces": {
        "north": {
          "uv": [
            13,
            9.75,
            11.75,
            3
          ],
          "rotation": 270,
          "texture": "#sword_0"
        },
        "south": {
          "uv": [
            11.75,
            9.75,
            13,
            3
          ],
          "rotation": 90,
          "texture": "#sword_0"
        },
        "up": {
          "uv": [
            11.75,
            9.75,
            12,
            3
          ],
          "rotation": 90,
          "texture": "#sword_0"
        },
        "down": {
          "uv": [
            12.75,
            9.75,
            13,
            3
          ],
          "rotation": 90,
          "texture": "#sword_0"
        }
      }
    },
    {
      "from": [
        9.05791,
        6.48055,
        7.73505
      ],
      "to": [
        10.22679,
        7.8263,
        8.2648
      ],
      "rotation": {
        "angle": 22.5,
        "axis": "z",
        "origin": [
          9.75391,
          6.95343,
          8.03405
        ]
      },
      "faces": {
        "north": {
          "uv": [
            13,
            9.75,
            11.75,
            3
          ],
          "rotation": 270,
          "texture": "#sword_0"
        },
        "south": {
          "uv": [
            11.75,
            9.75,
            13,
            3
          ],
          "rotation": 90,
          "texture": "#sword_0"
        },
        "up": {
          "uv": [
            11.75,
            9.75,
            12,
            3
          ],
          "rotation": 90,
          "texture": "#sword_0"
        },
        "down": {
          "uv": [
            12.75,
            9.75,
            13,
            3
          ],
          "rotation": 90,
          "texture": "#sword_0"
        }
      }
    },
    {
      "from": [
        8.73045,
        5.88942,
        7.63414
      ],
      "to": [
        9.4812,
        6.9108,
        8.36571
      ],
      "rotation": {
        "angle": -45,
        "axis": "z",
        "origin": [
          9.10583,
          6.53542,
          7.99992
        ]
      },
      "faces": {
        "north": {
          "uv": [
            11.75,
            3,
            13,
            9.75
          ],
          "rotation": 180,
          "texture": "#sword_0"
        },
        "east": {
          "uv": [
            13,
            3,
            12.75,
            9.75
          ],
          "rotation": 180,
          "texture": "#sword_0"
        },
        "south": {
          "uv": [
            13,
            3,
            11.75,
            9.75
          ],
          "rotation": 180,
          "texture": "#sword_0"
        },
        "west": {
          "uv": [
            12,
            3,
            11.75,
            9.75
          ],
          "rotation": 180,
          "texture": "#sword_0"
        }
      }
    },
    {
      "from": [
        9.86475,
        7.19158,
        7.63807
      ],
      "to": [
        10.7155,
        13.06295,
        8.36087
      ],
      "rotation": {
        "angle": 22.5,
        "axis": "z",
        "origin": [
          10.34013,
          7.73758,
          8.03405
        ]
      },
      "faces": {
        "north": {
          "uv": [
            11.75,
            3,
            13,
            9.75
          ],
          "rotation": 180,
          "texture": "#sword_0"
        },
        "east": {
          "uv": [
            13,
            3,
            12.75,
            9.75
          ],
          "rotation": 180,
          "texture": "#sword_0"
        },
        "south": {
          "uv": [
            13,
            3,
            11.75,
            9.75
          ],
          "rotation": 180,
          "texture": "#sword_0"
        },
        "west": {
          "uv": [
            12,
            3,
            11.75,
            9.75
          ],
          "rotation": 180,
          "texture": "#sword_0"
        }
      }
    },
    {
      "from": [
        8.21545,
        5.88942,
        7.76414
      ],
      "to": [
        9.5462,
        6.9758,
        8.23571
      ],
      "rotation": {
        "angle": -45,
        "axis": "z",
        "origin": [
          9.10583,
          6.53542,
          7.99992
        ]
      },
      "faces": {
        "north": {
          "uv": [
            11.75,
            3,
            13,
            9.75
          ],
          "rotation": 180,
          "texture": "#sword_0"
        },
        "east": {
          "uv": [
            13,
            3,
            12.75,
            9.75
          ],
          "rotation": 180,
          "texture": "#sword_0"
        },
        "south": {
          "uv": [
            13,
            3,
            11.75,
            9.75
          ],
          "rotation": 180,
          "texture": "#sword_0"
        },
        "west": {
          "uv": [
            12,
            3,
            11.75,
            9.75
          ],
          "rotation": 180,
          "texture": "#sword_0"
        }
      }
    },
    {
      "from": [
        8.65143,
        6.91556,
        7.9096
      ],
      "to": [
        10.08218,
        12.86694,
        8.0896
      ],
      "rotation": {
        "angle": 22.5,
        "axis": "z",
        "origin": [
          9.3668,
          9.89125,
          7.9996
        ]
      },
      "faces": {
        "north": {
          "uv": [
            11.75,
            3,
            13,
            9.75
          ],
          "rotation": 180,
          "texture": "#sword_0"
        },
        "east": {
          "uv": [
            13,
            3,
            12.75,
            9.75
          ],
          "rotation": 180,
          "texture": "#sword_0"
        },
        "south": {
          "uv": [
            13,
            3,
            11.75,
            9.75
          ],
          "rotation": 180,
          "texture": "#sword_0"
        },
        "west": {
          "uv": [
            12,
            3,
            11.75,
            9.75
          ],
          "rotation": 180,
          "texture": "#sword_0"
        }
      }
    },
    {
      "from": [
        7.15712,
        12.4744,
        7.63346
      ],
      "to": [
        8.09787,
        13.41515,
        8.36912
      ],
      "rotation": {
        "angle": 45,
        "axis": "z",
        "origin": [
          8,
          13.31728,
          7.99992
        ]
      },
      "faces": {
        "north": {
          "uv": [
            13,
            3,
            11.75,
            9.75
          ],
          "rotation": 180,
          "texture": "#sword_0"
        },
        "east": {
          "uv": [
            11.75,
            3,
            12,
            9.75
          ],
          "rotation": 180,
          "texture": "#sword_0"
        },
        "south": {
          "uv": [
            11.75,
            3,
            13,
            9.75
          ],
          "rotation": 180,
          "texture": "#sword_0"
        },
        "west": {
          "uv": [
            12.75,
            3,
            13,
            9.75
          ],
          "rotation": 180,
          "texture": "#sword_0"
        }
      }
    },
    {
      "from": [
        7.10712,
        5.7494,
        7.40846
      ],
      "to": [
        8.14787,
        6.79015,
        8.59412
      ],
      "rotation": {
        "angle": 45,
        "axis": "z",
        "origin": [
          8,
          6.64228,
          7.99992
        ]
      },
      "faces": {
        "north": {
          "uv": [
            13,
            3,
            11.75,
            9.75
          ],
          "rotation": 180,
          "texture": "#sword_0"
        },
        "east": {
          "uv": [
            11.75,
            3,
            12,
            9.75
          ],
          "rotation": 180,
          "texture": "#sword_0"
        },
        "south": {
          "uv": [
            11.75,
            3,
            13,
            9.75
          ],
          "rotation": 180,
          "texture": "#sword_0"
        },
        "west": {
          "uv": [
            12.75,
            3,
            13,
            9.75
          ],
          "rotation": 180,
          "texture": "#sword_0"
        }
      }
    },
    {
      "from": [
        7.09962,
        12.3744,
        7.79595
      ],
      "to": [
        8.25537,
        13.53015,
        8.20662
      ],
      "rotation": {
        "angle": 45,
        "axis": "z",
        "origin": [
          8,
          13.27478,
          7.99992
        ]
      },
      "faces": {
        "north": {
          "uv": [
            13,
            3,
            11.75,
            9.75
          ],
          "rotation": 180,
          "texture": "#sword_0"
        },
        "east": {
          "uv": [
            11.75,
            3,
            12,
            9.75
          ],
          "rotation": 180,
          "texture": "#sword_0"
        },
        "south": {
          "uv": [
            11.75,
            3,
            13,
            9.75
          ],
          "rotation": 180,
          "texture": "#sword_0"
        },
        "west": {
          "uv": [
            12.75,
            3,
            13,
            9.75
          ],
          "rotation": 180,
          "texture": "#sword_0"
        }
      }
    },
    {
      "from": [
        7.0688,
        5.21442,
        7.43414
      ],
      "to": [
        7.81955,
        6.1358,
        8.56571
      ],
      "rotation": {
        "angle": 22.5,
        "axis": "z",
        "origin": [
          7.44417,
          5.76042,
          7.99992
        ]
      },
      "faces": {
        "north": {
          "uv": [
            13,
            3,
            11.75,
            9.75
          ],
          "rotation": 180,
          "texture": "#sword_0"
        },
        "east": {
          "uv": [
            11.75,
            3,
            12,
            9.75
          ],
          "rotation": 180,
          "texture": "#sword_0"
        },
        "south": {
          "uv": [
            11.75,
            3,
            13,
            9.75
          ],
          "rotation": 180,
          "texture": "#sword_0"
        },
        "west": {
          "uv": [
            12.75,
            3,
            13,
            9.75
          ],
          "rotation": 180,
          "texture": "#sword_0"
        }
      }
    },
    {
      "from": [
        8.18045,
        5.21442,
        7.43414
      ],
      "to": [
        8.9312,
        6.1358,
        8.56571
      ],
      "rotation": {
        "angle": -22.5,
        "axis": "z",
        "origin": [
          8.55583,
          5.76042,
          7.99992
        ]
      },
      "faces": {
        "north": {
          "uv": [
            11.75,
            3,
            13,
            9.75
          ],
          "rotation": 180,
          "texture": "#sword_0"
        },
        "east": {
          "uv": [
            13,
            3,
            12.75,
            9.75
          ],
          "rotation": 180,
          "texture": "#sword_0"
        },
        "south": {
          "uv": [
            13,
            3,
            11.75,
            9.75
          ],
          "rotation": 180,
          "texture": "#sword_0"
        },
        "west": {
          "uv": [
            12,
            3,
            11.75,
            9.75
          ],
          "rotation": 180,
          "texture": "#sword_0"
        }
      }
    },
    {
      "from": [
        7.325,
        -2.6875,
        7.45
      ],
      "to": [
        8.675,
        6.035,
        8.55
      ],
      "rotation": {
        "angle": 0,
        "axis": "y",
        "origin": [
          8.65,
          -3.39,
          6.05
        ]
      },
      "faces": {
        "north": {
          "uv": [
            11.758,
            10.508,
            12.992,
            13.242
          ],
          "texture": "#sword_0"
        },
        "east": {
          "uv": [
            11.758,
            10.508,
            12.992,
            13.242
          ],
          "texture": "#sword_0"
        },
        "south": {
          "uv": [
            11.758,
            10.508,
            12.992,
            13.242
          ],
          "texture": "#sword_0"
        },
        "west": {
          "uv": [
            11.758,
            10.508,
            12.992,
            13.242
          ],
          "texture": "#sword_0"
        },
        "up": {
          "uv": [
            11.758,
            10.508,
            12.992,
            13.242
          ],
          "texture": "#sword_0"
        },
        "down": {
          "uv": [
            11.758,
            10.508,
            12.992,
            13.242
          ],
          "texture": "#sword_0"
        }
      }
    },
    {
      "from": [
        7.70176,
        -3.07815,
        7.34876
      ],
      "to": [
        8.30236,
        -2.47755,
        8.6133
      ],
      "rotation": {
        "angle": 0,
        "axis": "y",
        "origin": [
          8.00206,
          -2.77785,
          7.97994
        ]
      },
      "faces": {
        "north": {
          "uv": [
            11.75,
            3,
            13,
            9.75
          ],
          "rotation": 180,
          "texture": "#sword_0"
        },
        "east": {
          "uv": [
            13,
            3,
            12.75,
            9.75
          ],
          "rotation": 180,
          "texture": "#sword_0"
        },
        "south": {
          "uv": [
            13,
            3,
            11.75,
            9.75
          ],
          "rotation": 180,
          "texture": "#sword_0"
        },
        "west": {
          "uv": [
            12,
            3,
            11.75,
            9.75
          ],
          "rotation": 180,
          "texture": "#sword_0"
        }
      }
    },
    {
      "from": [
        8.16458,
        -5.40491,
        7.35291
      ],
      "to": [
        8.76518,
        -4.80431,
        8.60216
      ],
      "rotation": {
        "angle": 22.5,
        "axis": "z",
        "origin": [
          8.46488,
          -5.10461,
          7.97994
        ]
      },
      "faces": {
        "north": {
          "uv": [
            11.75,
            3,
            13,
            9.75
          ],
          "texture": "#sword_0"
        },
        "east": {
          "uv": [
            12,
            3,
            11.75,
            9.75
          ],
          "texture": "#sword_0"
        },
        "south": {
          "uv": [
            13,
            3,
            11.75,
            9.75
          ],
          "texture": "#sword_0"
        },
        "west": {
          "uv": [
            13,
            3,
            12.75,
            9.75
          ],
          "texture": "#sword_0"
        }
      }
    },
    {
      "from": [
        8.55694,
        -5.14274,
        7.34931
      ],
      "to": [
        9.15754,
        -4.54214,
        8.61057
      ],
      "rotation": {
        "angle": 45,
        "axis": "z",
        "origin": [
          8.85724,
          -4.84244,
          7.97994
        ]
      },
      "faces": {
        "north": {
          "uv": [
            11.75,
            3,
            13,
            9.75
          ],
          "texture": "#sword_0"
        },
        "east": {
          "uv": [
            12,
            3,
            11.75,
            9.75
          ],
          "texture": "#sword_0"
        },
        "south": {
          "uv": [
            13,
            3,
            11.75,
            9.75
          ],
          "texture": "#sword_0"
        },
        "west": {
          "uv": [
            13,
            3,
            12.75,
            9.75
          ],
          "texture": "#sword_0"
        }
      }
    },
    {
      "from": [
        8.81911,
        -4.75038,
        7.35291
      ],
      "to": [
        9.41971,
        -4.14978,
        8.60216
      ],
      "rotation": {
        "angle": -22.5,
        "axis": "z",
        "origin": [
          9.11941,
          -4.45008,
          7.97994
        ]
      },
      "faces": {
        "north": {
          "uv": [
            13,
            9.75,
            11.75,
            3
          ],
          "rotation": 270,
          "texture": "#sword_0"
        },
        "south": {
          "uv": [
            11.75,
            9.75,
            13,
            3
          ],
          "rotation": 90,
          "texture": "#sword_0"
        },
        "up": {
          "uv": [
            11.75,
            9.75,
            12,
            3
          ],
          "rotation": 90,
          "texture": "#sword_0"
        },
        "down": {
          "uv": [
            12.75,
            9.75,
            13,
            3
          ],
          "rotation": 90,
          "texture": "#sword_0"
        }
      }
    },
    {
      "from": [
        8.91117,
        -4.28756,
        7.34931
      ],
      "to": [
        9.51177,
        -3.68696,
        8.61057
      ],
      "rotation": {
        "angle": 0,
        "axis": "y",
        "origin": [
          9.21147,
          -3.98726,
          7.97994
        ]
      },
      "faces": {
        "north": {
          "uv": [
            13,
            9.75,
            11.75,
            3
          ],
          "rotation": 270,
          "texture": "#sword_0"
        },
        "south": {
          "uv": [
            11.75,
            9.75,
            13,
            3
          ],
          "rotation": 90,
          "texture": "#sword_0"
        },
        "up": {
          "uv": [
            11.75,
            9.75,
            12,
            3
          ],
          "rotation": 90,
          "texture": "#sword_0"
        },
        "down": {
          "uv": [
            12.75,
            9.75,
            13,
            3
          ],
          "rotation": 90,
          "texture": "#sword_0"
        }
      }
    },
    {
      "from": [
        8.81911,
        -3.82474,
        7.35291
      ],
      "to": [
        9.41971,
        -3.22414,
        8.60216
      ],
      "rotation": {
        "angle": 22.5,
        "axis": "z",
        "origin": [
          9.11941,
          -3.52444,
          7.97994
        ]
      },
      "faces": {
        "north": {
          "uv": [
            13,
            9.75,
            11.75,
            3
          ],
          "rotation": 270,
          "texture": "#sword_0"
        },
        "south": {
          "uv": [
            11.75,
            9.75,
            13,
            3
          ],
          "rotation": 90,
          "texture": "#sword_0"
        },
        "up": {
          "uv": [
            11.75,
            9.75,
            12,
            3
          ],
          "rotation": 90,
          "texture": "#sword_0"
        },
        "down": {
          "uv": [
            12.75,
            9.75,
            13,
            3
          ],
          "rotation": 90,
          "texture": "#sword_0"
        }
      }
    },
    {
      "from": [
        8.55694,
        -3.43238,
        7.34931
      ],
      "to": [
        9.15754,
        -2.83178,
        8.61057
      ],
      "rotation": {
        "angle": 45,
        "axis": "z",
        "origin": [
          8.85724,
          -3.13208,
          7.97994
        ]
      },
      "faces": {
        "north": {
          "uv": [
            13,
            9.75,
            11.75,
            3
          ],
          "rotation": 270,
          "texture": "#sword_0"
        },
        "south": {
          "uv": [
            11.75,
            9.75,
            13,
            3
          ],
          "rotation": 90,
          "texture": "#sword_0"
        },
        "up": {
          "uv": [
            11.75,
            9.75,
            12,
            3
          ],
          "rotation": 90,
          "texture": "#sword_0"
        },
        "down": {
          "uv": [
            12.75,
            9.75,
            13,
            3
          ],
          "rotation": 90,
          "texture": "#sword_0"
        }
      }
    },
    {
      "from": [
        6.84246,
        -3.43238,
        7.34931
      ],
      "to": [
        7.44306,
        -2.83178,
        8.61057
      ],
      "rotation": {
        "angle": -45,
        "axis": "z",
        "origin": [
          7.14276,
          -3.13208,
          7.97994
        ]
      },
      "faces": {
        "north": {
          "uv": [
            13,
            3,
            11.75,
            9.75
          ],
          "rotation": 270,
          "texture": "#sword_0"
        },
        "south": {
          "uv": [
            11.75,
            3,
            13,
            9.75
          ],
          "rotation": 90,
          "texture": "#sword_0"
        },
        "up": {
          "uv": [
            11.75,
            3,
            12,
            9.75
          ],
          "rotation": 90,
          "texture": "#sword_0"
        },
        "down": {
          "uv": [
            12.75,
            3,
            13,
            9.75
          ],
          "rotation": 90,
          "texture": "#sword_0"
        }
      }
    },
    {
      "from": [
        6.58029,
        -3.82474,
        7.35291
      ],
      "to": [
        7.18089,
        -3.22414,
        8.60216
      ],
      "rotation": {
        "angle": -22.5,
        "axis": "z",
        "origin": [
          6.88059,
          -3.52444,
          7.97994
        ]
      },
      "faces": {
        "north": {
          "uv": [
            13,
            3,
            11.75,
            9.75
          ],
          "rotation": 270,
          "texture": "#sword_0"
        },
        "south": {
          "uv": [
            11.75,
            3,
            13,
            9.75
          ],
          "rotation": 90,
          "texture": "#sword_0"
        },
        "up": {
          "uv": [
            11.75,
            3,
            12,
            9.75
          ],
          "rotation": 90,
          "texture": "#sword_0"
        },
        "down": {
          "uv": [
            12.75,
            3,
            13,
            9.75
          ],
          "rotation": 90,
          "texture": "#sword_0"
        }
      }
    },
    {
      "from": [
        6.48823,
        -4.28756,
        7.34931
      ],
      "to": [
        7.08883,
        -3.68696,
        8.61057
      ],
      "rotation": {
        "angle": 0,
        "axis": "y",
        "origin": [
          6.78853,
          -3.98726,
          7.97994
        ]
      },
      "faces": {
        "north": {
          "uv": [
            13,
            3,
            11.75,
            9.75
          ],
          "rotation": 270,
          "texture": "#sword_0"
        },
        "south": {
          "uv": [
            11.75,
            3,
            13,
            9.75
          ],
          "rotation": 90,
          "texture": "#sword_0"
        },
        "up": {
          "uv": [
            11.75,
            3,
            12,
            9.75
          ],
          "rotation": 90,
          "texture": "#sword_0"
        },
        "down": {
          "uv": [
            12.75,
            3,
            13,
            9.75
          ],
          "rotation": 90,
          "texture": "#sword_0"
        }
      }
    },
    {
      "from": [
        6.58029,
        -4.75038,
        7.35291
      ],
      "to": [
        7.18089,
        -4.14978,
        8.60216
      ],
      "rotation": {
        "angle": 22.5,
        "axis": "z",
        "origin": [
          6.88059,
          -4.45008,
          7.97994
        ]
      },
      "faces": {
        "north": {
          "uv": [
            13,
            3,
            11.75,
            9.75
          ],
          "rotation": 270,
          "texture": "#sword_0"
        },
        "south": {
          "uv": [
            11.75,
            3,
            13,
            9.75
          ],
          "rotation": 90,
          "texture": "#sword_0"
        },
        "up": {
          "uv": [
            11.75,
            3,
            12,
            9.75
          ],
          "rotation": 90,
          "texture": "#sword_0"
        },
        "down": {
          "uv": [
            12.75,
            3,
            13,
            9.75
          ],
          "rotation": 90,
          "texture": "#sword_0"
        }
      }
    },
    {
      "from": [
        6.84246,
        -5.14274,
        7.34931
      ],
      "to": [
        7.44306,
        -4.54214,
        8.61057
      ],
      "rotation": {
        "angle": -45,
        "axis": "z",
        "origin": [
          7.14276,
          -4.84244,
          7.97994
        ]
      },
      "faces": {
        "north": {
          "uv": [
            13,
            3,
            11.75,
            9.75
          ],
          "texture": "#sword_0"
        },
        "east": {
          "uv": [
            12.75,
            3,
            13,
            9.75
          ],
          "texture": "#sword_0"
        },
        "south": {
          "uv": [
            11.75,
            3,
            13,
            9.75
          ],
          "texture": "#sword_0"
        },
        "west": {
          "uv": [
            11.75,
            3,
            12,
            9.75
          ],
          "texture": "#sword_0"
        }
      }
    },
    {
      "from": [
        7.23482,
        -5.40491,
        7.35291
      ],
      "to": [
        7.83542,
        -4.80431,
        8.60216
      ],
      "rotation": {
        "angle": -22.5,
        "axis": "z",
        "origin": [
          7.53512,
          -5.10461,
          7.97994
        ]
      },
      "faces": {
        "north": {
          "uv": [
            13,
            3,
            11.75,
            9.75
          ],
          "texture": "#sword_0"
        },
        "east": {
          "uv": [
            12.75,
            3,
            13,
            9.75
          ],
          "texture": "#sword_0"
        },
        "south": {
          "uv": [
            11.75,
            3,
            13,
            9.75
          ],
          "texture": "#sword_0"
        },
        "west": {
          "uv": [
            11.75,
            3,
            12,
            9.75
          ],
          "texture": "#sword_0"
        }
      }
    },
    {
      "from": [
        7.70176,
        -5.49697,
        7.34931
      ],
      "to": [
        8.30236,
        -4.89637,
        8.61057
      ],
      "rotation": {
        "angle": 0,
        "axis": "y",
        "origin": [
          7.82188,
          -3.81529,
          8.00997
        ]
      },
      "faces": {
        "north": {
          "uv": [
            13,
            3,
            11.75,
            9.75
          ],
          "texture": "#sword_0"
        },
        "east": {
          "uv": [
            12.75,
            3,
            13,
            9.75
          ],
          "texture": "#sword_0"
        },
        "south": {
          "uv": [
            11.75,
            3,
            13,
            9.75
          ],
          "texture": "#sword_0"
        },
        "west": {
          "uv": [
            11.75,
            3,
            12,
            9.75
          ],
          "texture": "#sword_0"
        }
      }
    },
    {
      "from": [
        7.23894,
        -3.17021,
        7.35291
      ],
      "to": [
        7.83954,
        -2.56961,
        8.60216
      ],
      "rotation": {
        "angle": 22.5,
        "axis": "z",
        "origin": [
          7.53924,
          -2.86991,
          7.97994
        ]
      },
      "faces": {
        "north": {
          "uv": [
            13,
            3,
            11.75,
            9.75
          ],
          "rotation": 180,
          "texture": "#sword_0"
        },
        "east": {
          "uv": [
            11.75,
            3,
            12,
            9.75
          ],
          "rotation": 180,
          "texture": "#sword_0"
        },
        "south": {
          "uv": [
            11.75,
            3,
            13,
            9.75
          ],
          "rotation": 180,
          "texture": "#sword_0"
        },
        "west": {
          "uv": [
            12.75,
            3,
            13,
            9.75
          ],
          "rotation": 180,
          "texture": "#sword_0"
        }
      }
    },
    {
      "from": [
        8.16046,
        -3.17021,
        7.35291
      ],
      "to": [
        8.76106,
        -2.56961,
        8.60216
      ],
      "rotation": {
        "angle": -22.5,
        "axis": "z",
        "origin": [
          8.46076,
          -2.86991,
          7.97994
        ]
      },
      "faces": {
        "north": {
          "uv": [
            11.75,
            3,
            13,
            9.75
          ],
          "rotation": 180,
          "texture": "#sword_0"
        },
        "east": {
          "uv": [
            13,
            3,
            12.75,
            9.75
          ],
          "rotation": 180,
          "texture": "#sword_0"
        },
        "south": {
          "uv": [
            13,
            3,
            11.75,
            9.75
          ],
          "rotation": 180,
          "texture": "#sword_0"
        },
        "west": {
          "uv": [
            12,
            3,
            11.75,
            9.75
          ],
          "rotation": 180,
          "texture": "#sword_0"
        }
      }
    },
    {
      "from": [
        7.72807,
        -3.15733,
        7.41188
      ],
      "to": [
        8.26861,
        -2.61679,
        8.54996
      ],
      "rotation": {
        "angle": 0,
        "axis": "y",
        "origin": [
          7.99834,
          -2.88706,
          7.97994
        ]
      },
      "faces": {
        "north": {
          "uv": [
            11.75,
            3,
            13,
            9.75
          ],
          "rotation": 180,
          "texture": "#sword_0"
        },
        "east": {
          "uv": [
            13,
            3,
            12.75,
            9.75
          ],
          "rotation": 180,
          "texture": "#sword_0"
        },
        "south": {
          "uv": [
            13,
            3,
            11.75,
            9.75
          ],
          "rotation": 180,
          "texture": "#sword_0"
        },
        "west": {
          "uv": [
            12,
            3,
            11.75,
            9.75
          ],
          "rotation": 180,
          "texture": "#sword_0"
        }
      }
    },
    {
      "from": [
        8.14461,
        -5.25141,
        7.41562
      ],
      "to": [
        8.68515,
        -4.71087,
        8.53994
      ],
      "rotation": {
        "angle": 22.5,
        "axis": "z",
        "origin": [
          8.41488,
          -4.98114,
          7.97994
        ]
      },
      "faces": {
        "north": {
          "uv": [
            11.75,
            3,
            13,
            9.75
          ],
          "texture": "#sword_0"
        },
        "east": {
          "uv": [
            12,
            3,
            11.75,
            9.75
          ],
          "texture": "#sword_0"
        },
        "south": {
          "uv": [
            13,
            3,
            11.75,
            9.75
          ],
          "texture": "#sword_0"
        },
        "west": {
          "uv": [
            13,
            3,
            12.75,
            9.75
          ],
          "texture": "#sword_0"
        }
      }
    },
    {
      "from": [
        8.49774,
        -5.01546,
        7.41237
      ],
      "to": [
        9.03828,
        -4.47492,
        8.54751
      ],
      "rotation": {
        "angle": 45,
        "axis": "z",
        "origin": [
          8.76801,
          -4.74519,
          7.97994
        ]
      },
      "faces": {
        "north": {
          "uv": [
            11.75,
            3,
            13,
            9.75
          ],
          "texture": "#sword_0"
        },
        "east": {
          "uv": [
            12,
            3,
            11.75,
            9.75
          ],
          "texture": "#sword_0"
        },
        "south": {
          "uv": [
            13,
            3,
            11.75,
            9.75
          ],
          "texture": "#sword_0"
        },
        "west": {
          "uv": [
            13,
            3,
            12.75,
            9.75
          ],
          "texture": "#sword_0"
        }
      }
    },
    {
      "from": [
        8.73369,
        -4.66234,
        7.41562
      ],
      "to": [
        9.27423,
        -4.1218,
        8.53994
      ],
      "rotation": {
        "angle": -22.5,
        "axis": "z",
        "origin": [
          9.00396,
          -4.39207,
          7.97994
        ]
      },
      "faces": {
        "north": {
          "uv": [
            13,
            9.75,
            11.75,
            3
          ],
          "rotation": 270,
          "texture": "#sword_0"
        },
        "south": {
          "uv": [
            11.75,
            9.75,
            13,
            3
          ],
          "rotation": 90,
          "texture": "#sword_0"
        },
        "up": {
          "uv": [
            11.75,
            9.75,
            12,
            3
          ],
          "rotation": 90,
          "texture": "#sword_0"
        },
        "down": {
          "uv": [
            12.75,
            9.75,
            13,
            3
          ],
          "rotation": 90,
          "texture": "#sword_0"
        }
      }
    },
    {
      "from": [
        8.81654,
        -4.2458,
        7.41237
      ],
      "to": [
        9.35708,
        -3.70526,
        8.54751
      ],
      "rotation": {
        "angle": 0,
        "axis": "y",
        "origin": [
          9.08681,
          -3.97553,
          7.97994
        ]
      },
      "faces": {
        "north": {
          "uv": [
            13,
            9.75,
            11.75,
            3
          ],
          "rotation": 270,
          "texture": "#sword_0"
        },
        "south": {
          "uv": [
            11.75,
            9.75,
            13,
            3
          ],
          "rotation": 90,
          "texture": "#sword_0"
        },
        "up": {
          "uv": [
            11.75,
            9.75,
            12,
            3
          ],
          "rotation": 90,
          "texture": "#sword_0"
        },
        "down": {
          "uv": [
            12.75,
            9.75,
            13,
            3
          ],
          "rotation": 90,
          "texture": "#sword_0"
        }
      }
    },
    {
      "from": [
        8.73369,
        -3.82926,
        7.41562
      ],
      "to": [
        9.27423,
        -3.28872,
        8.53994
      ],
      "rotation": {
        "angle": 22.5,
        "axis": "z",
        "origin": [
          9.00396,
          -3.55899,
          7.97994
        ]
      },
      "faces": {
        "north": {
          "uv": [
            13,
            9.75,
            11.75,
            3
          ],
          "rotation": 270,
          "texture": "#sword_0"
        },
        "south": {
          "uv": [
            11.75,
            9.75,
            13,
            3
          ],
          "rotation": 90,
          "texture": "#sword_0"
        },
        "up": {
          "uv": [
            11.75,
            9.75,
            12,
            3
          ],
          "rotation": 90,
          "texture": "#sword_0"
        },
        "down": {
          "uv": [
            12.75,
            9.75,
            13,
            3
          ],
          "rotation": 90,
          "texture": "#sword_0"
        }
      }
    },
    {
      "from": [
        8.49774,
        -3.47613,
        7.41237
      ],
      "to": [
        9.03828,
        -2.93559,
        8.54751
      ],
      "rotation": {
        "angle": 45,
        "axis": "z",
        "origin": [
          8.76801,
          -3.20586,
          7.97994
        ]
      },
      "faces": {
        "north": {
          "uv": [
            13,
            9.75,
            11.75,
            3
          ],
          "rotation": 270,
          "texture": "#sword_0"
        },
        "south": {
          "uv": [
            11.75,
            9.75,
            13,
            3
          ],
          "rotation": 90,
          "texture": "#sword_0"
        },
        "up": {
          "uv": [
            11.75,
            9.75,
            12,
            3
          ],
          "rotation": 90,
          "texture": "#sword_0"
        },
        "down": {
          "uv": [
            12.75,
            9.75,
            13,
            3
          ],
          "rotation": 90,
          "texture": "#sword_0"
        }
      }
    },
    {
      "from": [
        6.96172,
        -3.47613,
        7.41237
      ],
      "to": [
        7.50226,
        -2.93559,
        8.54751
      ],
      "rotation": {
        "angle": -45,
        "axis": "z",
        "origin": [
          7.23199,
          -3.20586,
          7.97994
        ]
      },
      "faces": {
        "north": {
          "uv": [
            13,
            3,
            11.75,
            9.75
          ],
          "rotation": 270,
          "texture": "#sword_0"
        },
        "south": {
          "uv": [
            11.75,
            3,
            13,
            9.75
          ],
          "rotation": 90,
          "texture": "#sword_0"
        },
        "up": {
          "uv": [
            11.75,
            3,
            12,
            9.75
          ],
          "rotation": 90,
          "texture": "#sword_0"
        },
        "down": {
          "uv": [
            12.75,
            3,
            13,
            9.75
          ],
          "rotation": 90,
          "texture": "#sword_0"
        }
      }
    },
    {
      "from": [
        6.72577,
        -3.82926,
        7.41562
      ],
      "to": [
        7.26631,
        -3.28872,
        8.53994
      ],
      "rotation": {
        "angle": -22.5,
        "axis": "z",
        "origin": [
          6.99604,
          -3.55899,
          7.97994
        ]
      },
      "faces": {
        "north": {
          "uv": [
            13,
            3,
            11.75,
            9.75
          ],
          "rotation": 270,
          "texture": "#sword_0"
        },
        "south": {
          "uv": [
            11.75,
            3,
            13,
            9.75
          ],
          "rotation": 90,
          "texture": "#sword_0"
        },
        "up": {
          "uv": [
            11.75,
            3,
            12,
            9.75
          ],
          "rotation": 90,
          "texture": "#sword_0"
        },
        "down": {
          "uv": [
            12.75,
            3,
            13,
            9.75
          ],
          "rotation": 90,
          "texture": "#sword_0"
        }
      }
    },
    {
      "from": [
        6.64292,
        -4.2458,
        7.41237
      ],
      "to": [
        7.18346,
        -3.70526,
        8.54751
      ],
      "rotation": {
        "angle": 0,
        "axis": "y",
        "origin": [
          6.91319,
          -3.97553,
          7.97994
        ]
      },
      "faces": {
        "north": {
          "uv": [
            13,
            3,
            11.75,
            9.75
          ],
          "rotation": 270,
          "texture": "#sword_0"
        },
        "south": {
          "uv": [
            11.75,
            3,
            13,
            9.75
          ],
          "rotation": 90,
          "texture": "#sword_0"
        },
        "up": {
          "uv": [
            11.75,
            3,
            12,
            9.75
          ],
          "rotation": 90,
          "texture": "#sword_0"
        },
        "down": {
          "uv": [
            12.75,
            3,
            13,
            9.75
          ],
          "rotation": 90,
          "texture": "#sword_0"
        }
      }
    },
    {
      "from": [
        6.72577,
        -4.66234,
        7.41562
      ],
      "to": [
        7.26631,
        -4.1218,
        8.53994
      ],
      "rotation": {
        "angle": 22.5,
        "axis": "z",
        "origin": [
          6.99604,
          -4.39207,
          7.97994
        ]
      },
      "faces": {
        "north": {
          "uv": [
            13,
            3,
            11.75,
            9.75
          ],
          "rotation": 270,
          "texture": "#sword_0"
        },
        "south": {
          "uv": [
            11.75,
            3,
            13,
            9.75
          ],
          "rotation": 90,
          "texture": "#sword_0"
        },
        "up": {
          "uv": [
            11.75,
            3,
            12,
            9.75
          ],
          "rotation": 90,
          "texture": "#sword_0"
        },
        "down": {
          "uv": [
            12.75,
            3,
            13,
            9.75
          ],
          "rotation": 90,
          "texture": "#sword_0"
        }
      }
    },
    {
      "from": [
        6.96172,
        -5.01546,
        7.41237
      ],
      "to": [
        7.50226,
        -4.47492,
        8.54751
      ],
      "rotation": {
        "angle": -45,
        "axis": "z",
        "origin": [
          7.23199,
          -4.74519,
          7.97994
        ]
      },
      "faces": {
        "north": {
          "uv": [
            13,
            3,
            11.75,
            9.75
          ],
          "texture": "#sword_0"
        },
        "east": {
          "uv": [
            12.75,
            3,
            13,
            9.75
          ],
          "texture": "#sword_0"
        },
        "south": {
          "uv": [
            11.75,
            3,
            13,
            9.75
          ],
          "texture": "#sword_0"
        },
        "west": {
          "uv": [
            11.75,
            3,
            12,
            9.75
          ],
          "texture": "#sword_0"
        }
      }
    },
    {
      "from": [
        7.31485,
        -5.25141,
        7.41562
      ],
      "to": [
        7.85539,
        -4.71087,
        8.53994
      ],
      "rotation": {
        "angle": -22.5,
        "axis": "z",
        "origin": [
          7.58512,
          -4.98114,
          7.97994
        ]
      },
      "faces": {
        "north": {
          "uv": [
            13,
            3,
            11.75,
            9.75
          ],
          "texture": "#sword_0"
        },
        "east": {
          "uv": [
            12.75,
            3,
            13,
            9.75
          ],
          "texture": "#sword_0"
        },
        "south": {
          "uv": [
            11.75,
            3,
            13,
            9.75
          ],
          "texture": "#sword_0"
        },
        "west": {
          "uv": [
            11.75,
            3,
            12,
            9.75
          ],
          "texture": "#sword_0"
        }
      }
    },
    {
      "from": [
        7.72807,
        -5.33427,
        7.41237
      ],
      "to": [
        8.26861,
        -4.79373,
        8.54751
      ],
      "rotation": {
        "angle": 0,
        "axis": "y",
        "origin": [
          7.83618,
          -3.82075,
          8.00697
        ]
      },
      "faces": {
        "north": {
          "uv": [
            13,
            3,
            11.75,
            9.75
          ],
          "texture": "#sword_0"
        },
        "east": {
          "uv": [
            12.75,
            3,
            13,
            9.75
          ],
          "texture": "#sword_0"
        },
        "south": {
          "uv": [
            11.75,
            3,
            13,
            9.75
          ],
          "texture": "#sword_0"
        },
        "west": {
          "uv": [
            11.75,
            3,
            12,
            9.75
          ],
          "texture": "#sword_0"
        }
      }
    },
    {
      "from": [
        7.31153,
        -3.24018,
        7.41562
      ],
      "to": [
        7.85207,
        -2.69964,
        8.53994
      ],
      "rotation": {
        "angle": 22.5,
        "axis": "z",
        "origin": [
          7.5818,
          -2.96991,
          7.97994
        ]
      },
      "faces": {
        "north": {
          "uv": [
            13,
            3,
            11.75,
            9.75
          ],
          "rotation": 180,
          "texture": "#sword_0"
        },
        "east": {
          "uv": [
            11.75,
            3,
            12,
            9.75
          ],
          "rotation": 180,
          "texture": "#sword_0"
        },
        "south": {
          "uv": [
            11.75,
            3,
            13,
            9.75
          ],
          "rotation": 180,
          "texture": "#sword_0"
        },
        "west": {
          "uv": [
            12.75,
            3,
            13,
            9.75
          ],
          "rotation": 180,
          "texture": "#sword_0"
        }
      }
    },
    {
      "from": [
        8.14793,
        -3.24018,
        7.41562
      ],
      "to": [
        8.68847,
        -2.69964,
        8.53994
      ],
      "rotation": {
        "angle": -22.5,
        "axis": "z",
        "origin": [
          8.4182,
          -2.96991,
          7.97994
        ]
      },
      "faces": {
        "north": {
          "uv": [
            11.75,
            3,
            13,
            9.75
          ],
          "rotation": 180,
          "texture": "#sword_0"
        },
        "east": {
          "uv": [
            13,
            3,
            12.75,
            9.75
          ],
          "rotation": 180,
          "texture": "#sword_0"
        },
        "south": {
          "uv": [
            13,
            3,
            11.75,
            9.75
          ],
          "rotation": 180,
          "texture": "#sword_0"
        },
        "west": {
          "uv": [
            12,
            3,
            11.75,
            9.75
          ],
          "rotation": 180,
          "texture": "#sword_0"
        }
      }
    },
    {
      "from": [
        9.86475,
        7.19158,
        7.63807
      ],
      "to": [
        10.7155,
        13.06295,
        8.36087
      ],
      "rotation": {
        "angle": 22.5,
        "axis": "z",
        "origin": [
          10.34013,
          7.73758,
          8.03405
        ]
      },
      "faces": {
        "north": {
          "uv": [
            11.75,
            3,
            13,
            9.75
          ],
          "rotation": 180,
          "texture": "#sword_0"
        },
        "east": {
          "uv": [
            13,
            3,
            12.75,
            9.75
          ],
          "rotation": 180,
          "texture": "#sword_0"
        },
        "south": {
          "uv": [
            13,
            3,
            11.75,
            9.75
          ],
          "rotation": 180,
          "texture": "#sword_0"
        },
        "west": {
          "uv": [
            12,
            3,
            11.75,
            9.75
          ],
          "rotation": 180,
          "texture": "#sword_0"
        }
      }
    },
    {
      "from": [
        8.62852,
        9.46726,
        7.66307
      ],
      "to": [
        9.47927,
        11.01364,
        8.33587
      ],
      "rotation": {
        "angle": 45,
        "axis": "z",
        "origin": [
          9.04806,
          10.05537,
          7.99954
        ]
      },
      "faces": {
        "north": {
          "uv": [
            11.75,
            3,
            13,
            9.75
          ],
          "rotation": 180,
          "texture": "#sword_0"
        },
        "east": {
          "uv": [
            13,
            3,
            12.75,
            9.75
          ],
          "rotation": 180,
          "texture": "#sword_0"
        },
        "south": {
          "uv": [
            13,
            3,
            11.75,
            9.75
          ],
          "rotation": 180,
          "texture": "#sword_0"
        },
        "west": {
          "uv": [
            12,
            3,
            11.75,
            9.75
          ],
          "rotation": 180,
          "texture": "#sword_0"
        }
      }
    },
    {
      "from": [
        8.46352,
        9.09226,
        7.82557
      ],
      "to": [
        9.14427,
        10.96364,
        8.17337
      ],
      "rotation": {
        "angle": 45,
        "axis": "z",
        "origin": [
          9.04806,
          10.05537,
          7.99954
        ]
      },
      "faces": {
        "north": {
          "uv": [
            11.75,
            3,
            13,
            9.75
          ],
          "rotation": 180,
          "texture": "#sword_0"
        },
        "east": {
          "uv": [
            13,
            3,
            12.75,
            9.75
          ],
          "rotation": 180,
          "texture": "#sword_0"
        },
        "south": {
          "uv": [
            13,
            3,
            11.75,
            9.75
          ],
          "rotation": 180,
          "texture": "#sword_0"
        },
        "west": {
          "uv": [
            12,
            3,
            11.75,
            9.75
          ],
          "rotation": 180,
          "texture": "#sword_0"
        }
      }
    },
    {
      "from": [
        8.31346,
        9.07479,
        7.9596
      ],
      "to": [
        9.24421,
        11.02616,
        8.0396
      ],
      "rotation": {
        "angle": 45,
        "axis": "z",
        "origin": [
          9.04806,
          10.05537,
          7.99954
        ]
      },
      "faces": {
        "north": {
          "uv": [
            11.75,
            3,
            13,
            9.75
          ],
          "rotation": 180,
          "texture": "#sword_0"
        },
        "east": {
          "uv": [
            13,
            3,
            12.75,
            9.75
          ],
          "rotation": 180,
          "texture": "#sword_0"
        },
        "south": {
          "uv": [
            13,
            3,
            11.75,
            9.75
          ],
          "rotation": 180,
          "texture": "#sword_0"
        },
        "west": {
          "uv": [
            12,
            3,
            11.75,
            9.75
          ],
          "rotation": 180,
          "texture": "#sword_0"
        }
      }
    },
    {
      "from": [
        7.25213,
        10.4244,
        7.65846
      ],
      "to": [
        8.89288,
        12.06515,
        8.34412
      ],
      "rotation": {
        "angle": -45,
        "axis": "z",
        "origin": [
          8,
          11.31728,
          7.99992
        ]
      },
      "faces": {
        "north": {
          "uv": [
            11.75,
            3,
            13,
            9.75
          ],
          "rotation": 180,
          "texture": "#sword_0"
        },
        "east": {
          "uv": [
            13,
            3,
            12.75,
            9.75
          ],
          "rotation": 180,
          "texture": "#sword_0"
        },
        "south": {
          "uv": [
            13,
            3,
            11.75,
            9.75
          ],
          "rotation": 180,
          "texture": "#sword_0"
        },
        "west": {
          "uv": [
            12,
            3,
            11.75,
            9.75
          ],
          "rotation": 180,
          "texture": "#sword_0"
        }
      }
    }
  ],
  "display": {
    "thirdperson_righthand": {
      "rotation": [
        4,
        -90,
        0
      ],
      "translation": [
        0,
        2,
        0.25
      ],
      "scale": [
        0.6,
        0.6,
        0.6
      ]
    },
    "thirdperson_lefthand": {
      "rotation": [
        4,
        -90,
        0
      ],
      "translation": [
        0,
        2,
        0.25
      ],
      "scale": [
        0.6,
        0.6,
        0.6
      ]
    },
    "firstperson_righthand": {
      "rotation": [
        -10.5,
        -90,
        0
      ],
      "translation": [
        3.5,
        3.75,
        -1.25
      ],
      "scale": [
        0.75,
        1,
        1
      ]
    },
    "firstperson_lefthand": {
      "rotation": [
        -10.5,
        -90,
        0
      ],
      "translation": [
        3.5,
        3.75,
        -1.25
      ],
      "scale": [
        0.75,
        1,
        1
      ]
    },
    "ground": {
      "rotation": [
        0,
        0,
        -90
      ],
      "translation": [
        5,
        0.75,
        1.5
      ],
      "scale": [
        0.75,
        0.75,
        0.75
      ]
    },
    "gui": {
      "rotation": [
        -90,
        90,
        0
      ]
    },
    "head": {
      "rotation": [
        0,
        0,
        140
      ],
      "translation": [
        7,
        6.75,
        0.75
      ],
      "scale": [
        0.6,
        0.6,
        0.6
      ]
    },
    "fixed": {
      "rotation": [
        90,
        90,
        0
      ],
      "translation": [
        0.25,
        0.35,
        0
      ]
    }
  },
  "groups": [
    {
      "name": "blade2",
      "origin": [
        7.6147,
        2.37664,
        7.95
      ],
      "color": 0,
      "children": [
        0,
        1,
        2,
        3,
        4,
        5,
        6,
        7,
        8,
        9,
        10,
        11,
        12,
        13,
        14,
        15,
        16,
        17,
        18,
        19,
        20,
        21,
        22,
        23,
        24,
        25,
        26,
        27,
        28,
        29,
        30
      ]
    },
    {
      "name": "handle",
      "origin": [
        1.2,
        15.9,
        0
      ],
      "color": 0,
      "children": [
        31,
        32,
        33
      ]
    },
    {
      "name": "hole2",
      "origin": [
        8.46488,
        6.05509,
        7.92994
      ],
      "color": 0,
      "children": [
        34,
        35,
        36,
        37,
        38,
        39,
        40,
        41,
        42,
        43,
        44,
        45,
        46,
        47,
        48,
        49
      ]
    },
    {
      "name": "hole",
      "origin": [
        8.46488,
        6.05509,
        7.92994
      ],
      "color": 0,
      "children": [
        50,
        51,
        52,
        53,
        54,
        55,
        56,
        57,
        58,
        59,
        60,
        61,
        62,
        63,
        64,
        65
      ]
    },
    {
      "name": "blade",
      "origin": [
        8.3853,
        2.37664,
        7.95
      ],
      "color": 0,
      "children": [
        66,
        67,
        68,
        69,
        70
      ]
    }
  ]
}