{
  "credit": "Made By AtPoe",
  "texture_size": [
    64,
    64
  ],
  "elements": [
    {
      "from": [
        7.5688,
        5.21442,
        7.43414
      ],
      "to": [
        8.31955,
        6.1358,
        8.56571
      ],
      "rotation": {
        "angle": 22.5,
        "axis": "z",
        "origin": [
          7.94417,
          5.76042,
          7.99992
        ]
      },
      "faces": {
        "north": {
          "uv": [
            7.25,
            7.25,
            8.75,
            8.75
          ],
          "texture": "#sword_0"
        },
        "east": {
          "uv": [
            8.75,
            7.25,
            7.25,
            8.75
          ],
          "texture": "#sword_0"
        },
        "south": {
          "uv": [
            8.75,
            7.25,
            7.25,
            8.75
          ],
          "texture": "#sword_0"
        },
        "west": {
          "uv": [
            8.75,
            7.25,
            7.25,
            8.75
          ],
          "texture": "#sword_0"
        },
        "up": {
          "uv": [
            8.75,
            7.25,
            7.25,
            8.75
          ],
          "texture": "#sword_0"
        },
        "down": {
          "uv": [
            8.75,
            7.25,
            7.25,
            8.75
          ],
          "texture": "#sword_0"
        }
      }
    },
    {
      "from": [
        8.68045,
        5.21442,
        7.43414
      ],
      "to": [
        9.4312,
        6.1358,
        8.56571
      ],
      "rotation": {
        "angle": -22.5,
        "axis": "z",
        "origin": [
          9.05583,
          5.76042,
          7.99992
        ]
      },
      "faces": {
        "north": {
          "uv": [
            8.75,
            7.25,
            7.25,
            8.75
          ],
          "texture": "#sword_0"
        },
        "east": {
          "uv": [
            8.75,
            7.25,
            7.25,
            8.75
          ],
          "texture": "#sword_0"
        },
        "south": {
          "uv": [
            7.25,
            7.25,
            8.75,
            8.75
          ],
          "texture": "#sword_0"
        },
        "west": {
          "uv": [
            8.75,
            7.25,
            7.25,
            8.75
          ],
          "texture": "#sword_0"
        },
        "up": {
          "uv": [
            8.75,
            7.25,
            7.25,
            8.75
          ],
          "texture": "#sword_0"
        },
        "down": {
          "uv": [
            8.75,
            7.25,
            7.25,
            8.75
          ],
          "texture": "#sword_0"
        }
      }
    },
    {
      "from": [
        7.825,
        -2.6875,
        7.45
      ],
      "to": [
        9.175,
        6.035,
        8.55
      ],
      "rotation": {
        "angle": 0,
        "axis": "y",
        "origin": [
          9.15,
          -3.39,
          6.05
        ]
      },
      "faces": {
        "north": {
          "uv": [
            11.5,
            9.75,
            12.5,
            15
          ],
          "texture": "#sword_0"
        },
        "east": {
          "uv": [
            11.5,
            9.75,
            12.5,
            15
          ],
          "texture": "#sword_0"
        },
        "south": {
          "uv": [
            11.5,
            9.75,
            12.5,
            15
          ],
          "texture": "#sword_0"
        },
        "west": {
          "uv": [
            11.5,
            9.75,
            12.5,
            15
          ],
          "texture": "#sword_0"
        },
        "up": {
          "uv": [
            11.5,
            9.75,
            12.5,
            15
          ],
          "texture": "#sword_0"
        },
        "down": {
          "uv": [
            11.5,
            9.75,
            12.5,
            15
          ],
          "texture": "#sword_0"
        }
      }
    },
    {
      "from": [
        8.20176,
        -3.07815,
        7.34876
      ],
      "to": [
        8.80236,
        -2.47755,
        8.6133
      ],
      "rotation": {
        "angle": 0,
        "axis": "y",
        "origin": [
          8.50206,
          -2.77785,
          7.97994
        ]
      },
      "faces": {
        "north": {
          "uv": [
            4.75,
            10.25,
            6.75,
            12.25
          ],
          "texture": "#sword_0"
        },
        "east": {
          "uv": [
            4.75,
            10.25,
            6.75,
            12.25
          ],
          "texture": "#sword_0"
        },
        "south": {
          "uv": [
            4.75,
            10.25,
            6.75,
            12.25
          ],
          "texture": "#sword_0"
        },
        "west": {
          "uv": [
            4.75,
            10.25,
            6.75,
            12.25
          ],
          "texture": "#sword_0"
        },
        "up": {
          "uv": [
            4.75,
            10.25,
            6.75,
            10.5
          ],
          "texture": "#sword_0"
        },
        "down": {
          "uv": [
            4.75,
            12,
            6.75,
            12.25
          ],
          "texture": "#sword_0"
        }
      }
    },
    {
      "from": [
        8.66458,
        -5.40491,
        7.35291
      ],
      "to": [
        9.26518,
        -4.80431,
        8.60216
      ],
      "rotation": {
        "angle": 22.5,
        "axis": "z",
        "origin": [
          8.96488,
          -5.10461,
          7.97994
        ]
      },
      "faces": {
        "north": {
          "uv": [
            4.75,
            12.25,
            6.75,
            10.25
          ],
          "texture": "#sword_0"
        },
        "east": {
          "uv": [
            4.75,
            12.25,
            6.75,
            10.25
          ],
          "texture": "#sword_0"
        },
        "south": {
          "uv": [
            4.75,
            12.25,
            6.75,
            10.25
          ],
          "texture": "#sword_0"
        },
        "west": {
          "uv": [
            4.75,
            12.25,
            6.75,
            10.25
          ],
          "texture": "#sword_0"
        },
        "up": {
          "uv": [
            4.75,
            12.25,
            6.75,
            12
          ],
          "texture": "#sword_0"
        },
        "down": {
          "uv": [
            4.75,
            10.25,
            6.75,
            10.5
          ],
          "texture": "#sword_0"
        }
      }
    },
    {
      "from": [
        9.05694,
        -5.14274,
        7.34931
      ],
      "to": [
        9.65754,
        -4.54214,
        8.61057
      ],
      "rotation": {
        "angle": 45,
        "axis": "z",
        "origin": [
          9.35724,
          -4.84244,
          7.97994
        ]
      },
      "faces": {
        "north": {
          "uv": [
            4.75,
            12.25,
            6.75,
            10.25
          ],
          "texture": "#sword_0"
        },
        "east": {
          "uv": [
            4.75,
            12.25,
            6.75,
            10.25
          ],
          "texture": "#sword_0"
        },
        "south": {
          "uv": [
            4.75,
            12.25,
            6.75,
            10.25
          ],
          "texture": "#sword_0"
        },
        "west": {
          "uv": [
            4.75,
            12.25,
            6.75,
            10.25
          ],
          "texture": "#sword_0"
        },
        "up": {
          "uv": [
            4.75,
            12.25,
            6.75,
            12
          ],
          "texture": "#sword_0"
        },
        "down": {
          "uv": [
            4.75,
            10.25,
            6.75,
            10.5
          ],
          "texture": "#sword_0"
        }
      }
    },
    {
      "from": [
        9.31911,
        -4.75038,
        7.35291
      ],
      "to": [
        9.91971,
        -4.14978,
        8.60216
      ],
      "rotation": {
        "angle": -22.5,
        "axis": "z",
        "origin": [
          9.61941,
          -4.45008,
          7.97994
        ]
      },
      "faces": {
        "north": {
          "uv": [
            8.75,
            10.25,
            6.75,
            12.25
          ],
          "texture": "#sword_0"
        },
        "east": {
          "uv": [
            8.75,
            10.25,
            8.5,
            12.25
          ],
          "texture": "#sword_0"
        },
        "south": {
          "uv": [
            6.75,
            10.25,
            8.75,
            12.25
          ],
          "texture": "#sword_0"
        },
        "west": {
          "uv": [
            6.75,
            10.25,
            7,
            12.25
          ],
          "texture": "#sword_0"
        },
        "up": {
          "uv": [
            8.75,
            10.25,
            6.75,
            12.25
          ],
          "texture": "#sword_0"
        },
        "down": {
          "uv": [
            8.75,
            10.25,
            6.75,
            12.25
          ],
          "texture": "#sword_0"
        }
      }
    },
    {
      "from": [
        9.41117,
        -4.28756,
        7.34931
      ],
      "to": [
        10.01177,
        -3.68696,
        8.61057
      ],
      "rotation": {
        "angle": 0,
        "axis": "y",
        "origin": [
          9.71147,
          -3.98726,
          7.97994
        ]
      },
      "faces": {
        "north": {
          "uv": [
            8.75,
            10.25,
            6.75,
            12.25
          ],
          "texture": "#sword_0"
        },
        "east": {
          "uv": [
            8.75,
            10.25,
            8.5,
            12.25
          ],
          "texture": "#sword_0"
        },
        "south": {
          "uv": [
            6.75,
            10.25,
            8.75,
            12.25
          ],
          "texture": "#sword_0"
        },
        "west": {
          "uv": [
            6.75,
            10.25,
            7,
            12.25
          ],
          "texture": "#sword_0"
        },
        "up": {
          "uv": [
            8.75,
            10.25,
            6.75,
            12.25
          ],
          "texture": "#sword_0"
        },
        "down": {
          "uv": [
            8.75,
            10.25,
            6.75,
            12.25
          ],
          "texture": "#sword_0"
        }
      }
    },
    {
      "from": [
        9.31911,
        -3.82474,
        7.35291
      ],
      "to": [
        9.91971,
        -3.22414,
        8.60216
      ],
      "rotation": {
        "angle": 22.5,
        "axis": "z",
        "origin": [
          9.61941,
          -3.52444,
          7.97994
        ]
      },
      "faces": {
        "north": {
          "uv": [
            8.75,
            10.25,
            6.75,
            12.25
          ],
          "texture": "#sword_0"
        },
        "east": {
          "uv": [
            8.75,
            10.25,
            8.5,
            12.25
          ],
          "texture": "#sword_0"
        },
        "south": {
          "uv": [
            6.75,
            10.25,
            8.75,
            12.25
          ],
          "texture": "#sword_0"
        },
        "west": {
          "uv": [
            6.75,
            10.25,
            7,
            12.25
          ],
          "texture": "#sword_0"
        },
        "up": {
          "uv": [
            8.75,
            10.25,
            6.75,
            12.25
          ],
          "texture": "#sword_0"
        },
        "down": {
          "uv": [
            8.75,
            10.25,
            6.75,
            12.25
          ],
          "texture": "#sword_0"
        }
      }
    },
    {
      "from": [
        9.05694,
        -3.43238,
        7.34931
      ],
      "to": [
        9.65754,
        -2.83178,
        8.61057
      ],
      "rotation": {
        "angle": 45,
        "axis": "z",
        "origin": [
          9.35724,
          -3.13208,
          7.97994
        ]
      },
      "faces": {
        "north": {
          "uv": [
            8.75,
            10.25,
            6.75,
            12.25
          ],
          "texture": "#sword_0"
        },
        "east": {
          "uv": [
            8.75,
            10.25,
            8.5,
            12.25
          ],
          "texture": "#sword_0"
        },
        "south": {
          "uv": [
            6.75,
            10.25,
            8.75,
            12.25
          ],
          "texture": "#sword_0"
        },
        "west": {
          "uv": [
            6.75,
            10.25,
            7,
            12.25
          ],
          "texture": "#sword_0"
        },
        "up": {
          "uv": [
            6.75,
            10.25,
            8.75,
            12.25
          ],
          "texture": "#sword_0"
        },
        "down": {
          "uv": [
            6.75,
            10.25,
            8.75,
            12.25
          ],
          "texture": "#sword_0"
        }
      }
    },
    {
      "from": [
        7.34246,
        -3.43238,
        7.34931
      ],
      "to": [
        7.94306,
        -2.83178,
        8.61057
      ],
      "rotation": {
        "angle": -45,
        "axis": "z",
        "origin": [
          7.64276,
          -3.13208,
          7.97994
        ]
      },
      "faces": {
        "north": {
          "uv": [
            6.75,
            10.25,
            8.75,
            12.25
          ],
          "texture": "#sword_0"
        },
        "east": {
          "uv": [
            6.75,
            10.25,
            7,
            12.25
          ],
          "texture": "#sword_0"
        },
        "south": {
          "uv": [
            8.75,
            10.25,
            6.75,
            12.25
          ],
          "texture": "#sword_0"
        },
        "west": {
          "uv": [
            8.75,
            10.25,
            8.5,
            12.25
          ],
          "texture": "#sword_0"
        },
        "up": {
          "uv": [
            6.75,
            10.25,
            8.75,
            12.25
          ],
          "texture": "#sword_0"
        },
        "down": {
          "uv": [
            6.75,
            10.25,
            8.75,
            12.25
          ],
          "texture": "#sword_0"
        }
      }
    },
    {
      "from": [
        7.08029,
        -3.82474,
        7.35291
      ],
      "to": [
        7.68089,
        -3.22414,
        8.60216
      ],
      "rotation": {
        "angle": -22.5,
        "axis": "z",
        "origin": [
          7.38059,
          -3.52444,
          7.97994
        ]
      },
      "faces": {
        "north": {
          "uv": [
            6.75,
            10.25,
            8.75,
            12.25
          ],
          "texture": "#sword_0"
        },
        "east": {
          "uv": [
            6.75,
            10.25,
            7,
            12.25
          ],
          "texture": "#sword_0"
        },
        "south": {
          "uv": [
            8.75,
            10.25,
            6.75,
            12.25
          ],
          "texture": "#sword_0"
        },
        "west": {
          "uv": [
            8.75,
            10.25,
            8.5,
            12.25
          ],
          "texture": "#sword_0"
        },
        "up": {
          "uv": [
            8.75,
            10.25,
            6.75,
            12.25
          ],
          "texture": "#sword_0"
        },
        "down": {
          "uv": [
            8.75,
            10.25,
            6.75,
            12.25
          ],
          "texture": "#sword_0"
        }
      }
    },
    {
      "from": [
        6.98823,
        -4.28756,
        7.34931
      ],
      "to": [
        7.58883,
        -3.68696,
        8.61057
      ],
      "rotation": {
        "angle": 0,
        "axis": "y",
        "origin": [
          7.28853,
          -3.98726,
          7.97994
        ]
      },
      "faces": {
        "north": {
          "uv": [
            6.75,
            10.25,
            8.75,
            12.25
          ],
          "texture": "#sword_0"
        },
        "east": {
          "uv": [
            6.75,
            10.25,
            7,
            12.25
          ],
          "texture": "#sword_0"
        },
        "south": {
          "uv": [
            8.75,
            10.25,
            6.75,
            12.25
          ],
          "texture": "#sword_0"
        },
        "west": {
          "uv": [
            8.75,
            10.25,
            8.5,
            12.25
          ],
          "texture": "#sword_0"
        },
        "up": {
          "uv": [
            8.75,
            10.25,
            6.75,
            12.25
          ],
          "texture": "#sword_0"
        },
        "down": {
          "uv": [
            8.75,
            10.25,
            6.75,
            12.25
          ],
          "texture": "#sword_0"
        }
      }
    },
    {
      "from": [
        7.08029,
        -4.75038,
        7.35291
      ],
      "to": [
        7.68089,
        -4.14978,
        8.60216
      ],
      "rotation": {
        "angle": 22.5,
        "axis": "z",
        "origin": [
          7.38059,
          -4.45008,
          7.97994
        ]
      },
      "faces": {
        "north": {
          "uv": [
            6.75,
            10.25,
            8.75,
            12.25
          ],
          "texture": "#sword_0"
        },
        "east": {
          "uv": [
            6.75,
            10.25,
            7,
            12.25
          ],
          "texture": "#sword_0"
        },
        "south": {
          "uv": [
            8.75,
            10.25,
            6.75,
            12.25
          ],
          "texture": "#sword_0"
        },
        "west": {
          "uv": [
            8.75,
            10.25,
            8.5,
            12.25
          ],
          "texture": "#sword_0"
        },
        "up": {
          "uv": [
            8.75,
            10.25,
            6.75,
            12.25
          ],
          "texture": "#sword_0"
        },
        "down": {
          "uv": [
            8.75,
            10.25,
            6.75,
            12.25
          ],
          "texture": "#sword_0"
        }
      }
    },
    {
      "from": [
        7.34246,
        -5.14274,
        7.34931
      ],
      "to": [
        7.94306,
        -4.54214,
        8.61057
      ],
      "rotation": {
        "angle": -45,
        "axis": "z",
        "origin": [
          7.64276,
          -4.84244,
          7.97994
        ]
      },
      "faces": {
        "north": {
          "uv": [
            4.75,
            12.25,
            6.75,
            10.25
          ],
          "texture": "#sword_0"
        },
        "east": {
          "uv": [
            4.75,
            12.25,
            6.75,
            10.25
          ],
          "texture": "#sword_0"
        },
        "south": {
          "uv": [
            4.75,
            12.25,
            6.75,
            10.25
          ],
          "texture": "#sword_0"
        },
        "west": {
          "uv": [
            4.75,
            12.25,
            6.75,
            10.25
          ],
          "texture": "#sword_0"
        },
        "up": {
          "uv": [
            4.75,
            12.25,
            6.75,
            12
          ],
          "texture": "#sword_0"
        },
        "down": {
          "uv": [
            4.75,
            10.25,
            6.75,
            10.5
          ],
          "texture": "#sword_0"
        }
      }
    },
    {
      "from": [
        7.73482,
        -5.40491,
        7.35291
      ],
      "to": [
        8.33542,
        -4.80431,
        8.60216
      ],
      "rotation": {
        "angle": -22.5,
        "axis": "z",
        "origin": [
          8.03512,
          -5.10461,
          7.97994
        ]
      },
      "faces": {
        "north": {
          "uv": [
            4.75,
            12.25,
            6.75,
            10.25
          ],
          "texture": "#sword_0"
        },
        "east": {
          "uv": [
            4.75,
            12.25,
            6.75,
            10.25
          ],
          "texture": "#sword_0"
        },
        "south": {
          "uv": [
            4.75,
            12.25,
            6.75,
            10.25
          ],
          "texture": "#sword_0"
        },
        "west": {
          "uv": [
            4.75,
            12.25,
            6.75,
            10.25
          ],
          "texture": "#sword_0"
        },
        "up": {
          "uv": [
            4.75,
            12.25,
            6.75,
            12
          ],
          "texture": "#sword_0"
        },
        "down": {
          "uv": [
            4.75,
            10.25,
            6.75,
            10.5
          ],
          "texture": "#sword_0"
        }
      }
    },
    {
      "from": [
        8.20176,
        -5.49697,
        7.34931
      ],
      "to": [
        8.80236,
        -4.89637,
        8.61057
      ],
      "rotation": {
        "angle": 0,
        "axis": "y",
        "origin": [
          8.32188,
          -3.81529,
          8.00997
        ]
      },
      "faces": {
        "north": {
          "uv": [
            4.75,
            12.25,
            6.75,
            10.25
          ],
          "texture": "#sword_0"
        },
        "east": {
          "uv": [
            4.75,
            12.25,
            6.75,
            10.25
          ],
          "texture": "#sword_0"
        },
        "south": {
          "uv": [
            4.75,
            12.25,
            6.75,
            10.25
          ],
          "texture": "#sword_0"
        },
        "west": {
          "uv": [
            4.75,
            12.25,
            6.75,
            10.25
          ],
          "texture": "#sword_0"
        },
        "up": {
          "uv": [
            4.75,
            12.25,
            6.75,
            12
          ],
          "texture": "#sword_0"
        },
        "down": {
          "uv": [
            4.75,
            10.25,
            6.75,
            10.5
          ],
          "texture": "#sword_0"
        }
      }
    },
    {
      "from": [
        7.73894,
        -3.17021,
        7.35291
      ],
      "to": [
        8.33954,
        -2.56961,
        8.60216
      ],
      "rotation": {
        "angle": 22.5,
        "axis": "z",
        "origin": [
          8.03924,
          -2.86991,
          7.97994
        ]
      },
      "faces": {
        "north": {
          "uv": [
            4.75,
            10.25,
            6.75,
            12.25
          ],
          "texture": "#sword_0"
        },
        "east": {
          "uv": [
            4.75,
            10.25,
            6.75,
            12.25
          ],
          "texture": "#sword_0"
        },
        "south": {
          "uv": [
            4.75,
            10.25,
            6.75,
            12.25
          ],
          "texture": "#sword_0"
        },
        "west": {
          "uv": [
            4.75,
            10.25,
            6.75,
            12.25
          ],
          "texture": "#sword_0"
        },
        "up": {
          "uv": [
            4.75,
            10.25,
            6.75,
            10.5
          ],
          "texture": "#sword_0"
        },
        "down": {
          "uv": [
            4.75,
            12,
            6.75,
            12.25
          ],
          "texture": "#sword_0"
        }
      }
    },
    {
      "from": [
        8.66046,
        -3.17021,
        7.35291
      ],
      "to": [
        9.26106,
        -2.56961,
        8.60216
      ],
      "rotation": {
        "angle": -22.5,
        "axis": "z",
        "origin": [
          8.96076,
          -2.86991,
          7.97994
        ]
      },
      "faces": {
        "north": {
          "uv": [
            4.75,
            10.25,
            6.75,
            12.25
          ],
          "texture": "#sword_0"
        },
        "east": {
          "uv": [
            4.75,
            10.25,
            6.75,
            12.25
          ],
          "texture": "#sword_0"
        },
        "south": {
          "uv": [
            4.75,
            10.25,
            6.75,
            12.25
          ],
          "texture": "#sword_0"
        },
        "west": {
          "uv": [
            4.75,
            10.25,
            6.75,
            12.25
          ],
          "texture": "#sword_0"
        },
        "up": {
          "uv": [
            4.75,
            10.25,
            6.75,
            10.5
          ],
          "texture": "#sword_0"
        },
        "down": {
          "uv": [
            4.75,
            12,
            6.75,
            12.25
          ],
          "texture": "#sword_0"
        }
      }
    },
    {
      "from": [
        9.12852,
        9.46726,
        7.66307
      ],
      "to": [
        9.97927,
        11.01364,
        8.33587
      ],
      "rotation": {
        "angle": 45,
        "axis": "z",
        "origin": [
          9.54806,
          10.05537,
          7.99954
        ]
      },
      "faces": {
        "north": {
          "uv": [
            8.75,
            2.75,
            7.25,
            5.75
          ],
          "texture": "#sword_0"
        },
        "east": {
          "uv": [
            7.25,
            2.75,
            8.75,
            5.75
          ],
          "texture": "#sword_0"
        },
        "south": {
          "uv": [
            7.25,
            2.75,
            8.75,
            5.75
          ],
          "texture": "#sword_0"
        },
        "west": {
          "uv": [
            7.25,
            2.75,
            8.75,
            5.75
          ],
          "texture": "#sword_0"
        }
      }
    },
    {
      "from": [
        8.96352,
        9.09226,
        7.82557
      ],
      "to": [
        9.64427,
        10.96364,
        8.17337
      ],
      "rotation": {
        "angle": 45,
        "axis": "z",
        "origin": [
          9.54806,
          10.05537,
          7.99954
        ]
      },
      "faces": {
        "north": {
          "uv": [
            11.75,
            9.5,
            12,
            3.125
          ],
          "rotation": 180,
          "texture": "#sword_0"
        },
        "east": {
          "uv": [
            13,
            3,
            12.75,
            9.75
          ],
          "rotation": 180,
          "texture": "#sword_0"
        },
        "south": {
          "uv": [
            13,
            9.75,
            11.75,
            3
          ],
          "rotation": 180,
          "texture": "#sword_0"
        },
        "west": {
          "uv": [
            12,
            3,
            11.75,
            9.75
          ],
          "rotation": 180,
          "texture": "#sword_0"
        }
      }
    },
    {
      "from": [
        8.81346,
        9.07479,
        7.9596
      ],
      "to": [
        9.74421,
        11.02616,
        8.0396
      ],
      "rotation": {
        "angle": 45,
        "axis": "z",
        "origin": [
          9.54806,
          10.05537,
          7.99954
        ]
      },
      "faces": {
        "north": {
          "uv": [
            7.25,
            1.25,
            8.75,
            2.75
          ],
          "texture": "#sword_0"
        },
        "east": {
          "uv": [
            13,
            3,
            12.75,
            9.75
          ],
          "rotation": 180,
          "texture": "#sword_0"
        },
        "south": {
          "uv": [
            7.25,
            1.25,
            8.75,
            2.75
          ],
          "texture": "#sword_0"
        },
        "west": {
          "uv": [
            7.25,
            1.25,
            8.75,
            4.25
          ],
          "texture": "#sword_0"
        }
      }
    },
    {
      "from": [
        7.75213,
        10.4244,
        7.65846
      ],
      "to": [
        9.39288,
        12.06515,
        8.34412
      ],
      "rotation": {
        "angle": -45,
        "axis": "z",
        "origin": [
          8.5,
          11.31728,
          7.99992
        ]
      },
      "faces": {
        "north": {
          "uv": [
            6.75,
            8.25,
            4.75,
            10.25
          ],
          "texture": "#sword_0"
        },
        "east": {
          "uv": [
            6.75,
            8.25,
            4.75,
            10.25
          ],
          "texture": "#sword_0"
        },
        "south": {
          "uv": [
            4.75,
            8.25,
            6.75,
            10.25
          ],
          "texture": "#sword_0"
        },
        "west": {
          "uv": [
            6.75,
            8.25,
            4.75,
            10.25
          ],
          "texture": "#sword_0"
        },
        "up": {
          "uv": [
            6.75,
            8.25,
            4.75,
            10.25
          ],
          "texture": "#sword_0"
        },
        "down": {
          "uv": [
            6.75,
            8.25,
            4.75,
            10.25
          ],
          "texture": "#sword_0"
        }
      }
    },
    {
      "from": [
        10.36475,
        7.19158,
        7.63807
      ],
      "to": [
        11.2155,
        13.06295,
        8.36087
      ],
      "rotation": {
        "angle": 22.5,
        "axis": "z",
        "origin": [
          10.84013,
          7.73758,
          8.03405
        ]
      },
      "faces": {
        "north": {
          "uv": [
            12.25,
            9.5,
            11.75,
            3.125
          ],
          "rotation": 180,
          "texture": "#sword_0"
        },
        "east": {
          "uv": [
            11.75,
            9.5,
            12,
            3
          ],
          "rotation": 180,
          "texture": "#sword_0"
        },
        "south": {
          "uv": [
            11.75,
            9.5,
            12.25,
            3.125
          ],
          "rotation": 180,
          "texture": "#sword_0"
        },
        "west": {
          "uv": [
            12,
            3,
            11.75,
            9.75
          ],
          "rotation": 180,
          "texture": "#sword_0"
        }
      }
    },
    {
      "from": [
        8.22213,
        12.4319,
        7.92596
      ],
      "to": [
        9.47288,
        13.68265,
        8.07663
      ],
      "rotation": {
        "angle": -45,
        "axis": "z",
        "origin": [
          8.5,
          13.40478,
          7.99992
        ]
      },
      "faces": {
        "north": {
          "uv": [
            5.75,
            1.25,
            7.25,
            2.75
          ],
          "texture": "#sword_0"
        },
        "east": {
          "uv": [
            5.75,
            1.25,
            7.25,
            2.75
          ],
          "texture": "#sword_0"
        },
        "south": {
          "uv": [
            5.75,
            1.25,
            7.25,
            2.75
          ],
          "texture": "#sword_0"
        },
        "west": {
          "uv": [
            5.75,
            1.25,
            7.25,
            2.75
          ],
          "texture": "#sword_0"
        },
        "up": {
          "uv": [
            5.75,
            1.25,
            7.25,
            2.75
          ],
          "texture": "#sword_0"
        },
        "down": {
          "uv": [
            5.75,
            1.25,
            7.25,
            2.75
          ],
          "texture": "#sword_0"
        }
      }
    },
    {
      "from": [
        8.58085,
        5.99335,
        7.94
      ],
      "to": [
        10.0341,
        7.20473,
        8.065
      ],
      "rotation": {
        "angle": -45,
        "axis": "z",
        "origin": [
          9.30747,
          6.59904,
          7.99243
        ]
      },
      "faces": {
        "north": {
          "uv": [
            7.25,
            1.25,
            8.75,
            2.75
          ],
          "texture": "#sword_0"
        },
        "east": {
          "uv": [
            5.75,
            1.25,
            7.25,
            2.75
          ],
          "texture": "#sword_0"
        },
        "south": {
          "uv": [
            7.25,
            1.25,
            8.75,
            2.75
          ],
          "texture": "#sword_0"
        },
        "west": {
          "uv": [
            7.25,
            1.25,
            8.75,
            2.75
          ],
          "texture": "#sword_0"
        }
      }
    },
    {
      "from": [
        7.0188,
        5.88942,
        7.63414
      ],
      "to": [
        7.76955,
        6.9108,
        8.36571
      ],
      "rotation": {
        "angle": 45,
        "axis": "z",
        "origin": [
          7.39417,
          6.53542,
          7.99992
        ]
      },
      "faces": {
        "north": {
          "uv": [
            7.25,
            7.25,
            8.75,
            8.75
          ],
          "texture": "#sword_0"
        },
        "east": {
          "uv": [
            7.25,
            5.75,
            8.75,
            7.25
          ],
          "texture": "#sword_0"
        },
        "south": {
          "uv": [
            7.25,
            7.25,
            8.75,
            8.75
          ],
          "texture": "#sword_0"
        },
        "west": {
          "uv": [
            7.25,
            7.25,
            8.75,
            8.75
          ],
          "texture": "#sword_0"
        },
        "up": {
          "uv": [
            7.25,
            5.75,
            8.75,
            7.25
          ],
          "texture": "#sword_0"
        },
        "down": {
          "uv": [
            7.25,
            5.75,
            8.75,
            7.25
          ],
          "texture": "#sword_0"
        }
      }
    },
    {
      "from": [
        6.9538,
        5.88942,
        7.76414
      ],
      "to": [
        8.28455,
        6.9758,
        8.23571
      ],
      "rotation": {
        "angle": 45,
        "axis": "z",
        "origin": [
          7.39417,
          6.53542,
          7.99992
        ]
      },
      "faces": {
        "north": {
          "uv": [
            7.25,
            5.75,
            8.75,
            7.25
          ],
          "texture": "#sword_0"
        },
        "east": {
          "uv": [
            7.25,
            2.75,
            8.75,
            4.25
          ],
          "texture": "#sword_0"
        },
        "south": {
          "uv": [
            7.25,
            5.75,
            8.75,
            7.25
          ],
          "texture": "#sword_0"
        },
        "west": {
          "uv": [
            7.25,
            2.75,
            8.75,
            4.25
          ],
          "texture": "#sword_0"
        },
        "up": {
          "uv": [
            7.25,
            2.75,
            8.75,
            4.25
          ],
          "texture": "#sword_0"
        },
        "down": {
          "uv": [
            7.25,
            2.75,
            8.75,
            4.25
          ],
          "texture": "#sword_0"
        }
      }
    },
    {
      "from": [
        6.9659,
        5.99335,
        7.94
      ],
      "to": [
        8.41915,
        7.20473,
        8.065
      ],
      "rotation": {
        "angle": 45,
        "axis": "z",
        "origin": [
          7.69253,
          6.59904,
          7.99243
        ]
      },
      "faces": {
        "north": {
          "uv": [
            7.25,
            1.25,
            8.75,
            2.75
          ],
          "texture": "#sword_0"
        },
        "east": {
          "uv": [
            7.25,
            1.25,
            8.75,
            2.75
          ],
          "texture": "#sword_0"
        },
        "south": {
          "uv": [
            7.25,
            1.25,
            8.75,
            2.75
          ],
          "texture": "#sword_0"
        },
        "west": {
          "uv": [
            5.75,
            1.25,
            7.25,
            2.75
          ],
          "texture": "#sword_0"
        }
      }
    },
    {
      "from": [
        6.37071,
        6.55305,
        7.63755
      ],
      "to": [
        7.29209,
        7.3038,
        8.3623
      ],
      "rotation": {
        "angle": -22.5,
        "axis": "z",
        "origin": [
          6.74609,
          6.92843,
          8.03405
        ]
      },
      "faces": {
        "north": {
          "uv": [
            7.25,
            4.25,
            8.75,
            5.75
          ],
          "texture": "#sword_0"
        },
        "east": {
          "uv": [
            7.25,
            4.25,
            8.75,
            5.75
          ],
          "texture": "#sword_0"
        },
        "south": {
          "uv": [
            7.25,
            4.25,
            8.75,
            5.75
          ],
          "texture": "#sword_0"
        },
        "west": {
          "uv": [
            7.25,
            4.25,
            8.75,
            5.75
          ],
          "texture": "#sword_0"
        },
        "up": {
          "uv": [
            7.25,
            4.25,
            8.75,
            5.75
          ],
          "texture": "#sword_0"
        },
        "down": {
          "uv": [
            7.25,
            4.25,
            8.75,
            5.75
          ],
          "texture": "#sword_0"
        }
      }
    },
    {
      "from": [
        6.27321,
        6.48055,
        7.73505
      ],
      "to": [
        7.44209,
        7.8263,
        8.2648
      ],
      "rotation": {
        "angle": -22.5,
        "axis": "z",
        "origin": [
          6.74609,
          6.95343,
          8.03405
        ]
      },
      "faces": {
        "north": {
          "uv": [
            7.25,
            4.25,
            8.75,
            5.75
          ],
          "texture": "#sword_0"
        },
        "east": {
          "uv": [
            7.25,
            2.75,
            8.75,
            4.25
          ],
          "texture": "#sword_0"
        },
        "south": {
          "uv": [
            7.25,
            4.25,
            8.75,
            5.75
          ],
          "texture": "#sword_0"
        },
        "west": {
          "uv": [
            7.25,
            2.75,
            8.75,
            4.25
          ],
          "texture": "#sword_0"
        },
        "up": {
          "uv": [
            7.25,
            2.75,
            8.75,
            4.25
          ],
          "texture": "#sword_0"
        },
        "down": {
          "uv": [
            7.25,
            2.75,
            8.75,
            4.25
          ],
          "texture": "#sword_0"
        }
      }
    },
    {
      "from": [
        6.43604,
        6.32038,
        7.93512
      ],
      "to": [
        7.53992,
        7.79613,
        8.06512
      ],
      "rotation": {
        "angle": -22.5,
        "axis": "z",
        "origin": [
          6.98798,
          7.05826,
          8.00012
        ]
      },
      "faces": {
        "north": {
          "uv": [
            7.25,
            1.25,
            8.75,
            2.75
          ],
          "texture": "#sword_0"
        },
        "south": {
          "uv": [
            7.25,
            1.25,
            8.75,
            2.75
          ],
          "texture": "#sword_0"
        },
        "up": {
          "uv": [
            7.25,
            1.25,
            8.75,
            2.75
          ],
          "texture": "#sword_0"
        },
        "down": {
          "uv": [
            5.75,
            1.25,
            7.25,
            2.75
          ],
          "texture": "#sword_0"
        }
      }
    },
    {
      "from": [
        5.75961,
        7.00141,
        7.63768
      ],
      "to": [
        6.68098,
        7.75216,
        8.36178
      ],
      "rotation": {
        "angle": -45,
        "axis": "z",
        "origin": [
          6.13498,
          7.37679,
          8.03405
        ]
      },
      "faces": {
        "north": {
          "uv": [
            7.25,
            4.25,
            8.75,
            5.75
          ],
          "texture": "#sword_0"
        },
        "east": {
          "uv": [
            7.25,
            4.25,
            8.75,
            5.75
          ],
          "texture": "#sword_0"
        },
        "south": {
          "uv": [
            7.25,
            4.25,
            8.75,
            5.75
          ],
          "texture": "#sword_0"
        },
        "west": {
          "uv": [
            7.25,
            4.25,
            8.75,
            5.75
          ],
          "texture": "#sword_0"
        },
        "up": {
          "uv": [
            7.25,
            4.25,
            8.75,
            5.75
          ],
          "texture": "#sword_0"
        },
        "down": {
          "uv": [
            7.25,
            4.25,
            8.75,
            5.75
          ],
          "texture": "#sword_0"
        }
      }
    },
    {
      "from": [
        5.71302,
        6.94225,
        7.76807
      ],
      "to": [
        6.66439,
        7.758,
        8.23217
      ],
      "rotation": {
        "angle": -45,
        "axis": "z",
        "origin": [
          6.12089,
          7.44762,
          8.03444
        ]
      },
      "faces": {
        "north": {
          "uv": [
            7.25,
            2.75,
            8.75,
            4.25
          ],
          "texture": "#sword_0"
        },
        "east": {
          "uv": [
            7.25,
            2.75,
            8.75,
            4.25
          ],
          "texture": "#sword_0"
        },
        "south": {
          "uv": [
            7.25,
            2.75,
            8.75,
            4.25
          ],
          "texture": "#sword_0"
        },
        "west": {
          "uv": [
            7.25,
            2.75,
            8.75,
            4.25
          ],
          "texture": "#sword_0"
        },
        "up": {
          "uv": [
            7.25,
            2.75,
            8.75,
            4.25
          ],
          "texture": "#sword_0"
        },
        "down": {
          "uv": [
            7.25,
            2.75,
            8.75,
            4.25
          ],
          "texture": "#sword_0"
        }
      }
    },
    {
      "from": [
        5.67138,
        6.97296,
        7.938
      ],
      "to": [
        6.82775,
        7.85371,
        8.063
      ],
      "rotation": {
        "angle": -45,
        "axis": "z",
        "origin": [
          6.04675,
          7.54333,
          8.03444
        ]
      },
      "faces": {
        "north": {
          "uv": [
            7.25,
            1.25,
            8.75,
            2.75
          ],
          "texture": "#sword_0"
        },
        "south": {
          "uv": [
            7.25,
            1.25,
            8.75,
            2.75
          ],
          "texture": "#sword_0"
        },
        "up": {
          "uv": [
            11.75,
            3,
            12,
            9.75
          ],
          "rotation": 90,
          "texture": "#sword_0"
        },
        "down": {
          "uv": [
            5.75,
            1.25,
            7.25,
            2.75
          ],
          "texture": "#sword_0"
        }
      }
    },
    {
      "from": [
        5.7845,
        7.19158,
        7.63807
      ],
      "to": [
        6.63525,
        13.06295,
        8.36087
      ],
      "rotation": {
        "angle": -22.5,
        "axis": "z",
        "origin": [
          6.15987,
          7.73758,
          8.03405
        ]
      },
      "faces": {
        "north": {
          "uv": [
            11.75,
            9.5,
            12.25,
            3.125
          ],
          "rotation": 180,
          "texture": "#sword_0"
        },
        "east": {
          "uv": [
            11.75,
            3,
            12,
            9.75
          ],
          "rotation": 180,
          "texture": "#sword_0"
        },
        "south": {
          "uv": [
            12.25,
            9.5,
            11.75,
            3.125
          ],
          "rotation": 180,
          "texture": "#sword_0"
        },
        "west": {
          "uv": [
            11.75,
            9.5,
            12,
            3
          ],
          "rotation": 180,
          "texture": "#sword_0"
        }
      }
    },
    {
      "from": [
        7.25579,
        9.07479,
        7.9596
      ],
      "to": [
        8.18654,
        11.02616,
        8.0396
      ],
      "rotation": {
        "angle": -45,
        "axis": "z",
        "origin": [
          7.45194,
          10.05537,
          7.99954
        ]
      },
      "faces": {
        "north": {
          "uv": [
            7.25,
            1.25,
            8.75,
            2.75
          ],
          "texture": "#sword_0"
        },
        "east": {
          "uv": [
            7.25,
            1.25,
            8.75,
            2.75
          ],
          "texture": "#sword_0"
        },
        "south": {
          "uv": [
            7.25,
            1.25,
            8.75,
            2.75
          ],
          "texture": "#sword_0"
        },
        "west": {
          "uv": [
            12.75,
            3,
            13,
            9.75
          ],
          "rotation": 180,
          "texture": "#sword_0"
        }
      }
    },
    {
      "from": [
        7.35573,
        9.09226,
        7.82557
      ],
      "to": [
        8.03648,
        10.96364,
        8.17337
      ],
      "rotation": {
        "angle": -45,
        "axis": "z",
        "origin": [
          7.45194,
          10.05537,
          7.99954
        ]
      },
      "faces": {
        "north": {
          "uv": [
            11.75,
            9.5,
            12,
            3.125
          ],
          "rotation": 180,
          "texture": "#sword_0"
        },
        "east": {
          "uv": [
            11.75,
            3,
            12,
            9.75
          ],
          "rotation": 180,
          "texture": "#sword_0"
        },
        "south": {
          "uv": [
            11.75,
            9.75,
            13,
            3
          ],
          "rotation": 180,
          "texture": "#sword_0"
        },
        "west": {
          "uv": [
            12.75,
            3,
            13,
            9.75
          ],
          "rotation": 180,
          "texture": "#sword_0"
        }
      }
    },
    {
      "from": [
        7.02073,
        9.46726,
        7.66307
      ],
      "to": [
        7.87148,
        11.01364,
        8.33587
      ],
      "rotation": {
        "angle": -45,
        "axis": "z",
        "origin": [
          7.45194,
          10.05537,
          7.99954
        ]
      },
      "faces": {
        "north": {
          "uv": [
            7.25,
            2.75,
            8.75,
            5.75
          ],
          "texture": "#sword_0"
        },
        "east": {
          "uv": [
            11.75,
            3,
            12,
            9.75
          ],
          "rotation": 180,
          "texture": "#sword_0"
        },
        "south": {
          "uv": [
            7.25,
            2.75,
            8.75,
            5.75
          ],
          "texture": "#sword_0"
        },
        "west": {
          "uv": [
            12.75,
            3,
            13,
            9.75
          ],
          "rotation": 180,
          "texture": "#sword_0"
        }
      }
    },
    {
      "from": [
        5.6195,
        7.14158,
        7.80057
      ],
      "to": [
        6.80025,
        13.01295,
        8.19837
      ],
      "rotation": {
        "angle": -22.5,
        "axis": "z",
        "origin": [
          6.15987,
          7.73758,
          8.03405
        ]
      },
      "faces": {
        "north": {
          "uv": [
            11.75,
            9.5,
            12.25,
            3.125
          ],
          "rotation": 180,
          "texture": "#sword_0"
        },
        "east": {
          "uv": [
            11.75,
            3,
            12,
            9.75
          ],
          "rotation": 180,
          "texture": "#sword_0"
        },
        "south": {
          "uv": [
            11.75,
            9.5,
            12,
            3.125
          ],
          "rotation": 180,
          "texture": "#sword_0"
        },
        "west": {
          "uv": [
            11.75,
            9.5,
            12,
            3
          ],
          "rotation": 180,
          "texture": "#sword_0"
        },
        "down": {
          "uv": [
            7.25,
            8.75,
            8.75,
            7.25
          ],
          "rotation": 180,
          "texture": "#sword_0"
        }
      }
    },
    {
      "from": [
        6.41782,
        6.91556,
        7.9096
      ],
      "to": [
        7.84857,
        12.86694,
        8.0896
      ],
      "rotation": {
        "angle": -22.5,
        "axis": "z",
        "origin": [
          7.1332,
          9.89125,
          7.9996
        ]
      },
      "faces": {
        "north": {
          "uv": [
            11.625,
            9.25,
            12,
            3.125
          ],
          "rotation": 180,
          "texture": "#sword_0"
        },
        "east": {
          "uv": [
            7.25,
            1.25,
            8.75,
            2.75
          ],
          "texture": "#sword_0"
        },
        "south": {
          "uv": [
            12,
            9.25,
            11.625,
            3.125
          ],
          "rotation": 180,
          "texture": "#sword_0"
        },
        "west": {
          "uv": [
            5.75,
            1.25,
            7.25,
            2.75
          ],
          "texture": "#sword_0"
        },
        "down": {
          "uv": [
            5.75,
            1.25,
            7.25,
            2.75
          ],
          "texture": "#sword_0"
        }
      }
    },
    {
      "from": [
        10.17225,
        6.97296,
        7.938
      ],
      "to": [
        11.32862,
        7.85371,
        8.063
      ],
      "rotation": {
        "angle": 45,
        "axis": "z",
        "origin": [
          10.95325,
          7.54333,
          8.03444
        ]
      },
      "faces": {
        "north": {
          "uv": [
            7.25,
            1.25,
            8.75,
            2.75
          ],
          "texture": "#sword_0"
        },
        "south": {
          "uv": [
            7.25,
            1.25,
            8.75,
            2.75
          ],
          "texture": "#sword_0"
        },
        "up": {
          "uv": [
            11.75,
            9.75,
            12,
            3
          ],
          "rotation": 90,
          "texture": "#sword_0"
        },
        "down": {
          "uv": [
            5.75,
            1.25,
            7.25,
            2.75
          ],
          "texture": "#sword_0"
        }
      }
    },
    {
      "from": [
        9.46008,
        6.32038,
        7.93512
      ],
      "to": [
        10.56396,
        7.79613,
        8.06512
      ],
      "rotation": {
        "angle": 22.5,
        "axis": "z",
        "origin": [
          10.01202,
          7.05826,
          8.00012
        ]
      },
      "faces": {
        "north": {
          "uv": [
            7.25,
            1.25,
            8.75,
            2.75
          ],
          "texture": "#sword_0"
        },
        "south": {
          "uv": [
            7.25,
            1.25,
            8.75,
            2.75
          ],
          "texture": "#sword_0"
        },
        "up": {
          "uv": [
            7.25,
            1.25,
            8.75,
            2.75
          ],
          "texture": "#sword_0"
        },
        "down": {
          "uv": [
            5.75,
            1.25,
            7.25,
            2.75
          ],
          "texture": "#sword_0"
        }
      }
    },
    {
      "from": [
        10.19975,
        7.14158,
        7.80057
      ],
      "to": [
        11.3805,
        13.01295,
        8.19837
      ],
      "rotation": {
        "angle": 22.5,
        "axis": "z",
        "origin": [
          10.84013,
          7.73758,
          8.03405
        ]
      },
      "faces": {
        "north": {
          "uv": [
            12.25,
            9.5,
            11.75,
            3.125
          ],
          "rotation": 180,
          "texture": "#sword_0"
        },
        "east": {
          "uv": [
            11.75,
            9.5,
            12,
            3
          ],
          "rotation": 180,
          "texture": "#sword_0"
        },
        "south": {
          "uv": [
            11.75,
            9.5,
            12.25,
            3.125
          ],
          "rotation": 180,
          "texture": "#sword_0"
        },
        "west": {
          "uv": [
            12,
            3,
            11.75,
            9.75
          ],
          "rotation": 180,
          "texture": "#sword_0"
        },
        "down": {
          "uv": [
            7.25,
            8.75,
            8.75,
            7.25
          ],
          "rotation": 180,
          "texture": "#sword_0"
        }
      }
    },
    {
      "from": [
        10.31902,
        7.00141,
        7.63768
      ],
      "to": [
        11.24039,
        7.75216,
        8.36178
      ],
      "rotation": {
        "angle": 45,
        "axis": "z",
        "origin": [
          10.86502,
          7.37679,
          8.03405
        ]
      },
      "faces": {
        "north": {
          "uv": [
            7.25,
            4.25,
            8.75,
            5.75
          ],
          "texture": "#sword_0"
        },
        "east": {
          "uv": [
            7.25,
            4.25,
            8.75,
            5.75
          ],
          "texture": "#sword_0"
        },
        "south": {
          "uv": [
            7.25,
            4.25,
            8.75,
            5.75
          ],
          "texture": "#sword_0"
        },
        "west": {
          "uv": [
            7.25,
            4.25,
            8.75,
            5.75
          ],
          "texture": "#sword_0"
        },
        "up": {
          "uv": [
            7.25,
            4.25,
            8.75,
            5.75
          ],
          "texture": "#sword_0"
        },
        "down": {
          "uv": [
            7.25,
            4.25,
            8.75,
            5.75
          ],
          "texture": "#sword_0"
        }
      }
    },
    {
      "from": [
        10.33561,
        6.94225,
        7.76807
      ],
      "to": [
        11.28698,
        7.758,
        8.23217
      ],
      "rotation": {
        "angle": 45,
        "axis": "z",
        "origin": [
          10.87911,
          7.44762,
          8.03444
        ]
      },
      "faces": {
        "north": {
          "uv": [
            7.25,
            2.75,
            8.75,
            4.25
          ],
          "texture": "#sword_0"
        },
        "east": {
          "uv": [
            7.25,
            2.75,
            8.75,
            4.25
          ],
          "texture": "#sword_0"
        },
        "south": {
          "uv": [
            7.25,
            2.75,
            8.75,
            4.25
          ],
          "texture": "#sword_0"
        },
        "west": {
          "uv": [
            7.25,
            2.75,
            8.75,
            4.25
          ],
          "texture": "#sword_0"
        },
        "up": {
          "uv": [
            7.25,
            2.75,
            8.75,
            4.25
          ],
          "texture": "#sword_0"
        },
        "down": {
          "uv": [
            7.25,
            2.75,
            8.75,
            4.25
          ],
          "texture": "#sword_0"
        }
      }
    },
    {
      "from": [
        9.70791,
        6.55305,
        7.63755
      ],
      "to": [
        10.62929,
        7.3038,
        8.3623
      ],
      "rotation": {
        "angle": 22.5,
        "axis": "z",
        "origin": [
          10.25391,
          6.92843,
          8.03405
        ]
      },
      "faces": {
        "north": {
          "uv": [
            7.25,
            4.25,
            8.75,
            5.75
          ],
          "texture": "#sword_0"
        },
        "east": {
          "uv": [
            7.25,
            4.25,
            8.75,
            5.75
          ],
          "texture": "#sword_0"
        },
        "south": {
          "uv": [
            7.25,
            4.25,
            8.75,
            5.75
          ],
          "texture": "#sword_0"
        },
        "west": {
          "uv": [
            7.25,
            4.25,
            8.75,
            5.75
          ],
          "texture": "#sword_0"
        },
        "up": {
          "uv": [
            7.25,
            4.25,
            8.75,
            5.75
          ],
          "texture": "#sword_0"
        },
        "down": {
          "uv": [
            7.25,
            4.25,
            8.75,
            5.75
          ],
          "texture": "#sword_0"
        }
      }
    },
    {
      "from": [
        9.55791,
        6.48055,
        7.73505
      ],
      "to": [
        10.72679,
        7.8263,
        8.2648
      ],
      "rotation": {
        "angle": 22.5,
        "axis": "z",
        "origin": [
          10.25391,
          6.95343,
          8.03405
        ]
      },
      "faces": {
        "north": {
          "uv": [
            7.25,
            4.25,
            8.75,
            5.75
          ],
          "texture": "#sword_0"
        },
        "east": {
          "uv": [
            7.25,
            2.75,
            8.75,
            4.25
          ],
          "texture": "#sword_0"
        },
        "south": {
          "uv": [
            7.25,
            4.25,
            8.75,
            5.75
          ],
          "texture": "#sword_0"
        },
        "west": {
          "uv": [
            7.25,
            2.75,
            8.75,
            4.25
          ],
          "texture": "#sword_0"
        },
        "up": {
          "uv": [
            7.25,
            2.75,
            8.75,
            4.25
          ],
          "texture": "#sword_0"
        },
        "down": {
          "uv": [
            7.25,
            2.75,
            8.75,
            4.25
          ],
          "texture": "#sword_0"
        }
      }
    },
    {
      "from": [
        9.23045,
        5.88942,
        7.63414
      ],
      "to": [
        9.9812,
        6.9108,
        8.36571
      ],
      "rotation": {
        "angle": -45,
        "axis": "z",
        "origin": [
          9.60583,
          6.53542,
          7.99992
        ]
      },
      "faces": {
        "north": {
          "uv": [
            7.25,
            7.25,
            8.75,
            8.75
          ],
          "texture": "#sword_0"
        },
        "east": {
          "uv": [
            7.25,
            7.25,
            8.75,
            8.75
          ],
          "texture": "#sword_0"
        },
        "south": {
          "uv": [
            7.25,
            7.25,
            8.75,
            8.75
          ],
          "texture": "#sword_0"
        },
        "west": {
          "uv": [
            7.25,
            5.75,
            8.75,
            7.25
          ],
          "texture": "#sword_0"
        },
        "up": {
          "uv": [
            7.25,
            5.75,
            8.75,
            7.25
          ],
          "texture": "#sword_0"
        },
        "down": {
          "uv": [
            7.25,
            5.75,
            8.75,
            7.25
          ],
          "texture": "#sword_0"
        }
      }
    },
    {
      "from": [
        8.71545,
        5.88942,
        7.76414
      ],
      "to": [
        10.0462,
        6.9758,
        8.23571
      ],
      "rotation": {
        "angle": -45,
        "axis": "z",
        "origin": [
          9.60583,
          6.53542,
          7.99992
        ]
      },
      "faces": {
        "north": {
          "uv": [
            7.25,
            5.75,
            8.75,
            7.25
          ],
          "texture": "#sword_0"
        },
        "east": {
          "uv": [
            7.25,
            2.75,
            8.75,
            4.25
          ],
          "texture": "#sword_0"
        },
        "south": {
          "uv": [
            7.25,
            5.75,
            8.75,
            7.25
          ],
          "texture": "#sword_0"
        },
        "west": {
          "uv": [
            7.25,
            2.75,
            8.75,
            4.25
          ],
          "texture": "#sword_0"
        },
        "up": {
          "uv": [
            7.25,
            2.75,
            8.75,
            4.25
          ],
          "texture": "#sword_0"
        },
        "down": {
          "uv": [
            7.25,
            2.75,
            8.75,
            4.25
          ],
          "texture": "#sword_0"
        }
      }
    },
    {
      "from": [
        9.15143,
        6.91556,
        7.9096
      ],
      "to": [
        10.58218,
        12.86694,
        8.0896
      ],
      "rotation": {
        "angle": 22.5,
        "axis": "z",
        "origin": [
          9.8668,
          9.89125,
          7.9996
        ]
      },
      "faces": {
        "north": {
          "uv": [
            12,
            9.25,
            11.625,
            3.125
          ],
          "rotation": 180,
          "texture": "#sword_0"
        },
        "east": {
          "uv": [
            5.75,
            1.25,
            7.25,
            2.75
          ],
          "texture": "#sword_0"
        },
        "south": {
          "uv": [
            11.625,
            9.25,
            12,
            3.125
          ],
          "rotation": 180,
          "texture": "#sword_0"
        },
        "west": {
          "uv": [
            7.25,
            1.25,
            8.75,
            2.75
          ],
          "texture": "#sword_0"
        },
        "down": {
          "uv": [
            5.75,
            1.25,
            7.25,
            2.75
          ],
          "texture": "#sword_0"
        }
      }
    },
    {
      "from": [
        7.65712,
        12.4744,
        7.63346
      ],
      "to": [
        8.59787,
        13.41515,
        8.36912
      ],
      "rotation": {
        "angle": 45,
        "axis": "z",
        "origin": [
          8.5,
          13.31728,
          7.99992
        ]
      },
      "faces": {
        "north": {
          "uv": [
            5.75,
            1.25,
            7.25,
            2.75
          ],
          "texture": "#sword_0"
        },
        "east": {
          "uv": [
            5.75,
            1.25,
            7.25,
            2.75
          ],
          "texture": "#sword_0"
        },
        "south": {
          "uv": [
            5.75,
            1.25,
            7.25,
            2.75
          ],
          "texture": "#sword_0"
        },
        "west": {
          "uv": [
            5.75,
            1.25,
            7.25,
            2.75
          ],
          "texture": "#sword_0"
        },
        "up": {
          "uv": [
            5.75,
            1.25,
            7.25,
            2.75
          ],
          "texture": "#sword_0"
        },
        "down": {
          "uv": [
            5.75,
            1.25,
            7.25,
            2.75
          ],
          "texture": "#sword_0"
        }
      }
    },
    {
      "from": [
        7.60712,
        5.7494,
        7.40846
      ],
      "to": [
        8.64787,
        6.79015,
        8.59412
      ],
      "rotation": {
        "angle": 45,
        "axis": "z",
        "origin": [
          8.5,
          6.64228,
          7.99992
        ]
      },
      "faces": {
        "north": {
          "uv": [
            7.25,
            5.75,
            8.75,
            7.25
          ],
          "texture": "#sword_0"
        },
        "east": {
          "uv": [
            8.5,
            5.75,
            8.25,
            6
          ],
          "texture": "#sword_0"
        },
        "south": {
          "uv": [
            8.75,
            5.75,
            7.25,
            7.25
          ],
          "texture": "#sword_0"
        },
        "west": {
          "uv": [
            7.25,
            5.75,
            8.75,
            7.25
          ],
          "texture": "#sword_0"
        },
        "up": {
          "uv": [
            8.5,
            5.75,
            8.25,
            6
          ],
          "texture": "#sword_0"
        },
        "down": {
          "uv": [
            7.25,
            5.75,
            8.75,
            7.25
          ],
          "texture": "#sword_0"
        }
      }
    },
    {
      "from": [
        7.59962,
        12.3744,
        7.79595
      ],
      "to": [
        8.75537,
        13.53015,
        8.20662
      ],
      "rotation": {
        "angle": 45,
        "axis": "z",
        "origin": [
          8.5,
          13.27478,
          7.99992
        ]
      },
      "faces": {
        "north": {
          "uv": [
            5.75,
            1.25,
            7.25,
            2.75
          ],
          "texture": "#sword_0"
        },
        "east": {
          "uv": [
            5.75,
            1.25,
            7.25,
            2.75
          ],
          "texture": "#sword_0"
        },
        "south": {
          "uv": [
            5.75,
            1.25,
            7.25,
            2.75
          ],
          "texture": "#sword_0"
        },
        "west": {
          "uv": [
            5.75,
            1.25,
            7.25,
            2.75
          ],
          "texture": "#sword_0"
        },
        "up": {
          "uv": [
            5.75,
            1.25,
            7.25,
            2.75
          ],
          "texture": "#sword_0"
        }
      }
    }
  ],
  "display": {
    "thirdperson_righthand": {
      "rotation": [
        4,
        -90,
        0
      ],
      "translation": [
        0,
        2,
        0.25
      ],
      "scale": [
        0.6,
        0.6,
        0.6
      ]
    },
    "thirdperson_lefthand": {
      "rotation": [
        4,
        -90,
        0
      ],
      "translation": [
        0,
        2,
        0.25
      ],
      "scale": [
        0.6,
        0.6,
        0.6
      ]
    },
    "firstperson_righthand": {
      "rotation": [
        -10.5,
        -90,
        0
      ],
      "translation": [
        3.5,
        3.75,
        -1.25
      ],
      "scale": [
        0.75,
        1,
        1
      ]
    },
    "firstperson_lefthand": {
      "rotation": [
        -10.5,
        -90,
        0
      ],
      "translation": [
        3.5,
        3.75,
        -1.25
      ],
      "scale": [
        0.75,
        1,
        1
      ]
    },
    "ground": {
      "rotation": [
        0,
        0,
        -45
      ],
      "translation": [
        0,
        3,
        0
      ],
      "scale": [
        0.75,
        0.75,
        0.75
      ]
    },
    "gui": {
      "rotation": [
        0,
        0,
        -45
      ],
      "translation": [
        2.75,
        2.85,
        0
      ]
    },
    "head": {
      "rotation": [
        0,
        0,
        140
      ],
      "translation": [
        7,
        6.75,
        0.75
      ],
      "scale": [
        0.6,
        0.6,
        0.6
      ]
    },
    "fixed": {
      "rotation": [
        0,
        -180,
        -45
      ],
      "translation": [
        -2.25,
        2.75,
        0.75
      ]
    }
  },
  "groups": [
    {
      "name": "handle",
      "origin": [
        1.2,
        15.9,
        0
      ],
      "color": 0,
      "children": [
        0,
        1,
        2
      ]
    },
    {
      "name": "hole",
      "origin": [
        8.46488,
        6.05509,
        7.92994
      ],
      "color": 0,
      "children": [
        3,
        4,
        5,
        6,
        7,
        8,
        9,
        10,
        11,
        12,
        13,
        14,
        15,
        16,
        17,
        18
      ]
    },
    {
      "name": "blade",
      "origin": [
        8.3853,
        2.37664,
        7.95
      ],
      "color": 0,
      "children": [
        19,
        20,
        21,
        22,
        23,
        24,
        25,
        26,
        27,
        28,
        29,
        30,
        31,
        32,
        33,
        34,
        35,
        36,
        37,
        38,
        39,
        40,
        41,
        42,
        43,
        44,
        45,
        46,
        47,
        48,
        49,
        50,
        51,
        52,
        53
      ]
    }
  ]
}