{
  "credit": "Made By AtPoe",
  "parent": "block/block",
  "elements": [
    {
      "from": [
        5,
        0,
        5
      ],
      "to": [
        11,
        7,
        11
      ],
      "faces": {
        "north": {
          "uv": [
            0,
            2,
            7,
            9
          ],
          "texture": "#1"
        },
        "east": {
          "uv": [
            0,
            2,
            7,
            9
          ],
          "texture": "#1"
        },
        "south": {
          "uv": [
            0,
            2,
            7,
            9
          ],
          "texture": "#1"
        },
        "west": {
          "uv": [
            0,
            2,
            7,
            9
          ],
          "texture": "#1"
        },
        "up": {
          "uv": [
            0,
            9,
            7,
            16
          ],
          "texture": "#1"
        },
        "down": {
          "uv": [
            0,
            9,
            7,
            16
          ],
          "texture": "#1",
          "cullface": "down"
        }
      }
    },
    {
      "from": [
        6,
        7,
        6
      ],
      "to": [
        10,
        9,
        10
      ],
      "faces": {
        "north": {
          "uv": [
            1,
            0,
            6,
            2
          ],
          "texture": "#1"
        },
        "east": {
          "uv": [
            1,
            0,
            6,
            2
          ],
          "texture": "#1"
        },
        "south": {
          "uv": [
            1,
            0,
            6,
            2
          ],
          "texture": "#1"
        },
        "west": {
          "uv": [
            1,
            0,
            6,
            2
          ],
          "texture": "#1"
        },
        "up": {
          "uv": [
            1,
            10,
            6,
            15
          ],
          "texture": "#1"
        }
      }
    },
    {
      "from": [
        6.5,
        9,
        8
      ],
      "to": [
        9.5,
        11,
        8
      ],
      "shade": false,
      "rotation": {
        "angle": 45,
        "axis": "y",
        "origin": [
          8,
          8,
          8
        ]
      },
      "faces": {
        "north": {
          "uv": [
            11,
            1,
            14,
            3
          ],
          "texture": "#1"
        },
        "south": {
          "uv": [
            11,
            1,
            14,
            3
          ],
          "texture": "#1"
        }
      }
    },
    {
      "from": [
        8,
        9,
        6.5
      ],
      "to": [
        8,
        11,
        9.5
      ],
      "shade": false,
      "rotation": {
        "angle": 45,
        "axis": "y",
        "origin": [
          8,
          8,
          8
        ]
      },
      "faces": {
        "east": {
          "uv": [
            11,
            10,
            14,
            12
          ],
          "texture": "#1"
        },
        "west": {
          "uv": [
            11,
            10,
            14,
            12
          ],
          "texture": "#1"
        }
      }
    }
  ],
  "display": {
    "thirdperson_righthand": {
      "rotation": [
        90,
        0,
        0
      ],
      "translation": [
        0.5,
        -1.75,
        -2.25
      ],
      "scale": [
        0.6,
        0.6,
        0.6
      ]
    },
    "thirdperson_lefthand": {
      "rotation": [
        90,
        0,
        0
      ],
      "translation": [
        0.5,
        -1.75,
        -2.25
      ],
      "scale": [
        0.6,
        0.6,
        0.6
      ]
    },
    "firstperson_righthand": {
      "translation": [
        3.75,
        4.75,
        0
      ],
      "scale": [
        0.75,
        0.75,
        0.75
      ]
    },
    "firstperson_lefthand": {
      "translation": [
        11.5,
        3,
        0
      ],
      "scale": [
        0.75,
        0.75,
        0.75
      ]
    },
    "gui": {
      "translation": [
        0,
        2.5,
        0
      ],
      "scale": [
        1.4,
        1.2,
        1
      ]
    },
    "head": {
      "translation": [
        0,
        14.5,
        0
      ]
    },
    "fixed": {
      "translation": [
        0,
        1,
        0
      ]
    }
  },
  "groups": [
    {
      "name": "Lantern_of_Poe",
      "origin": [
        8,
        8,
        8
      ],
      "color": 0,
      "children": [
        0,
        1,
        2,
        3
      ]
    }
  ]
}