{
  "credit": "Made By AtPoe",
  "texture_size": [
    64,
    64
  ],
  "elements": [
    {
      "from": [
        5.96361,
        12.84776,
        6.725
      ],
      "to": [
        8.46361,
        13.84776,
        9.275
      ],
      "rotation": {
        "angle": 0,
        "axis": "y",
        "origin": [
          10.13949,
          9.84776,
          8
        ]
      },
      "faces": {
        "north": {
          "uv": [
            1.75,
            4,
            2.25,
            4.5
          ],
          "texture": "#2"
        },
        "east": {
          "uv": [
            0.75,
            4,
            1.25,
            4.5
          ],
          "texture": "#2"
        },
        "south": {
          "uv": [
            1.75,
            4,
            2.25,
            4.5
          ],
          "texture": "#2"
        },
        "west": {
          "uv": [
            1.75,
            4,
            2.25,
            4.5
          ],
          "texture": "#2"
        },
        "up": {
          "uv": [
            1.75,
            4,
            2.25,
            4.25
          ],
          "texture": "#2"
        },
        "down": {
          "uv": [
            1.75,
            4.25,
            2.25,
            4.5
          ],
          "texture": "#2"
        }
      }
    },
    {
      "from": [
        9.73924,
        13.26073,
        6.7
      ],
      "to": [
        10.73924,
        14.26073,
        9.3
      ],
      "rotation": {
        "angle": 22.5,
        "axis": "z",
        "origin": [
          10.13949,
          9.84776,
          8
        ]
      },
      "faces": {
        "north": {
          "uv": [
            1.25,
            4.5,
            1.75,
            5
          ],
          "texture": "#2"
        },
        "east": {
          "uv": [
            1.25,
            4.5,
            1.75,
            5
          ],
          "texture": "#2"
        },
        "south": {
          "uv": [
            1.25,
            4.5,
            1.75,
            5
          ],
          "texture": "#2"
        },
        "west": {
          "uv": [
            1.25,
            4.5,
            1.75,
            5
          ],
          "texture": "#2"
        },
        "up": {
          "uv": [
            1.25,
            4.5,
            1.75,
            5
          ],
          "texture": "#2"
        },
        "down": {
          "uv": [
            1.25,
            4.75,
            1.75,
            5
          ],
          "texture": "#2"
        }
      }
    },
    {
      "from": [
        9.73923,
        5.43479,
        6.7
      ],
      "to": [
        10.73923,
        6.43479,
        9.3
      ],
      "rotation": {
        "angle": -22.5,
        "axis": "z",
        "origin": [
          10.13949,
          9.84776,
          8
        ]
      },
      "faces": {
        "north": {
          "uv": [
            1.25,
            5,
            1.75,
            4.5
          ],
          "texture": "#2"
        },
        "east": {
          "uv": [
            1.75,
            5,
            1.25,
            4.5
          ],
          "texture": "#2"
        },
        "south": {
          "uv": [
            1.25,
            5,
            1.75,
            4.5
          ],
          "texture": "#2"
        },
        "west": {
          "uv": [
            1.25,
            4.5,
            1.75,
            5
          ],
          "texture": "#2"
        },
        "up": {
          "uv": [
            1.25,
            4.75,
            1.75,
            5
          ],
          "texture": "#2"
        },
        "down": {
          "uv": [
            1.25,
            4.5,
            1.75,
            5
          ],
          "texture": "#2"
        }
      }
    },
    {
      "from": [
        6.44314,
        11.97807,
        6.75
      ],
      "to": [
        7.44314,
        17.97807,
        9.25
      ],
      "rotation": {
        "angle": -22.5,
        "axis": "z",
        "origin": [
          10.13949,
          9.84776,
          8
        ]
      },
      "faces": {
        "north": {
          "uv": [
            1.25,
            4,
            0.75,
            4.5
          ],
          "texture": "#2"
        },
        "east": {
          "uv": [
            1,
            4,
            1.25,
            4.5
          ],
          "texture": "#2"
        },
        "south": {
          "uv": [
            0.75,
            4,
            1.25,
            4.5
          ],
          "texture": "#2"
        },
        "west": {
          "uv": [
            0.75,
            4,
            1,
            4.5
          ],
          "texture": "#2"
        },
        "up": {
          "uv": [
            0.75,
            4,
            1.25,
            4.5
          ],
          "texture": "#2"
        },
        "down": {
          "uv": [
            0.75,
            4,
            1.25,
            4.5
          ],
          "texture": "#2"
        }
      }
    },
    {
      "from": [
        6.44313,
        1.71745,
        6.75
      ],
      "to": [
        7.44313,
        7.71745,
        9.25
      ],
      "rotation": {
        "angle": 22.5,
        "axis": "z",
        "origin": [
          10.13949,
          9.84776,
          8
        ]
      },
      "faces": {
        "north": {
          "uv": [
            1.25,
            4,
            0.75,
            4.5
          ],
          "texture": "#2"
        },
        "east": {
          "uv": [
            1,
            4,
            1.25,
            4.5
          ],
          "texture": "#2"
        },
        "south": {
          "uv": [
            0.75,
            4,
            1.25,
            4.5
          ],
          "texture": "#2"
        },
        "west": {
          "uv": [
            0.75,
            4,
            1,
            4.5
          ],
          "texture": "#2"
        },
        "up": {
          "uv": [
            0.75,
            4,
            1.25,
            4.5
          ],
          "texture": "#2"
        },
        "down": {
          "uv": [
            0.75,
            4,
            1.25,
            4.5
          ],
          "texture": "#2"
        }
      }
    },
    {
      "from": [
        3.61317,
        15.94465,
        7
      ],
      "to": [
        4.61317,
        20.44465,
        9
      ],
      "rotation": {
        "angle": -45,
        "axis": "z",
        "origin": [
          10.13949,
          9.84776,
          8
        ]
      },
      "faces": {
        "north": {
          "uv": [
            1.75,
            4.5,
            1.25,
            4
          ],
          "texture": "#2"
        },
        "east": {
          "uv": [
            1.5,
            4,
            1.75,
            4.5
          ],
          "texture": "#2"
        },
        "south": {
          "uv": [
            1.25,
            4,
            1.75,
            4.5
          ],
          "texture": "#2"
        },
        "west": {
          "uv": [
            0.75,
            4,
            1,
            4.5
          ],
          "texture": "#2"
        },
        "up": {
          "uv": [
            1.25,
            4,
            1.75,
            4.5
          ],
          "texture": "#2"
        },
        "down": {
          "uv": [
            1.25,
            4,
            1.75,
            4.5
          ],
          "texture": "#2"
        }
      }
    },
    {
      "from": [
        3.61315,
        -0.74913,
        7
      ],
      "to": [
        4.61315,
        3.75087,
        9
      ],
      "rotation": {
        "angle": 45,
        "axis": "z",
        "origin": [
          10.13949,
          9.84776,
          8
        ]
      },
      "faces": {
        "north": {
          "uv": [
            1.75,
            4,
            1.25,
            4.5
          ],
          "texture": "#2"
        },
        "east": {
          "uv": [
            1.5,
            4,
            1.75,
            4.5
          ],
          "texture": "#2"
        },
        "south": {
          "uv": [
            1.25,
            4,
            1.75,
            4.5
          ],
          "texture": "#2"
        },
        "west": {
          "uv": [
            0.75,
            4,
            1,
            4.5
          ],
          "texture": "#2"
        },
        "up": {
          "uv": [
            1.25,
            4,
            1.75,
            4.5
          ],
          "texture": "#2"
        },
        "down": {
          "uv": [
            1.25,
            4,
            1.75,
            4.5
          ],
          "texture": "#2"
        }
      }
    },
    {
      "from": [
        8.08909,
        21.75284,
        7.25
      ],
      "to": [
        9.08909,
        26.25284,
        8.75
      ],
      "rotation": {
        "angle": -22.5,
        "axis": "z",
        "origin": [
          10.13949,
          9.84776,
          8
        ]
      },
      "faces": {
        "north": {
          "uv": [
            1.75,
            4,
            1.25,
            4.5
          ],
          "texture": "#2"
        },
        "east": {
          "uv": [
            1.5,
            4,
            1.75,
            4.5
          ],
          "texture": "#2"
        },
        "south": {
          "uv": [
            1.25,
            4,
            1.75,
            4.5
          ],
          "texture": "#2"
        },
        "west": {
          "uv": [
            0.75,
            4,
            1,
            4.5
          ],
          "texture": "#2"
        },
        "up": {
          "uv": [
            1.25,
            4,
            1.75,
            4.5
          ],
          "texture": "#2"
        },
        "down": {
          "uv": [
            1.25,
            4,
            1.75,
            4.5
          ],
          "texture": "#2"
        }
      }
    },
    {
      "from": [
        8.08908,
        -6.55732,
        7.25
      ],
      "to": [
        9.08908,
        -2.05732,
        8.75
      ],
      "rotation": {
        "angle": 22.5,
        "axis": "z",
        "origin": [
          10.13949,
          9.84776,
          8
        ]
      },
      "faces": {
        "north": {
          "uv": [
            1.75,
            4,
            1.25,
            4.5
          ],
          "texture": "#2"
        },
        "east": {
          "uv": [
            1.5,
            4,
            1.75,
            4.5
          ],
          "texture": "#2"
        },
        "south": {
          "uv": [
            1.25,
            4,
            1.75,
            4.5
          ],
          "texture": "#2"
        },
        "west": {
          "uv": [
            0.75,
            4,
            1,
            4.5
          ],
          "texture": "#2"
        },
        "up": {
          "uv": [
            1.25,
            4,
            1.75,
            4.5
          ],
          "texture": "#2"
        },
        "down": {
          "uv": [
            1.25,
            4,
            1.75,
            4.5
          ],
          "texture": "#2"
        }
      }
    },
    {
      "from": [
        19.99689,
        22.19066,
        7.5
      ],
      "to": [
        20.99689,
        25.69066,
        8.5
      ],
      "rotation": {
        "angle": 22.5,
        "axis": "z",
        "origin": [
          10.13949,
          9.84776,
          8
        ]
      },
      "faces": {
        "north": {
          "uv": [
            0.75,
            4.5,
            0.25,
            5
          ],
          "texture": "#2"
        },
        "east": {
          "uv": [
            0.5,
            4.5,
            0.75,
            5
          ],
          "texture": "#2"
        },
        "south": {
          "uv": [
            0.25,
            4.5,
            0.75,
            5
          ],
          "texture": "#2"
        },
        "west": {
          "uv": [
            0.75,
            4,
            1,
            4.5
          ],
          "texture": "#2"
        },
        "up": {
          "uv": [
            1.25,
            4,
            1.75,
            4.5
          ],
          "texture": "#2"
        },
        "down": {
          "uv": [
            1.25,
            4.5,
            1.75,
            5
          ],
          "texture": "#2"
        }
      }
    },
    {
      "from": [
        19.9969,
        -5.99513,
        7.5
      ],
      "to": [
        20.9969,
        -2.49513,
        8.5
      ],
      "rotation": {
        "angle": -22.5,
        "axis": "z",
        "origin": [
          10.13949,
          9.84776,
          8
        ]
      },
      "faces": {
        "north": {
          "uv": [
            0.75,
            4.5,
            0.25,
            5
          ],
          "texture": "#2"
        },
        "east": {
          "uv": [
            0.5,
            4.5,
            0.75,
            5
          ],
          "texture": "#2"
        },
        "south": {
          "uv": [
            0.25,
            4.5,
            0.75,
            5
          ],
          "texture": "#2"
        },
        "west": {
          "uv": [
            0.75,
            4,
            1,
            4.5
          ],
          "texture": "#2"
        },
        "up": {
          "uv": [
            1.25,
            4.5,
            1.75,
            5
          ],
          "texture": "#2"
        },
        "down": {
          "uv": [
            1.25,
            4,
            1.75,
            4.5
          ],
          "texture": "#2"
        }
      }
    },
    {
      "from": [
        5.96361,
        5.84776,
        6.725
      ],
      "to": [
        8.46361,
        6.84776,
        9.275
      ],
      "rotation": {
        "angle": 0,
        "axis": "y",
        "origin": [
          10.13949,
          9.84776,
          8
        ]
      },
      "faces": {
        "north": {
          "uv": [
            1.75,
            4,
            2.25,
            4.5
          ],
          "texture": "#2"
        },
        "east": {
          "uv": [
            0.75,
            4,
            1.25,
            4.5
          ],
          "texture": "#2"
        },
        "south": {
          "uv": [
            1.75,
            4,
            2.25,
            4.5
          ],
          "texture": "#2"
        },
        "west": {
          "uv": [
            1.75,
            4,
            2.25,
            4.5
          ],
          "texture": "#2"
        },
        "up": {
          "uv": [
            1.75,
            4.25,
            2.25,
            4.5
          ],
          "texture": "#2"
        },
        "down": {
          "uv": [
            1.75,
            4,
            2.25,
            4.25
          ],
          "texture": "#2"
        }
      }
    },
    {
      "from": [
        6.46361,
        6.84776,
        7.25
      ],
      "to": [
        7.96361,
        12.84776,
        8.75
      ],
      "rotation": {
        "angle": 0,
        "axis": "y",
        "origin": [
          10.13949,
          9.84776,
          8
        ]
      },
      "faces": {
        "north": {
          "uv": [
            0.5,
            0.75,
            1.25,
            3.5
          ],
          "texture": "#2"
        },
        "east": {
          "uv": [
            0.5,
            0.75,
            1.25,
            3.5
          ],
          "texture": "#2"
        },
        "south": {
          "uv": [
            0.5,
            0.75,
            1.25,
            3.5
          ],
          "texture": "#2"
        },
        "west": {
          "uv": [
            0.5,
            0.75,
            1.25,
            3.5
          ],
          "texture": "#2"
        }
      }
    },
    {
      "from": [
        4.98173,
        12.04091,
        7.025
      ],
      "to": [
        6.98173,
        18.04091,
        8.975
      ],
      "rotation": {
        "angle": -22.5,
        "axis": "z",
        "origin": [
          10.13949,
          9.84776,
          8
        ]
      },
      "faces": {
        "north": {
          "uv": [
            1.5,
            0.5,
            2.25,
            2.75
          ],
          "texture": "#2"
        },
        "east": {
          "uv": [
            1.5,
            0.5,
            2.25,
            2.75
          ],
          "texture": "#2"
        },
        "south": {
          "uv": [
            1.5,
            0.5,
            2.25,
            2.75
          ],
          "texture": "#2"
        },
        "west": {
          "uv": [
            1.5,
            0.5,
            2.25,
            2.75
          ],
          "texture": "#2"
        },
        "up": {
          "uv": [
            1.5,
            0.5,
            2.25,
            0.75
          ],
          "texture": "#2"
        },
        "down": {
          "uv": [
            1.5,
            0.5,
            2.25,
            2.75
          ],
          "texture": "#2"
        }
      }
    },
    {
      "from": [
        4.98172,
        1.65461,
        7.025
      ],
      "to": [
        6.98172,
        7.65461,
        8.975
      ],
      "rotation": {
        "angle": 22.5,
        "axis": "z",
        "origin": [
          10.13949,
          9.84776,
          8
        ]
      },
      "faces": {
        "north": {
          "uv": [
            1.5,
            2.75,
            2.25,
            0.5
          ],
          "texture": "#2"
        },
        "east": {
          "uv": [
            1.5,
            2.75,
            2.25,
            0.5
          ],
          "texture": "#2"
        },
        "south": {
          "uv": [
            1.5,
            2.75,
            2.25,
            0.5
          ],
          "texture": "#2"
        },
        "west": {
          "uv": [
            1.5,
            2.75,
            2.25,
            0.5
          ],
          "texture": "#2"
        },
        "up": {
          "uv": [
            1.5,
            0.5,
            2.25,
            0.75
          ],
          "texture": "#2"
        },
        "down": {
          "uv": [
            1.5,
            2.75,
            2.25,
            0.5
          ],
          "texture": "#2"
        }
      }
    },
    {
      "from": [
        2.48894,
        15.44346,
        7.25
      ],
      "to": [
        4.23894,
        20.44346,
        8.75
      ],
      "rotation": {
        "angle": -45,
        "axis": "z",
        "origin": [
          10.13949,
          9.84776,
          8
        ]
      },
      "faces": {
        "north": {
          "uv": [
            3.5,
            3,
            1.5,
            3.75
          ],
          "rotation": 90,
          "texture": "#2"
        },
        "east": {
          "uv": [
            3.5,
            3,
            1.5,
            3.75
          ],
          "rotation": 90,
          "texture": "#2"
        },
        "south": {
          "uv": [
            3.5,
            3,
            1.5,
            3.75
          ],
          "rotation": 90,
          "texture": "#2"
        },
        "west": {
          "uv": [
            3.5,
            3,
            1.5,
            3.75
          ],
          "rotation": 90,
          "texture": "#2"
        },
        "up": {
          "uv": [
            3.5,
            3,
            1.5,
            3.75
          ],
          "rotation": 90,
          "texture": "#2"
        },
        "down": {
          "uv": [
            3.5,
            3,
            1.5,
            3.75
          ],
          "rotation": 90,
          "texture": "#2"
        }
      }
    },
    {
      "from": [
        2.48894,
        -0.74793,
        7.25
      ],
      "to": [
        4.23894,
        4.25207,
        8.75
      ],
      "rotation": {
        "angle": 45,
        "axis": "z",
        "origin": [
          10.13949,
          9.84776,
          8
        ]
      },
      "faces": {
        "north": {
          "uv": [
            1.5,
            3,
            3.5,
            3.75
          ],
          "rotation": 90,
          "texture": "#2"
        },
        "east": {
          "uv": [
            1.5,
            3,
            3.5,
            3.75
          ],
          "rotation": 90,
          "texture": "#2"
        },
        "south": {
          "uv": [
            1.5,
            3,
            3.5,
            3.75
          ],
          "rotation": 90,
          "texture": "#2"
        },
        "west": {
          "uv": [
            1.5,
            3,
            3.5,
            3.75
          ],
          "rotation": 90,
          "texture": "#2"
        },
        "up": {
          "uv": [
            1.5,
            3,
            3.5,
            3.75
          ],
          "rotation": 90,
          "texture": "#2"
        },
        "down": {
          "uv": [
            1.5,
            3,
            3.5,
            3.75
          ],
          "rotation": 90,
          "texture": "#2"
        }
      }
    },
    {
      "from": [
        7.2429,
        21.89494,
        7.5
      ],
      "to": [
        8.7429,
        25.89494,
        8.5
      ],
      "rotation": {
        "angle": -22.5,
        "axis": "z",
        "origin": [
          10.13949,
          9.84776,
          8
        ]
      },
      "faces": {
        "north": {
          "uv": [
            1.5,
            0.5,
            2.25,
            2.75
          ],
          "texture": "#2"
        },
        "east": {
          "uv": [
            1.5,
            0.5,
            2.25,
            2.75
          ],
          "texture": "#2"
        },
        "south": {
          "uv": [
            1.5,
            0.5,
            2.25,
            2.75
          ],
          "texture": "#2"
        },
        "west": {
          "uv": [
            1.5,
            0.5,
            2.25,
            2.75
          ],
          "texture": "#2"
        },
        "up": {
          "uv": [
            1.5,
            0.5,
            2.25,
            2.75
          ],
          "texture": "#2"
        },
        "down": {
          "uv": [
            1.5,
            0.5,
            2.25,
            2.75
          ],
          "texture": "#2"
        }
      }
    },
    {
      "from": [
        7.24289,
        -6.19942,
        7.5
      ],
      "to": [
        8.74289,
        -2.19942,
        8.5
      ],
      "rotation": {
        "angle": 22.5,
        "axis": "z",
        "origin": [
          10.13949,
          9.84776,
          8
        ]
      },
      "faces": {
        "north": {
          "uv": [
            1.5,
            2.75,
            2.25,
            0.5
          ],
          "texture": "#2"
        },
        "east": {
          "uv": [
            1.5,
            2.75,
            2.25,
            0.5
          ],
          "texture": "#2"
        },
        "south": {
          "uv": [
            1.5,
            2.75,
            2.25,
            0.5
          ],
          "texture": "#2"
        },
        "west": {
          "uv": [
            1.5,
            2.75,
            2.25,
            0.5
          ],
          "texture": "#2"
        },
        "up": {
          "uv": [
            1.5,
            2.75,
            2.25,
            0.5
          ],
          "texture": "#2"
        },
        "down": {
          "uv": [
            1.5,
            2.75,
            2.25,
            0.5
          ],
          "texture": "#2"
        }
      }
    },
    {
      "from": [
        19.24902,
        22.18237,
        7.75
      ],
      "to": [
        20.49902,
        25.18237,
        8.25
      ],
      "rotation": {
        "angle": 22.5,
        "axis": "z",
        "origin": [
          10.13949,
          9.84776,
          8
        ]
      },
      "faces": {
        "north": {
          "uv": [
            3,
            3,
            1.5,
            3.75
          ],
          "rotation": 90,
          "texture": "#2"
        },
        "east": {
          "uv": [
            3,
            3,
            1.5,
            3.75
          ],
          "rotation": 90,
          "texture": "#2"
        },
        "south": {
          "uv": [
            3,
            3,
            1.5,
            3.75
          ],
          "rotation": 90,
          "texture": "#2"
        },
        "west": {
          "uv": [
            3,
            3,
            1.5,
            3.75
          ],
          "rotation": 90,
          "texture": "#2"
        },
        "up": {
          "uv": [
            3,
            3,
            1.5,
            3.75
          ],
          "rotation": 90,
          "texture": "#2"
        },
        "down": {
          "uv": [
            3,
            3,
            1.5,
            3.75
          ],
          "rotation": 90,
          "texture": "#2"
        }
      }
    },
    {
      "from": [
        19.24903,
        -5.48685,
        7.75
      ],
      "to": [
        20.49903,
        -2.48685,
        8.25
      ],
      "rotation": {
        "angle": -22.5,
        "axis": "z",
        "origin": [
          10.13949,
          9.84776,
          8
        ]
      },
      "faces": {
        "north": {
          "uv": [
            1.5,
            3,
            3,
            3.75
          ],
          "rotation": 90,
          "texture": "#2"
        },
        "east": {
          "uv": [
            1.5,
            3,
            3,
            3.75
          ],
          "rotation": 90,
          "texture": "#2"
        },
        "south": {
          "uv": [
            1.5,
            3,
            3,
            3.75
          ],
          "rotation": 90,
          "texture": "#2"
        },
        "west": {
          "uv": [
            1.5,
            3,
            3,
            3.75
          ],
          "rotation": 90,
          "texture": "#2"
        },
        "up": {
          "uv": [
            1.5,
            3,
            3,
            3.75
          ],
          "rotation": 90,
          "texture": "#2"
        },
        "down": {
          "uv": [
            1.5,
            3,
            3,
            3.75
          ],
          "rotation": 90,
          "texture": "#2"
        }
      }
    },
    {
      "name": "string-low",
      "from": [
        14.60741,
        -4.96801,
        7.995
      ],
      "to": [
        14.99741,
        9.39699,
        8.035
      ],
      "rotation": {
        "angle": 0,
        "axis": "y",
        "origin": [
          14.80241,
          2.21449,
          8.015
        ]
      },
      "faces": {
        "north": {
          "uv": [
            3.75,
            10.75,
            8,
            11
          ],
          "rotation": 90,
          "texture": "#2"
        },
        "east": {
          "uv": [
            3.75,
            10.75,
            8,
            11
          ],
          "rotation": 90,
          "texture": "#2"
        },
        "south": {
          "uv": [
            3.75,
            10.75,
            8,
            11
          ],
          "rotation": 90,
          "texture": "#2"
        },
        "west": {
          "uv": [
            3.75,
            10.75,
            8,
            11
          ],
          "rotation": 90,
          "texture": "#2"
        },
        "up": {
          "uv": [
            3.75,
            10.75,
            8,
            11
          ],
          "rotation": 90,
          "texture": "#2"
        },
        "down": {
          "uv": [
            3.75,
            10.75,
            8,
            11
          ],
          "rotation": 90,
          "texture": "#2"
        }
      }
    },
    {
      "name": "string-high",
      "from": [
        14.60741,
        9.10301,
        8
      ],
      "to": [
        14.99741,
        24.44301,
        8.04
      ],
      "rotation": {
        "angle": 0,
        "axis": "y",
        "origin": [
          14.80241,
          25.62301,
          8.001
        ]
      },
      "faces": {
        "north": {
          "uv": [
            3.75,
            10.75,
            8,
            11
          ],
          "rotation": 90,
          "texture": "#2"
        },
        "east": {
          "uv": [
            3.75,
            10.75,
            8,
            11
          ],
          "rotation": 90,
          "texture": "#2"
        },
        "south": {
          "uv": [
            3.75,
            10.75,
            8,
            11
          ],
          "rotation": 90,
          "texture": "#2"
        },
        "west": {
          "uv": [
            3.75,
            10.75,
            8,
            11
          ],
          "rotation": 90,
          "texture": "#2"
        },
        "up": {
          "uv": [
            3.75,
            10.75,
            8,
            11
          ],
          "rotation": 90,
          "texture": "#2"
        },
        "down": {
          "uv": [
            3.75,
            10.75,
            8,
            11
          ],
          "rotation": 90,
          "texture": "#2"
        }
      }
    }
  ],
  "gui_light": "front",
  "display": {
    "thirdperson_righthand": {
      "rotation": [
        -30,
        -95,
        -30
      ],
      "translation": [
        -1,
        -3.5,
        0.25
      ],
      "scale": [
        0.65,
        0.75,
        0.75
      ]
    },
    "thirdperson_lefthand": {
      "rotation": [
        30,
        95,
        -30
      ],
      "translation": [
        -1,
        -3.5,
        0.25
      ],
      "scale": [
        0.65,
        0.75,
        0.75
      ]
    },
    "firstperson_righthand": {
      "rotation": [
        80.33,
        -82.65,
        75.01
      ],
      "translation": [
        1,
        5,
        -0.5
      ],
      "scale": [
        0.65,
        0.75,
        0.75
      ]
    },
    "firstperson_lefthand": {
      "rotation": [
        -78.4,
        83.87,
        83.82
      ],
      "translation": [
        1,
        5,
        -0.25
      ],
      "scale": [
        0.65,
        0.75,
        0.75
      ]
    },
    "ground": {
      "rotation": [
        0,
        0,
        -45
      ],
      "translation": [
        0,
        3,
        0
      ],
      "scale": [
        0.5,
        0.65,
        0.65
      ]
    },
    "gui": {
      "rotation": [
        0,
        0,
        -45
      ],
      "translation": [
        -3.5,
        1.75,
        -0.75
      ],
      "scale": [
        0.65,
        0.57,
        0.75
      ]
    },
    "head": {
      "rotation": [
        0,
        0,
        -90
      ],
      "translation": [
        -1,
        9,
        0.75
      ],
      "scale": [
        0.6,
        0.6,
        0.6
      ]
    },
    "fixed": {
      "rotation": [
        0,
        0,
        -135
      ],
      "translation": [
        1.75,
        3.5,
        0.5
      ],
      "scale": [
        0.65,
        0.75,
        0.75
      ]
    }
  },
  "groups": [
    {
      "name": "bow",
      "origin": [
        8,
        8,
        8
      ],
      "color": 0,
      "children": [
        {
          "name": "bow",
          "origin": [
            5.64912,
            9.84776,
            8
          ],
          "color": 0,
          "children": [
            0,
            1,
            2,
            3,
            4,
            5,
            6,
            7,
            8,
            9,
            10,
            11,
            12,
            13,
            14,
            15,
            16,
            17,
            18,
            19,
            20
          ]
        },
        {
          "name": "string",
          "origin": [
            8,
            8,
            8
          ],
          "color": 0,
          "children": [
            21,
            22
          ]
        }
      ]
    }
  ]
}