{
  "credit": "Made By AtPoe",
  "texture_size": [
    64,
    64
  ],
  "elements": [
    {
      "from": [
        7,
        -6,
        7
      ],
      "to": [
        9,
        10,
        9
      ],
      "rotation": {
        "angle": 0,
        "axis": "y",
        "origin": [
          0,
          24,
          0
        ]
      },
      "faces": {
        "north": {
          "uv": [
            12.75,
            10.25,
            12,
            13.25
          ],
          "texture": "#mace_0"
        },
        "east": {
          "uv": [
            12.75,
            10.25,
            12,
            13.25
          ],
          "texture": "#mace_0"
        },
        "south": {
          "uv": [
            12.75,
            10.25,
            12,
            13.25
          ],
          "texture": "#mace_0"
        },
        "west": {
          "uv": [
            12.75,
            10.25,
            12,
            13.25
          ],
          "texture": "#mace_0"
        }
      }
    },
    {
      "from": [
        6.325,
        9.4,
        6.3
      ],
      "to": [
        9.725,
        10.275,
        9.7
      ],
      "rotation": {
        "angle": 0,
        "axis": "y",
        "origin": [
          0.475,
          30.525,
          0
        ]
      },
      "faces": {
        "north": {
          "uv": [
            13.25,
            9.75,
            11.5,
            10.5
          ],
          "texture": "#mace_0"
        },
        "east": {
          "uv": [
            13.25,
            9.75,
            11.5,
            10.5
          ],
          "texture": "#mace_0"
        },
        "south": {
          "uv": [
            13.25,
            9.75,
            11.5,
            10.5
          ],
          "texture": "#mace_0"
        },
        "west": {
          "uv": [
            13.25,
            9.75,
            11.5,
            10.5
          ],
          "texture": "#mace_0"
        },
        "up": {
          "uv": [
            12,
            10.25,
            11.25,
            10.5
          ],
          "texture": "#mace_0"
        },
        "down": {
          "uv": [
            13.25,
            10.25,
            13,
            10.5
          ],
          "texture": "#mace_0"
        }
      }
    },
    {
      "from": [
        6.48,
        -8.02,
        6.48
      ],
      "to": [
        9.52,
        -5.98,
        9.52
      ],
      "rotation": {
        "angle": 0,
        "axis": "y",
        "origin": [
          8,
          -7,
          8
        ]
      },
      "faces": {
        "north": {
          "uv": [
            12.75,
            13.25,
            12,
            14
          ],
          "rotation": 270,
          "texture": "#mace_0"
        },
        "east": {
          "uv": [
            12.75,
            13.25,
            12,
            14
          ],
          "rotation": 270,
          "texture": "#mace_0"
        },
        "south": {
          "uv": [
            12.75,
            13.25,
            12,
            14
          ],
          "rotation": 270,
          "texture": "#mace_0"
        },
        "west": {
          "uv": [
            12.75,
            13.25,
            12,
            14
          ],
          "rotation": 270,
          "texture": "#mace_0"
        },
        "up": {
          "uv": [
            12.75,
            13.25,
            12,
            14
          ],
          "rotation": 270,
          "texture": "#mace_0"
        },
        "down": {
          "uv": [
            12.75,
            13.25,
            12,
            14
          ],
          "rotation": 270,
          "texture": "#mace_0"
        }
      }
    },
    {
      "from": [
        6,
        10.225,
        6
      ],
      "to": [
        10,
        19,
        10
      ],
      "rotation": {
        "angle": 0,
        "axis": "y",
        "origin": [
          7,
          10,
          7
        ]
      },
      "faces": {
        "north": {
          "uv": [
            11.75,
            6.5,
            13,
            9.75
          ],
          "texture": "#mace_0"
        },
        "east": {
          "uv": [
            11.75,
            6.5,
            13,
            9.75
          ],
          "texture": "#mace_0"
        },
        "south": {
          "uv": [
            11.75,
            6.5,
            13,
            9.75
          ],
          "texture": "#mace_0"
        },
        "west": {
          "uv": [
            11.75,
            6.5,
            13,
            9.75
          ],
          "texture": "#mace_0"
        },
        "up": {
          "uv": [
            12.25,
            8,
            12.5,
            8.25
          ],
          "texture": "#mace_0"
        },
        "down": {
          "uv": [
            12.75,
            9.5,
            13,
            9.75
          ],
          "texture": "#mace_0"
        }
      }
    },
    {
      "from": [
        3.60662,
        12.67157,
        7.325
      ],
      "to": [
        6.60662,
        16.59657,
        8.675
      ],
      "rotation": {
        "angle": 0,
        "axis": "y",
        "origin": [
          3.60662,
          12.99657,
          7.3
        ]
      },
      "faces": {
        "north": {
          "uv": [
            13.5,
            8.75,
            15,
            10.5
          ],
          "texture": "#mace_0"
        },
        "east": {
          "uv": [
            9.25,
            4,
            9.5875,
            4.85625
          ],
          "texture": "#mace_0"
        },
        "south": {
          "uv": [
            15,
            8.75,
            13.5,
            10.5
          ],
          "texture": "#mace_0"
        },
        "west": {
          "uv": [
            12.5,
            7.25,
            12.25,
            7.5
          ],
          "rotation": 90,
          "texture": "#mace_0"
        },
        "up": {
          "uv": [
            9.25,
            4,
            10,
            4.3375
          ],
          "texture": "#mace_0"
        },
        "down": {
          "uv": [
            9.25,
            4,
            10,
            4.3375
          ],
          "texture": "#mace_0"
        }
      }
    },
    {
      "from": [
        3.80503,
        11.16581,
        7.3
      ],
      "to": [
        7.20503,
        13.16581,
        8.7
      ],
      "rotation": {
        "angle": -45,
        "axis": "z",
        "origin": [
          5.50503,
          12.16581,
          8
        ]
      },
      "faces": {
        "north": {
          "uv": [
            14,
            8.75,
            14.75,
            7.75
          ],
          "rotation": 270,
          "texture": "#mace_0"
        },
        "east": {
          "uv": [
            14.25,
            7.5,
            14.5,
            7.75
          ],
          "texture": "#mace_0"
        },
        "south": {
          "uv": [
            14,
            7.75,
            14.75,
            8.75
          ],
          "rotation": 270,
          "texture": "#mace_0"
        },
        "west": {
          "uv": [
            14.25,
            7.5,
            14.5,
            7.75
          ],
          "texture": "#mace_0"
        },
        "up": {
          "uv": [
            14.25,
            7.5,
            14.5,
            7.75
          ],
          "texture": "#mace_0"
        },
        "down": {
          "uv": [
            12.5,
            7.25,
            12.25,
            7.5
          ],
          "rotation": 90,
          "texture": "#mace_0"
        }
      }
    },
    {
      "from": [
        4.50503,
        15.39081,
        7.3
      ],
      "to": [
        6.50503,
        18.79081,
        8.7
      ],
      "rotation": {
        "angle": -45,
        "axis": "z",
        "origin": [
          5.50503,
          17.09081,
          8
        ]
      },
      "faces": {
        "north": {
          "uv": [
            14,
            7.5,
            14.75,
            6.5
          ],
          "rotation": 180,
          "texture": "#mace_0"
        },
        "east": {
          "uv": [
            14.25,
            7.5,
            14.5,
            7.75
          ],
          "texture": "#mace_0"
        },
        "south": {
          "uv": [
            14.75,
            7.5,
            14,
            6.5
          ],
          "rotation": 180,
          "texture": "#mace_0"
        },
        "west": {
          "uv": [
            12.5,
            7.25,
            12.25,
            7.5
          ],
          "rotation": 90,
          "texture": "#mace_0"
        },
        "up": {
          "uv": [
            12.2625,
            1.75,
            12.5,
            2.38125
          ],
          "rotation": 90,
          "texture": "#mace_0"
        },
        "down": {
          "uv": [
            14.25,
            7.5,
            14.5,
            7.75
          ],
          "texture": "#mace_0"
        }
      }
    },
    {
      "from": [
        7.60503,
        10.86581,
        3.5
      ],
      "to": [
        8.40503,
        13.46581,
        8.1
      ],
      "rotation": {
        "angle": 45,
        "axis": "x",
        "origin": [
          8.00503,
          12.16581,
          5.5
        ]
      },
      "faces": {
        "north": {
          "uv": [
            14.75,
            7,
            15,
            7.25
          ],
          "rotation": 270,
          "texture": "#mace_0"
        },
        "east": {
          "uv": [
            12.5,
            7.25,
            12.25,
            7.5
          ],
          "rotation": 90,
          "texture": "#mace_0"
        },
        "south": {
          "uv": [
            9.25,
            4,
            9.6,
            4.5
          ],
          "texture": "#mace_0"
        },
        "west": {
          "uv": [
            12.5,
            7.25,
            12.25,
            7.5
          ],
          "rotation": 90,
          "texture": "#mace_0"
        },
        "up": {
          "uv": [
            13.5125,
            4.25,
            13.75,
            5.13125
          ],
          "rotation": 180,
          "texture": "#mace_0"
        },
        "down": {
          "uv": [
            12.5,
            7.25,
            12.25,
            7.5
          ],
          "texture": "#mace_0"
        }
      }
    },
    {
      "from": [
        7.63003,
        12.67157,
        3.17659
      ],
      "to": [
        8.38003,
        16.59657,
        6.77659
      ],
      "rotation": {
        "angle": 0,
        "axis": "y",
        "origin": [
          8.70503,
          12.99657,
          3.47659
        ]
      },
      "faces": {
        "north": {
          "uv": [
            12.5,
            7.25,
            12.25,
            7.5
          ],
          "rotation": 90,
          "texture": "#mace_0"
        },
        "east": {
          "uv": [
            12.5,
            7.25,
            12.25,
            7.5
          ],
          "rotation": 90,
          "texture": "#mace_0"
        },
        "south": {
          "uv": [
            9.25,
            4,
            9.5875,
            4.85625
          ],
          "texture": "#mace_0"
        },
        "west": {
          "uv": [
            12.5,
            7.25,
            12.25,
            7.5
          ],
          "rotation": 90,
          "texture": "#mace_0"
        },
        "up": {
          "uv": [
            9.25,
            4,
            10,
            4.3375
          ],
          "rotation": 90,
          "texture": "#mace_0"
        },
        "down": {
          "uv": [
            9.25,
            4,
            10,
            4.3375
          ],
          "rotation": 270,
          "texture": "#mace_0"
        }
      }
    },
    {
      "from": [
        7.60503,
        15.09081,
        4.2
      ],
      "to": [
        8.40503,
        19.69081,
        6.8
      ],
      "rotation": {
        "angle": 45,
        "axis": "x",
        "origin": [
          8.00503,
          17.09081,
          5.5
        ]
      },
      "faces": {
        "north": {
          "uv": [
            12.5,
            7.25,
            12.25,
            7.5
          ],
          "rotation": 90,
          "texture": "#mace_0"
        },
        "east": {
          "uv": [
            12.5,
            7.25,
            12.25,
            7.5
          ],
          "rotation": 90,
          "texture": "#mace_0"
        },
        "south": {
          "uv": [
            9.25,
            4,
            9.6,
            4.5
          ],
          "texture": "#mace_0"
        },
        "west": {
          "uv": [
            12.5,
            7.25,
            12.25,
            7.5
          ],
          "rotation": 90,
          "texture": "#mace_0"
        },
        "up": {
          "uv": [
            12.2625,
            1.75,
            12.5,
            2.38125
          ],
          "rotation": 180,
          "texture": "#mace_0"
        },
        "down": {
          "uv": [
            9.25,
            4,
            9.6,
            4.85
          ],
          "texture": "#mace_0"
        }
      }
    },
    {
      "from": [
        7.33003,
        12.67157,
        3.60159
      ],
      "to": [
        8.68003,
        16.59657,
        6.60159
      ],
      "rotation": {
        "angle": 0,
        "axis": "y",
        "origin": [
          8.70503,
          12.99657,
          3.60159
        ]
      },
      "faces": {
        "north": {
          "uv": [
            12.5,
            7.25,
            12.25,
            7.5
          ],
          "rotation": 90,
          "texture": "#mace_0"
        },
        "east": {
          "uv": [
            13.5,
            8.75,
            15,
            10.5
          ],
          "texture": "#mace_0"
        },
        "south": {
          "uv": [
            9.25,
            4,
            9.5875,
            4.85625
          ],
          "texture": "#mace_0"
        },
        "west": {
          "uv": [
            15,
            8.75,
            13.5,
            10.5
          ],
          "texture": "#mace_0"
        },
        "up": {
          "uv": [
            9.25,
            4,
            10,
            4.3375
          ],
          "rotation": 90,
          "texture": "#mace_0"
        },
        "down": {
          "uv": [
            9.25,
            4,
            10,
            4.3375
          ],
          "rotation": 270,
          "texture": "#mace_0"
        }
      }
    },
    {
      "from": [
        7.30503,
        11.16581,
        3.8
      ],
      "to": [
        8.70503,
        13.16581,
        7.2
      ],
      "rotation": {
        "angle": 45,
        "axis": "x",
        "origin": [
          8.00503,
          12.16581,
          5.5
        ]
      },
      "faces": {
        "north": {
          "uv": [
            14.25,
            7.5,
            14.5,
            7.75
          ],
          "texture": "#mace_0"
        },
        "east": {
          "uv": [
            14,
            8.75,
            14.75,
            7.75
          ],
          "rotation": 270,
          "texture": "#mace_0"
        },
        "south": {
          "uv": [
            14.25,
            7.5,
            14.5,
            7.75
          ],
          "texture": "#mace_0"
        },
        "west": {
          "uv": [
            14,
            7.75,
            14.75,
            8.75
          ],
          "rotation": 270,
          "texture": "#mace_0"
        },
        "up": {
          "uv": [
            14.25,
            7.5,
            14.5,
            7.75
          ],
          "rotation": 90,
          "texture": "#mace_0"
        },
        "down": {
          "uv": [
            12.5,
            7.25,
            12.25,
            7.5
          ],
          "texture": "#mace_0"
        }
      }
    },
    {
      "from": [
        7.30503,
        15.39081,
        4.5
      ],
      "to": [
        8.70503,
        18.79081,
        6.5
      ],
      "rotation": {
        "angle": 45,
        "axis": "x",
        "origin": [
          8.00503,
          17.09081,
          5.5
        ]
      },
      "faces": {
        "north": {
          "uv": [
            12.5,
            7.25,
            12.25,
            7.5
          ],
          "rotation": 90,
          "texture": "#mace_0"
        },
        "east": {
          "uv": [
            14,
            7.5,
            14.75,
            6.5
          ],
          "rotation": 180,
          "texture": "#mace_0"
        },
        "south": {
          "uv": [
            14.25,
            7.5,
            14.5,
            7.75
          ],
          "texture": "#mace_0"
        },
        "west": {
          "uv": [
            14.75,
            7.5,
            14,
            6.5
          ],
          "rotation": 180,
          "texture": "#mace_0"
        },
        "up": {
          "uv": [
            12.2625,
            1.75,
            12.5,
            2.38125
          ],
          "rotation": 180,
          "texture": "#mace_0"
        },
        "down": {
          "uv": [
            14.25,
            7.5,
            14.5,
            7.75
          ],
          "texture": "#mace_0"
        }
      }
    },
    {
      "from": [
        7.90502,
        10.86581,
        7.6
      ],
      "to": [
        12.50502,
        13.46581,
        8.4
      ],
      "rotation": {
        "angle": 45,
        "axis": "z",
        "origin": [
          10.50502,
          12.16581,
          8
        ]
      },
      "faces": {
        "north": {
          "uv": [
            12.5,
            7.25,
            12.25,
            7.5
          ],
          "rotation": 90,
          "texture": "#mace_0"
        },
        "east": {
          "uv": [
            14.75,
            7,
            15,
            7.25
          ],
          "rotation": 270,
          "texture": "#mace_0"
        },
        "south": {
          "uv": [
            12.5,
            7.25,
            12.25,
            7.5
          ],
          "rotation": 90,
          "texture": "#mace_0"
        },
        "west": {
          "uv": [
            9.25,
            4,
            9.6,
            4.5
          ],
          "texture": "#mace_0"
        },
        "up": {
          "uv": [
            13.5125,
            4.25,
            13.75,
            5.13125
          ],
          "rotation": 270,
          "texture": "#mace_0"
        },
        "down": {
          "uv": [
            12.5,
            7.25,
            12.25,
            7.5
          ],
          "rotation": 270,
          "texture": "#mace_0"
        }
      }
    },
    {
      "from": [
        8.80502,
        11.16581,
        7.3
      ],
      "to": [
        12.20502,
        13.16581,
        8.7
      ],
      "rotation": {
        "angle": 45,
        "axis": "z",
        "origin": [
          10.50502,
          12.16581,
          8
        ]
      },
      "faces": {
        "north": {
          "uv": [
            14,
            7.75,
            14.75,
            8.75
          ],
          "rotation": 270,
          "texture": "#mace_0"
        },
        "east": {
          "uv": [
            14.25,
            7.5,
            14.5,
            7.75
          ],
          "texture": "#mace_0"
        },
        "south": {
          "uv": [
            14,
            8.75,
            14.75,
            7.75
          ],
          "rotation": 270,
          "texture": "#mace_0"
        },
        "west": {
          "uv": [
            14.25,
            7.5,
            14.5,
            7.75
          ],
          "texture": "#mace_0"
        },
        "up": {
          "uv": [
            14.25,
            7.5,
            14.5,
            7.75
          ],
          "rotation": 180,
          "texture": "#mace_0"
        },
        "down": {
          "uv": [
            12.5,
            7.25,
            12.25,
            7.5
          ],
          "rotation": 270,
          "texture": "#mace_0"
        }
      }
    },
    {
      "from": [
        9.40343,
        12.67157,
        7.325
      ],
      "to": [
        12.40343,
        16.59657,
        8.675
      ],
      "rotation": {
        "angle": 0,
        "axis": "y",
        "origin": [
          12.40343,
          12.99657,
          8.7
        ]
      },
      "faces": {
        "north": {
          "uv": [
            15,
            8.75,
            13.5,
            10.5
          ],
          "texture": "#mace_0"
        },
        "east": {
          "uv": [
            12.5,
            7.25,
            12.25,
            7.5
          ],
          "rotation": 90,
          "texture": "#mace_0"
        },
        "south": {
          "uv": [
            13.5,
            8.75,
            15,
            10.5
          ],
          "texture": "#mace_0"
        },
        "west": {
          "uv": [
            9.25,
            4,
            9.5875,
            4.85625
          ],
          "texture": "#mace_0"
        },
        "up": {
          "uv": [
            9.25,
            4,
            10,
            4.3375
          ],
          "rotation": 180,
          "texture": "#mace_0"
        },
        "down": {
          "uv": [
            9.25,
            4,
            10,
            4.3375
          ],
          "rotation": 180,
          "texture": "#mace_0"
        }
      }
    },
    {
      "from": [
        9.22843,
        12.67157,
        7.625
      ],
      "to": [
        12.82843,
        16.59657,
        8.375
      ],
      "rotation": {
        "angle": 0,
        "axis": "y",
        "origin": [
          12.52843,
          12.99657,
          8.7
        ]
      },
      "faces": {
        "north": {
          "uv": [
            12.5,
            7.25,
            12.25,
            7.5
          ],
          "rotation": 90,
          "texture": "#mace_0"
        },
        "east": {
          "uv": [
            12.5,
            7.25,
            12.25,
            7.5
          ],
          "rotation": 90,
          "texture": "#mace_0"
        },
        "south": {
          "uv": [
            12.5,
            7.25,
            12.25,
            7.5
          ],
          "rotation": 90,
          "texture": "#mace_0"
        },
        "west": {
          "uv": [
            9.25,
            4,
            9.5875,
            4.85625
          ],
          "texture": "#mace_0"
        },
        "up": {
          "uv": [
            9.25,
            4,
            10,
            4.3375
          ],
          "rotation": 180,
          "texture": "#mace_0"
        },
        "down": {
          "uv": [
            9.25,
            4,
            10,
            4.3375
          ],
          "rotation": 180,
          "texture": "#mace_0"
        }
      }
    },
    {
      "from": [
        9.20503,
        15.09081,
        7.6
      ],
      "to": [
        11.80503,
        19.69081,
        8.4
      ],
      "rotation": {
        "angle": 45,
        "axis": "z",
        "origin": [
          10.50503,
          17.09081,
          8
        ]
      },
      "faces": {
        "north": {
          "uv": [
            12.5,
            7.25,
            12.25,
            7.5
          ],
          "rotation": 90,
          "texture": "#mace_0"
        },
        "east": {
          "uv": [
            12.5,
            7.25,
            12.25,
            7.5
          ],
          "rotation": 90,
          "texture": "#mace_0"
        },
        "south": {
          "uv": [
            12.5,
            7.25,
            12.25,
            7.5
          ],
          "rotation": 90,
          "texture": "#mace_0"
        },
        "west": {
          "uv": [
            9.25,
            4,
            9.6,
            4.5
          ],
          "texture": "#mace_0"
        },
        "up": {
          "uv": [
            12.2625,
            1.75,
            12.5,
            2.38125
          ],
          "rotation": 270,
          "texture": "#mace_0"
        },
        "down": {
          "uv": [
            9.25,
            4,
            9.6,
            4.85
          ],
          "rotation": 270,
          "texture": "#mace_0"
        }
      }
    },
    {
      "from": [
        9.50503,
        15.39081,
        7.3
      ],
      "to": [
        11.50503,
        18.79081,
        8.7
      ],
      "rotation": {
        "angle": 45,
        "axis": "z",
        "origin": [
          10.50503,
          17.09081,
          8
        ]
      },
      "faces": {
        "north": {
          "uv": [
            14.75,
            7.5,
            14,
            6.5
          ],
          "rotation": 180,
          "texture": "#mace_0"
        },
        "east": {
          "uv": [
            12.5,
            7.25,
            12.25,
            7.5
          ],
          "rotation": 90,
          "texture": "#mace_0"
        },
        "south": {
          "uv": [
            14,
            7.5,
            14.75,
            6.5
          ],
          "rotation": 180,
          "texture": "#mace_0"
        },
        "west": {
          "uv": [
            14.25,
            7.5,
            14.5,
            7.75
          ],
          "texture": "#mace_0"
        },
        "up": {
          "uv": [
            12.2625,
            1.75,
            12.5,
            2.38125
          ],
          "rotation": 270,
          "texture": "#mace_0"
        },
        "down": {
          "uv": [
            14.25,
            7.5,
            14.5,
            7.75
          ],
          "texture": "#mace_0"
        }
      }
    },
    {
      "from": [
        7.60503,
        10.86581,
        7.9
      ],
      "to": [
        8.40503,
        13.46581,
        12.5
      ],
      "rotation": {
        "angle": -45,
        "axis": "x",
        "origin": [
          8.00503,
          12.16581,
          10.5
        ]
      },
      "faces": {
        "north": {
          "uv": [
            9.25,
            4,
            9.6,
            4.5
          ],
          "texture": "#mace_0"
        },
        "east": {
          "uv": [
            12.5,
            7.25,
            12.25,
            7.5
          ],
          "rotation": 90,
          "texture": "#mace_0"
        },
        "south": {
          "uv": [
            14.75,
            7,
            15,
            7.25
          ],
          "rotation": 270,
          "texture": "#mace_0"
        },
        "west": {
          "uv": [
            12.5,
            7.25,
            12.25,
            7.5
          ],
          "rotation": 90,
          "texture": "#mace_0"
        },
        "up": {
          "uv": [
            13.5125,
            4.25,
            13.75,
            5.13125
          ],
          "texture": "#mace_0"
        },
        "down": {
          "uv": [
            12.5,
            7.25,
            12.25,
            7.5
          ],
          "rotation": 180,
          "texture": "#mace_0"
        }
      }
    },
    {
      "from": [
        7.30503,
        11.16581,
        8.8
      ],
      "to": [
        8.70503,
        13.16581,
        12.2
      ],
      "rotation": {
        "angle": -45,
        "axis": "x",
        "origin": [
          8.00503,
          12.16581,
          10.5
        ]
      },
      "faces": {
        "north": {
          "uv": [
            14.25,
            7.5,
            14.5,
            7.75
          ],
          "texture": "#mace_0"
        },
        "east": {
          "uv": [
            14,
            7.75,
            14.75,
            8.75
          ],
          "rotation": 270,
          "texture": "#mace_0"
        },
        "south": {
          "uv": [
            14.25,
            7.5,
            14.5,
            7.75
          ],
          "texture": "#mace_0"
        },
        "west": {
          "uv": [
            14,
            8.75,
            14.75,
            7.75
          ],
          "rotation": 270,
          "texture": "#mace_0"
        },
        "up": {
          "uv": [
            14.25,
            7.5,
            14.5,
            7.75
          ],
          "rotation": 270,
          "texture": "#mace_0"
        },
        "down": {
          "uv": [
            12.5,
            7.25,
            12.25,
            7.5
          ],
          "rotation": 180,
          "texture": "#mace_0"
        }
      }
    },
    {
      "from": [
        7.33003,
        12.67157,
        9.39841
      ],
      "to": [
        8.68003,
        16.59657,
        12.39841
      ],
      "rotation": {
        "angle": 0,
        "axis": "y",
        "origin": [
          7.30503,
          12.99657,
          12.39841
        ]
      },
      "faces": {
        "north": {
          "uv": [
            9.25,
            4,
            9.5875,
            4.85625
          ],
          "texture": "#mace_0"
        },
        "east": {
          "uv": [
            15,
            8.75,
            13.5,
            10.5
          ],
          "texture": "#mace_0"
        },
        "south": {
          "uv": [
            12.5,
            7.25,
            12.25,
            7.5
          ],
          "rotation": 90,
          "texture": "#mace_0"
        },
        "west": {
          "uv": [
            13.5,
            8.75,
            15,
            10.5
          ],
          "texture": "#mace_0"
        },
        "up": {
          "uv": [
            9.25,
            4,
            10,
            4.3375
          ],
          "rotation": 270,
          "texture": "#mace_0"
        },
        "down": {
          "uv": [
            9.25,
            4,
            10,
            4.3375
          ],
          "rotation": 90,
          "texture": "#mace_0"
        }
      }
    },
    {
      "from": [
        7.63003,
        12.67157,
        9.22341
      ],
      "to": [
        8.38003,
        16.59657,
        12.82341
      ],
      "rotation": {
        "angle": 0,
        "axis": "y",
        "origin": [
          7.30503,
          12.99657,
          12.52341
        ]
      },
      "faces": {
        "north": {
          "uv": [
            9.25,
            4,
            9.5875,
            4.85625
          ],
          "texture": "#mace_0"
        },
        "east": {
          "uv": [
            12.5,
            7.25,
            12.25,
            7.5
          ],
          "rotation": 90,
          "texture": "#mace_0"
        },
        "south": {
          "uv": [
            12.5,
            7.25,
            12.25,
            7.5
          ],
          "rotation": 90,
          "texture": "#mace_0"
        },
        "west": {
          "uv": [
            12.5,
            7.25,
            12.25,
            7.5
          ],
          "rotation": 90,
          "texture": "#mace_0"
        },
        "up": {
          "uv": [
            9.25,
            4,
            10,
            4.3375
          ],
          "rotation": 270,
          "texture": "#mace_0"
        },
        "down": {
          "uv": [
            9.25,
            4,
            10,
            4.3375
          ],
          "rotation": 90,
          "texture": "#mace_0"
        }
      }
    },
    {
      "from": [
        7.60503,
        15.09081,
        9.2
      ],
      "to": [
        8.40503,
        19.69081,
        11.8
      ],
      "rotation": {
        "angle": -45,
        "axis": "x",
        "origin": [
          8.00503,
          17.09081,
          10.5
        ]
      },
      "faces": {
        "north": {
          "uv": [
            9.25,
            4,
            9.6,
            4.5
          ],
          "texture": "#mace_0"
        },
        "east": {
          "uv": [
            12.5,
            7.25,
            12.25,
            7.5
          ],
          "rotation": 90,
          "texture": "#mace_0"
        },
        "south": {
          "uv": [
            12.5,
            7.25,
            12.25,
            7.5
          ],
          "rotation": 90,
          "texture": "#mace_0"
        },
        "west": {
          "uv": [
            12.5,
            7.25,
            12.25,
            7.5
          ],
          "rotation": 90,
          "texture": "#mace_0"
        },
        "up": {
          "uv": [
            12.2625,
            1.75,
            12.5,
            2.38125
          ],
          "texture": "#mace_0"
        },
        "down": {
          "uv": [
            14.75,
            7,
            15,
            7.25
          ],
          "rotation": 270,
          "texture": "#mace_0"
        }
      }
    },
    {
      "from": [
        7.30503,
        15.39081,
        9.5
      ],
      "to": [
        8.70503,
        18.79081,
        11.5
      ],
      "rotation": {
        "angle": -45,
        "axis": "x",
        "origin": [
          8.00503,
          17.09081,
          10.5
        ]
      },
      "faces": {
        "north": {
          "uv": [
            14.25,
            7.5,
            14.5,
            7.75
          ],
          "texture": "#mace_0"
        },
        "east": {
          "uv": [
            14.75,
            7.5,
            14,
            6.5
          ],
          "rotation": 180,
          "texture": "#mace_0"
        },
        "south": {
          "uv": [
            12.5,
            7.25,
            12.25,
            7.5
          ],
          "rotation": 90,
          "texture": "#mace_0"
        },
        "west": {
          "uv": [
            14,
            7.5,
            14.75,
            6.5
          ],
          "rotation": 180,
          "texture": "#mace_0"
        },
        "up": {
          "uv": [
            12.2625,
            1.75,
            12.5,
            2.38125
          ],
          "texture": "#mace_0"
        },
        "down": {
          "uv": [
            14.25,
            7.5,
            14.5,
            7.75
          ],
          "texture": "#mace_0"
        }
      }
    },
    {
      "from": [
        3.50503,
        10.86581,
        7.6
      ],
      "to": [
        8.10503,
        13.46581,
        8.4
      ],
      "rotation": {
        "angle": -45,
        "axis": "z",
        "origin": [
          5.50503,
          12.16581,
          8
        ]
      },
      "faces": {
        "north": {
          "uv": [
            12.5,
            7.25,
            12.25,
            7.5
          ],
          "rotation": 90,
          "texture": "#mace_0"
        },
        "east": {
          "uv": [
            9.25,
            4,
            9.6,
            4.5
          ],
          "texture": "#mace_0"
        },
        "south": {
          "uv": [
            12.5,
            7.25,
            12.25,
            7.5
          ],
          "rotation": 90,
          "texture": "#mace_0"
        },
        "west": {
          "uv": [
            14.75,
            7,
            15,
            7.25
          ],
          "rotation": 270,
          "texture": "#mace_0"
        },
        "up": {
          "uv": [
            13.5125,
            4.25,
            13.75,
            5.13125
          ],
          "rotation": 90,
          "texture": "#mace_0"
        },
        "down": {
          "uv": [
            12.5,
            7.25,
            12.25,
            7.5
          ],
          "rotation": 90,
          "texture": "#mace_0"
        }
      }
    },
    {
      "from": [
        3.18162,
        12.67157,
        7.625
      ],
      "to": [
        6.78162,
        16.59657,
        8.375
      ],
      "rotation": {
        "angle": 0,
        "axis": "y",
        "origin": [
          3.48162,
          12.99657,
          7.3
        ]
      },
      "faces": {
        "north": {
          "uv": [
            12.5,
            7.25,
            12.25,
            7.5
          ],
          "rotation": 90,
          "texture": "#mace_0"
        },
        "east": {
          "uv": [
            9.25,
            4,
            9.5875,
            4.85625
          ],
          "texture": "#mace_0"
        },
        "south": {
          "uv": [
            12.5,
            7.25,
            12.25,
            7.5
          ],
          "rotation": 90,
          "texture": "#mace_0"
        },
        "west": {
          "uv": [
            12.5,
            7.25,
            12.25,
            7.5
          ],
          "rotation": 90,
          "texture": "#mace_0"
        },
        "up": {
          "uv": [
            9.25,
            4,
            10,
            4.3375
          ],
          "texture": "#mace_0"
        },
        "down": {
          "uv": [
            9.25,
            4,
            10,
            4.3375
          ],
          "texture": "#mace_0"
        }
      }
    },
    {
      "from": [
        4.20503,
        15.09081,
        7.6
      ],
      "to": [
        6.80503,
        19.69081,
        8.4
      ],
      "rotation": {
        "angle": -45,
        "axis": "z",
        "origin": [
          5.50503,
          17.09081,
          8
        ]
      },
      "faces": {
        "north": {
          "uv": [
            12.5,
            7.25,
            12.25,
            7.5
          ],
          "rotation": 90,
          "texture": "#mace_0"
        },
        "east": {
          "uv": [
            9.25,
            4,
            9.6,
            4.5
          ],
          "texture": "#mace_0"
        },
        "south": {
          "uv": [
            12.5,
            7.25,
            12.25,
            7.5
          ],
          "rotation": 90,
          "texture": "#mace_0"
        },
        "west": {
          "uv": [
            12.5,
            7.25,
            12.25,
            7.5
          ],
          "rotation": 90,
          "texture": "#mace_0"
        },
        "up": {
          "uv": [
            12.2625,
            1.75,
            12.5,
            2.38125
          ],
          "rotation": 90,
          "texture": "#mace_0"
        },
        "down": {
          "uv": [
            14.75,
            7,
            15,
            7.25
          ],
          "rotation": 270,
          "texture": "#mace_0"
        }
      }
    },
    {
      "from": [
        6.425,
        9,
        6.4
      ],
      "to": [
        9.625,
        10.5,
        9.6
      ],
      "rotation": {
        "angle": 0,
        "axis": "y",
        "origin": [
          8.025,
          9.75,
          8
        ]
      },
      "faces": {
        "north": {
          "uv": [
            11.5,
            10.25,
            13.25,
            10.5
          ],
          "texture": "#mace_0"
        },
        "east": {
          "uv": [
            11.5,
            10.25,
            13.25,
            10.5
          ],
          "texture": "#mace_0"
        },
        "south": {
          "uv": [
            11.5,
            10.25,
            13.25,
            10.5
          ],
          "texture": "#mace_0"
        },
        "west": {
          "uv": [
            11.5,
            10.25,
            13.25,
            10.5
          ],
          "texture": "#mace_0"
        },
        "up": {
          "uv": [
            9.25,
            4,
            9.5,
            4.25
          ],
          "texture": "#mace_0"
        },
        "down": {
          "uv": [
            12.75,
            9.5,
            13,
            9.75
          ],
          "texture": "#mace_0"
        }
      }
    },
    {
      "from": [
        6.4,
        17.25,
        6.4
      ],
      "to": [
        9.6,
        19.875,
        9.6
      ],
      "rotation": {
        "angle": 0,
        "axis": "y",
        "origin": [
          8,
          18.75,
          8.1
        ]
      },
      "faces": {
        "north": {
          "uv": [
            9.75,
            9.50625,
            11.25,
            10.00625
          ],
          "texture": "#mace_0"
        },
        "east": {
          "uv": [
            9.75,
            9.50625,
            11.25,
            10.00625
          ],
          "texture": "#mace_0"
        },
        "south": {
          "uv": [
            9.75,
            9.50625,
            11.25,
            10.00625
          ],
          "texture": "#mace_0"
        },
        "west": {
          "uv": [
            9.75,
            9.50625,
            11.25,
            10.00625
          ],
          "texture": "#mace_0"
        },
        "up": {
          "uv": [
            11.75,
            6.75,
            13,
            8
          ],
          "texture": "#mace_0"
        },
        "down": {
          "uv": [
            11.75,
            7.00625,
            13,
            8.00625
          ],
          "texture": "#mace_0"
        }
      }
    },
    {
      "from": [
        6.2,
        17.475,
        6.2
      ],
      "to": [
        9.8,
        19.5,
        9.8
      ],
      "rotation": {
        "angle": 0,
        "axis": "y",
        "origin": [
          5,
          12.2,
          7
        ]
      },
      "faces": {
        "north": {
          "uv": [
            9.75,
            9.75625,
            11.25,
            10.25625
          ],
          "texture": "#mace_0"
        },
        "east": {
          "uv": [
            9.75,
            9.75625,
            11.25,
            10.25625
          ],
          "texture": "#mace_0"
        },
        "south": {
          "uv": [
            9.75,
            9.75625,
            11.25,
            10.25625
          ],
          "texture": "#mace_0"
        },
        "west": {
          "uv": [
            9.75,
            9.75625,
            11.25,
            10.25625
          ],
          "texture": "#mace_0"
        },
        "up": {
          "uv": [
            12.25,
            8.25,
            12.5,
            8.5
          ],
          "texture": "#mace_0"
        },
        "down": {
          "uv": [
            11.75,
            8.00625,
            13,
            8.50625
          ],
          "texture": "#mace_0"
        }
      }
    }
  ],
  "gui_light": "front",
  "display": {
    "thirdperson_righthand": {
      "rotation": [
        -3,
        -90,
        0
      ],
      "translation": [
        0,
        4.75,
        0
      ],
      "scale": [
        0.7,
        0.7,
        0.7
      ]
    },
    "thirdperson_lefthand": {
      "rotation": [
        0,
        -90,
        0
      ],
      "translation": [
        0,
        4.5,
        0.75
      ],
      "scale": [
        0.7,
        0.7,
        0.7
      ]
    },
    "firstperson_righthand": {
      "rotation": [
        5,
        0,
        0
      ],
      "translation": [
        0.75,
        5,
        2
      ],
      "scale": [
        0.6,
        0.6,
        0.6
      ]
    },
    "firstperson_lefthand": {
      "rotation": [
        5,
        0,
        0
      ],
      "translation": [
        0.75,
        5,
        2
      ],
      "scale": [
        0.6,
        0.6,
        0.6
      ]
    },
    "ground": {
      "rotation": [
        0,
        0,
        90
      ],
      "translation": [
        -1.75,
        1.5,
        1.25
      ],
      "scale": [
        0.45,
        0.45,
        0.45
      ]
    },
    "gui": {
      "rotation": [
        -9,
        -9,
        -45
      ],
      "translation": [
        0.5,
        0.6,
        0
      ],
      "scale": [
        0.7,
        0.7,
        0.7
      ]
    },
    "head": {
      "rotation": [
        0,
        0,
        69.25
      ],
      "translation": [
        9,
        6,
        0.75
      ],
      "scale": [
        0.7,
        0.7,
        0.7
      ]
    },
    "fixed": {
      "rotation": [
        0,
        -180,
        -45
      ],
      "translation": [
        -0.5,
        0.5,
        0.75
      ],
      "scale": [
        0.7,
        0.7,
        0.7
      ]
    }
  },
  "groups": [
    {
      "name": "Mace",
      "origin": [
        8,
        8,
        8
      ],
      "color": 0,
      "children": [
        0,
        1,
        2,
        3,
        4,
        5,
        6,
        7,
        8,
        9,
        10,
        11,
        12,
        13,
        14,
        15,
        16,
        17,
        18,
        19,
        20,
        21,
        22,
        23,
        24,
        25,
        26,
        27,
        28,
        29,
        30
      ]
    }
  ]
}