{
  "credit": "Made By AtPoe",
  "texture_size": [
    64,
    64
  ],
  "elements": [
    {
      "name": "Page1",
      "from": [
        8,
        1.75,
        0.24
      ],
      "to": [
        19,
        2.25,
        15.74
      ],
      "rotation": {
        "angle": 22.5,
        "axis": "z",
        "origin": [
          8,
          1.75,
          8
        ]
      },
      "faces": {
        "north": {
          "uv": [
            2.625,
            0,
            2,
            1.6875
          ],
          "rotation": 270,
          "texture": "#3"
        },
        "east": {
          "uv": [
            2,
            1.6875,
            2.60938,
            0
          ],
          "rotation": 90,
          "texture": "#3"
        },
        "south": {
          "uv": [
            2.625,
            0,
            2,
            1.6875
          ],
          "rotation": 90,
          "texture": "#3"
        },
        "west": {
          "uv": [
            2.625,
            0,
            2,
            1.6875
          ],
          "rotation": 90,
          "texture": "#3"
        },
        "up": {
          "uv": [
            0,
            0,
            2,
            1.375
          ],
          "rotation": 90,
          "texture": "#3"
        },
        "down": {
          "uv": [
            0,
            1.375,
            2,
            2.75
          ],
          "rotation": 90,
          "texture": "#3"
        }
      }
    },
    {
      "name": "Page2",
      "from": [
        7.875,
        2.25,
        0.25
      ],
      "to": [
        7.975,
        13,
        15.75
      ],
      "rotation": {
        "angle": -45,
        "axis": "z",
        "origin": [
          7.875,
          2.25,
          8
        ]
      },
      "faces": {
        "north": {
          "uv": [
            2.07626,
            0,
            2.5875,
            1.25706
          ],
          "texture": "#3"
        },
        "east": {
          "uv": [
            2.13876,
            0,
            0,
            1.40625
          ],
          "texture": "#3"
        },
        "south": {
          "uv": [
            2.07626,
            0,
            2.5875,
            1.25706
          ],
          "texture": "#3"
        },
        "west": {
          "uv": [
            0,
            0,
            2.13876,
            1.40625
          ],
          "texture": "#3"
        },
        "up": {
          "uv": [
            2.07626,
            0,
            2.5875,
            1.8125
          ],
          "texture": "#3"
        },
        "down": {
          "uv": [
            2.07626,
            0,
            2.5875,
            1.8125
          ],
          "texture": "#3"
        }
      }
    },
    {
      "name": "Page4",
      "from": [
        7.875,
        2.25,
        0.25
      ],
      "to": [
        7.975,
        13,
        15.75
      ],
      "rotation": {
        "angle": 45,
        "axis": "z",
        "origin": [
          7.875,
          2.25,
          8
        ]
      },
      "faces": {
        "north": {
          "uv": [
            2.0625,
            0,
            2.375,
            1.72984
          ],
          "texture": "#3"
        },
        "east": {
          "uv": [
            0,
            1.375,
            2.0625,
            2.75
          ],
          "texture": "#3"
        },
        "south": {
          "uv": [
            2.0625,
            0,
            2.375,
            1.72984
          ],
          "texture": "#3"
        },
        "west": {
          "uv": [
            0,
            0,
            2.0625,
            1.375
          ],
          "texture": "#3"
        },
        "up": {
          "uv": [
            2.375,
            2.4375,
            2.0625,
            0
          ],
          "texture": "#3"
        },
        "down": {
          "uv": [
            2.375,
            0,
            2.0625,
            2.4375
          ],
          "texture": "#3"
        }
      }
    },
    {
      "name": "Page5",
      "from": [
        -3,
        1.75,
        0.25
      ],
      "to": [
        8,
        2.25,
        15.75
      ],
      "rotation": {
        "angle": -22.5,
        "axis": "z",
        "origin": [
          8,
          1.75,
          8
        ]
      },
      "faces": {
        "north": {
          "uv": [
            2.01797,
            0,
            2.625,
            2.5625
          ],
          "rotation": 90,
          "texture": "#3"
        },
        "east": {
          "uv": [
            2.01797,
            0,
            2.625,
            2.5625
          ],
          "rotation": 270,
          "texture": "#3"
        },
        "south": {
          "uv": [
            2.625,
            0,
            2.01797,
            2.5625
          ],
          "rotation": 270,
          "texture": "#3"
        },
        "west": {
          "uv": [
            2.01797,
            0,
            2.625,
            2.5625
          ],
          "rotation": 270,
          "texture": "#3"
        },
        "up": {
          "uv": [
            0,
            0,
            2.08047,
            1.38125
          ],
          "rotation": 270,
          "texture": "#3"
        },
        "down": {
          "uv": [
            0,
            0,
            2.08047,
            1.38125
          ],
          "rotation": 270,
          "texture": "#3"
        }
      }
    },
    {
      "name": "Back",
      "from": [
        8,
        1.2,
        -0.2
      ],
      "to": [
        19.7,
        1.75,
        16.2
      ],
      "rotation": {
        "angle": 22.5,
        "axis": "z",
        "origin": [
          8,
          2,
          8
        ]
      },
      "faces": {
        "north": {
          "uv": [
            6.75,
            4.25,
            4,
            4.5
          ],
          "texture": "#3"
        },
        "east": {
          "uv": [
            10.75,
            4.25,
            6.75,
            4.5
          ],
          "texture": "#3"
        },
        "south": {
          "uv": [
            13.5,
            4.25,
            10.75,
            4.5
          ],
          "texture": "#3"
        },
        "west": {
          "uv": [
            4,
            4.25,
            0,
            4.5
          ],
          "texture": "#3"
        },
        "up": {
          "uv": [
            4,
            8.5,
            6.75,
            4.5
          ],
          "texture": "#3"
        },
        "down": {
          "uv": [
            6.75,
            4.5,
            9.5,
            8.5
          ],
          "rotation": 180,
          "texture": "#3"
        }
      }
    },
    {
      "name": "Cover",
      "from": [
        -3.7,
        1.2,
        -0.2
      ],
      "to": [
        8,
        1.75,
        16.2
      ],
      "rotation": {
        "angle": -22.5,
        "axis": "z",
        "origin": [
          8,
          2,
          8
        ]
      },
      "faces": {
        "north": {
          "uv": [
            4,
            4,
            6.75,
            4.25
          ],
          "texture": "#3"
        },
        "east": {
          "uv": [
            0,
            4,
            4,
            4.25
          ],
          "texture": "#3"
        },
        "south": {
          "uv": [
            10.75,
            4,
            13.5,
            4.25
          ],
          "texture": "#3"
        },
        "west": {
          "uv": [
            6.75,
            4,
            10.75,
            4.25
          ],
          "texture": "#3"
        },
        "up": {
          "uv": [
            6.75,
            4,
            4,
            0
          ],
          "texture": "#3"
        },
        "down": {
          "uv": [
            9.5,
            0,
            6.75,
            4
          ],
          "rotation": 180,
          "texture": "#3"
        }
      }
    },
    {
      "name": "Spine",
      "from": [
        7,
        1,
        -0.205
      ],
      "to": [
        9,
        1.75,
        16.205
      ],
      "rotation": {
        "angle": 0,
        "axis": "y",
        "origin": [
          8,
          0,
          8
        ]
      },
      "faces": {
        "north": {
          "uv": [
            6.25,
            11.875,
            5.75,
            12.125
          ],
          "texture": "#3"
        },
        "east": {
          "uv": [
            10.75,
            12.5,
            6.75,
            12.75
          ],
          "texture": "#3"
        },
        "south": {
          "uv": [
            6.25,
            11.625,
            5.75,
            11.875
          ],
          "texture": "#3"
        },
        "west": {
          "uv": [
            10.75,
            12.5,
            6.75,
            12.75
          ],
          "texture": "#3"
        },
        "up": {
          "uv": [
            6.25,
            12.5,
            6.75,
            8.5
          ],
          "texture": "#3"
        },
        "down": {
          "uv": [
            6.75,
            8.5,
            7.25,
            12.5
          ],
          "texture": "#3"
        }
      }
    },
    {
      "from": [
        2,
        7,
        8
      ],
      "to": [
        14,
        19,
        8
      ],
      "rotation": {
        "angle": 0,
        "axis": "y",
        "origin": [
          7,
          8,
          11
        ]
      },
      "faces": {
        "north": {
          "uv": [
            13.5,
            5.375,
            11,
            7.875
          ],
          "texture": "#3"
        },
        "south": {
          "uv": [
            11,
            5.375,
            13.5,
            7.875
          ],
          "texture": "#3"
        }
      }
    },
    {
      "from": [
        8,
        8,
        3
      ],
      "to": [
        8,
        22,
        15
      ],
      "rotation": {
        "angle": 0,
        "axis": "y",
        "origin": [
          8,
          9,
          8
        ]
      },
      "faces": {
        "east": {
          "uv": [
            11.875,
            8.5,
            15.125,
            12.23125
          ],
          "texture": "#3"
        },
        "west": {
          "uv": [
            12.1875,
            8.5,
            15.4375,
            12.23125
          ],
          "texture": "#3"
        }
      }
    },
    {
      "from": [
        5.9,
        9.9,
        5.9
      ],
      "to": [
        10.1,
        14.1,
        10.1
      ],
      "rotation": {
        "angle": 0,
        "axis": "y",
        "origin": [
          8,
          12,
          8
        ]
      },
      "faces": {
        "north": {
          "uv": [
            9.75,
            4.75,
            10.25,
            5.25
          ],
          "texture": "#3"
        },
        "east": {
          "uv": [
            9.75,
            4.75,
            10.25,
            5.25
          ],
          "texture": "#3"
        },
        "south": {
          "uv": [
            9.75,
            4.75,
            10.25,
            5.25
          ],
          "texture": "#3"
        },
        "west": {
          "uv": [
            9.75,
            4.75,
            10.25,
            5.25
          ],
          "texture": "#3"
        },
        "up": {
          "uv": [
            9.75,
            4.75,
            10.25,
            5.25
          ],
          "texture": "#3"
        },
        "down": {
          "uv": [
            9.75,
            4.75,
            10.25,
            5.25
          ],
          "texture": "#3"
        }
      }
    },
    {
      "from": [
        6,
        10,
        6
      ],
      "to": [
        10,
        14,
        10
      ],
      "rotation": {
        "angle": 45,
        "axis": "x",
        "origin": [
          8,
          12,
          8
        ]
      },
      "faces": {
        "north": {
          "uv": [
            9.75,
            4.75,
            10.25,
            5.25
          ],
          "texture": "#3"
        },
        "east": {
          "uv": [
            9.75,
            4.75,
            10.25,
            5.25
          ],
          "texture": "#3"
        },
        "south": {
          "uv": [
            9.75,
            4.75,
            10.25,
            5.25
          ],
          "texture": "#3"
        },
        "west": {
          "uv": [
            9.75,
            4.75,
            10.25,
            5.25
          ],
          "texture": "#3"
        },
        "up": {
          "uv": [
            9.75,
            4.75,
            10.25,
            5.25
          ],
          "texture": "#3"
        },
        "down": {
          "uv": [
            9.75,
            4.75,
            10.25,
            5.25
          ],
          "texture": "#3"
        }
      }
    },
    {
      "from": [
        6,
        10,
        6
      ],
      "to": [
        10,
        14,
        10
      ],
      "rotation": {
        "angle": 45,
        "axis": "y",
        "origin": [
          8,
          12,
          8
        ]
      },
      "faces": {
        "north": {
          "uv": [
            9.75,
            4.75,
            10.25,
            5.25
          ],
          "texture": "#3"
        },
        "east": {
          "uv": [
            9.75,
            4.75,
            10.25,
            5.25
          ],
          "texture": "#3"
        },
        "south": {
          "uv": [
            9.75,
            4.75,
            10.25,
            5.25
          ],
          "texture": "#3"
        },
        "west": {
          "uv": [
            9.75,
            4.75,
            10.25,
            5.25
          ],
          "texture": "#3"
        },
        "up": {
          "uv": [
            9.75,
            4.75,
            10.25,
            5.25
          ],
          "texture": "#3"
        },
        "down": {
          "uv": [
            9.75,
            4.75,
            10.25,
            5.25
          ],
          "texture": "#3"
        }
      }
    }
  ],
  "display": {
    "thirdperson_righthand": {
      "rotation": [
        81,
        0,
        0
      ],
      "translation": [
        -0.25,
        3.5,
        2
      ],
      "scale": [
        0.5,
        0.5,
        0.5
      ]
    },
    "thirdperson_lefthand": {
      "rotation": [
        81,
        0,
        0
      ],
      "translation": [
        -0.25,
        3.5,
        2
      ],
      "scale": [
        0.5,
        0.5,
        0.5
      ]
    },
    "firstperson_righthand": {
      "rotation": [
        20.5,
        0,
        0
      ],
      "translation": [
        2.5,
        0.25,
        0
      ],
      "scale": [
        0.5,
        0.5,
        0.5
      ]
    },
    "firstperson_lefthand": {
      "rotation": [
        20.5,
        0,
        0
      ],
      "translation": [
        2.5,
        0.25,
        0
      ],
      "scale": [
        0.5,
        0.5,
        0.5
      ]
    },
    "ground": {
      "scale": [
        0.5,
        0.5,
        0.5
      ]
    },
    "gui": {
      "rotation": [
        89.83,
        -43.07,
        77.53
      ],
      "translation": [
        1,
        -0.75,
        0
      ],
      "scale": [
        0.65,
        0.65,
        0.65
      ]
    },
    "head": {
      "translation": [
        0,
        13,
        0
      ],
      "scale": [
        0.75,
        0.75,
        0.75
      ]
    },
    "fixed": {
      "rotation": [
        -90.5,
        0,
        0
      ],
      "translation": [
        0,
        0,
        -7.75
      ]
    }
  },
  "groups": [
    {
      "name": "Tome - Open",
      "origin": [
        8,
        0,
        8
      ],
      "color": 0,
      "children": [
        {
          "name": "Pages Open",
          "origin": [
            8,
            0,
            8
          ],
          "color": 0,
          "children": [
            0,
            1,
            2,
            3
          ]
        },
        {
          "name": "Binding",
          "origin": [
            8,
            0,
            8
          ],
          "color": 0,
          "children": [
            4,
            5,
            6
          ]
        }
      ]
    },
    {
      "name": "Orb",
      "origin": [
        8,
        8,
        8
      ],
      "color": 0,
      "children": [
        {
          "name": "Particles",
          "origin": [
            8,
            8,
            8
          ],
          "color": 0,
          "children": [
            7,
            8
          ]
        },
        9,
        10,
        11
      ]
    }
  ]
}