{
  "credit": "Made By AtPoe",
  "texture_size": [
    32,
    32
  ],
  "elements": [
    {
      "from": [
        7.3,
        2.9,
        6.3
      ],
      "to": [
        8.7,
        8.5,
        7.7
      ],
      "rotation": {
        "angle": 0,
        "axis": "y",
        "origin": [
          7.3,
          5,
          6.3
        ]
      },
      "faces": {
        "north": {
          "uv": [
            5.5,
            8.5,
            7,
            12.5
          ],
          "texture": "#0"
        },
        "east": {
          "uv": [
            5.5,
            8.5,
            7,
            12.5
          ],
          "texture": "#0"
        },
        "south": {
          "uv": [
            5.5,
            8.5,
            7,
            12.5
          ],
          "texture": "#0"
        },
        "west": {
          "uv": [
            5.5,
            8.5,
            7,
            12.5
          ],
          "texture": "#0"
        },
        "up": {
          "uv": [
            5.5,
            8.5,
            7,
            9
          ],
          "texture": "#0"
        },
        "down": {
          "uv": [
            5.5,
            12,
            7,
            12.5
          ],
          "texture": "#0"
        }
      }
    },
    {
      "from": [
        7.35,
        8.5,
        6.4
      ],
      "to": [
        8.65,
        9.3,
        7.6
      ],
      "rotation": {
        "angle": 0,
        "axis": "y",
        "origin": [
          7.3,
          10.6,
          6.3
        ]
      },
      "faces": {
        "north": {
          "uv": [
            5.5,
            7,
            7,
            8.5
          ],
          "texture": "#0"
        },
        "east": {
          "uv": [
            5.5,
            7,
            7,
            8.5
          ],
          "texture": "#0"
        },
        "south": {
          "uv": [
            5.5,
            7,
            7,
            8.5
          ],
          "texture": "#0"
        },
        "west": {
          "uv": [
            5.5,
            7,
            7,
            8.5
          ],
          "texture": "#0"
        },
        "up": {
          "uv": [
            5.5,
            7,
            7,
            8.5
          ],
          "texture": "#0"
        },
        "down": {
          "uv": [
            5.5,
            7,
            7,
            8.5
          ],
          "texture": "#0"
        }
      }
    },
    {
      "from": [
        7.45,
        9.5,
        6.4
      ],
      "to": [
        8.55,
        10.3,
        7.6
      ],
      "rotation": {
        "angle": 0,
        "axis": "y",
        "origin": [
          7.3,
          11.6,
          6.3
        ]
      },
      "faces": {
        "north": {
          "uv": [
            0.5,
            7.5,
            1.5,
            8
          ],
          "texture": "#0"
        },
        "east": {
          "uv": [
            0.5,
            7.5,
            1.5,
            8
          ],
          "texture": "#0"
        },
        "south": {
          "uv": [
            0.5,
            7.5,
            1.5,
            8
          ],
          "texture": "#0"
        },
        "west": {
          "uv": [
            1.5,
            14,
            2.5,
            15
          ],
          "texture": "#0"
        },
        "up": {
          "uv": [
            0.5,
            7.5,
            1.5,
            8
          ],
          "texture": "#0"
        },
        "down": {
          "uv": [
            0.5,
            7.5,
            1.5,
            8
          ],
          "texture": "#0"
        }
      }
    },
    {
      "from": [
        7.3,
        10.3,
        6.3
      ],
      "to": [
        8.7,
        10.6,
        7.7
      ],
      "rotation": {
        "angle": 0,
        "axis": "y",
        "origin": [
          7.25,
          12.4,
          6.3
        ]
      },
      "faces": {
        "north": {
          "uv": [
            1,
            13,
            1.5,
            13.5
          ],
          "texture": "#0"
        },
        "east": {
          "uv": [
            1,
            13,
            1.5,
            13.5
          ],
          "texture": "#0"
        },
        "south": {
          "uv": [
            1,
            13,
            1.5,
            13.5
          ],
          "texture": "#0"
        },
        "west": {
          "uv": [
            1,
            13,
            1.5,
            13.5
          ],
          "texture": "#0"
        },
        "up": {
          "uv": [
            0.5,
            14,
            1.5,
            15
          ],
          "texture": "#0"
        },
        "down": {
          "uv": [
            1,
            13,
            1.5,
            13.5
          ],
          "texture": "#0"
        }
      }
    },
    {
      "from": [
        7.3,
        9.65,
        4.9
      ],
      "to": [
        8.7,
        10.55,
        6.3
      ],
      "rotation": {
        "angle": 0,
        "axis": "y",
        "origin": [
          7.25,
          12.35,
          4.9
        ]
      },
      "faces": {
        "north": {
          "uv": [
            0.5,
            14,
            1.5,
            15
          ],
          "texture": "#0"
        },
        "east": {
          "uv": [
            0.5,
            14,
            1.5,
            15
          ],
          "texture": "#0"
        },
        "south": {
          "uv": [
            0.5,
            14,
            1.5,
            15
          ],
          "texture": "#0"
        },
        "west": {
          "uv": [
            0.5,
            14,
            1.5,
            15
          ],
          "texture": "#0"
        },
        "up": {
          "uv": [
            0.5,
            14,
            1.5,
            15
          ],
          "texture": "#0"
        },
        "down": {
          "uv": [
            0.5,
            14,
            1.5,
            15
          ],
          "texture": "#0"
        }
      }
    },
    {
      "from": [
        7.3,
        9.65,
        7.7
      ],
      "to": [
        8.7,
        10.55,
        9.1
      ],
      "rotation": {
        "angle": 0,
        "axis": "y",
        "origin": [
          7.25,
          12.35,
          7.7
        ]
      },
      "faces": {
        "north": {
          "uv": [
            0.5,
            14,
            1.5,
            15
          ],
          "texture": "#0"
        },
        "east": {
          "uv": [
            0.5,
            14,
            1.5,
            15
          ],
          "texture": "#0"
        },
        "south": {
          "uv": [
            0.5,
            14,
            1.5,
            15
          ],
          "texture": "#0"
        },
        "west": {
          "uv": [
            0.5,
            14,
            1.5,
            15
          ],
          "texture": "#0"
        },
        "up": {
          "uv": [
            0.5,
            14,
            1.5,
            15
          ],
          "texture": "#0"
        },
        "down": {
          "uv": [
            0.5,
            14,
            1.5,
            15
          ],
          "texture": "#0"
        }
      }
    },
    {
      "from": [
        8.7,
        9.65,
        6.3
      ],
      "to": [
        10.1,
        10.55,
        7.7
      ],
      "rotation": {
        "angle": 0,
        "axis": "y",
        "origin": [
          8.65,
          12.35,
          6.3
        ]
      },
      "faces": {
        "north": {
          "uv": [
            0.5,
            14,
            1.5,
            15
          ],
          "texture": "#0"
        },
        "east": {
          "uv": [
            0.5,
            14,
            1.5,
            15
          ],
          "texture": "#0"
        },
        "south": {
          "uv": [
            0.5,
            14,
            1.5,
            15
          ],
          "texture": "#0"
        },
        "west": {
          "uv": [
            0.5,
            14,
            1.5,
            15
          ],
          "texture": "#0"
        },
        "up": {
          "uv": [
            0.5,
            14,
            1.5,
            15
          ],
          "texture": "#0"
        },
        "down": {
          "uv": [
            0.5,
            14,
            1.5,
            15
          ],
          "texture": "#0"
        }
      }
    },
    {
      "from": [
        8.7,
        9.75,
        4.9
      ],
      "to": [
        10.1,
        10.45,
        6.3
      ],
      "rotation": {
        "angle": 0,
        "axis": "y",
        "origin": [
          8.65,
          12.25,
          4.9
        ]
      },
      "faces": {
        "north": {
          "uv": [
            1.5,
            14,
            2.5,
            15
          ],
          "texture": "#0"
        },
        "east": {
          "uv": [
            1.5,
            14,
            2.5,
            15
          ],
          "texture": "#0"
        },
        "south": {
          "uv": [
            1.5,
            14,
            2.5,
            15
          ],
          "texture": "#0"
        },
        "west": {
          "uv": [
            1.5,
            14,
            2.5,
            15
          ],
          "texture": "#0"
        },
        "up": {
          "uv": [
            1.5,
            14,
            2.5,
            15
          ],
          "texture": "#0"
        },
        "down": {
          "uv": [
            1.5,
            14,
            2.5,
            15
          ],
          "texture": "#0"
        }
      }
    },
    {
      "from": [
        5.9,
        9.75,
        4.9
      ],
      "to": [
        7.3,
        10.45,
        6.3
      ],
      "rotation": {
        "angle": 0,
        "axis": "y",
        "origin": [
          5.85,
          12.25,
          4.9
        ]
      },
      "faces": {
        "north": {
          "uv": [
            2.5,
            14.5,
            3.5,
            15.5
          ],
          "texture": "#0"
        },
        "east": {
          "uv": [
            2.5,
            14.5,
            3.5,
            15.5
          ],
          "texture": "#0"
        },
        "south": {
          "uv": [
            2.5,
            14.5,
            3.5,
            15.5
          ],
          "texture": "#0"
        },
        "west": {
          "uv": [
            2.5,
            14.5,
            3.5,
            15.5
          ],
          "texture": "#0"
        },
        "up": {
          "uv": [
            2.5,
            14.5,
            3.5,
            15.5
          ],
          "texture": "#0"
        },
        "down": {
          "uv": [
            2.5,
            14.5,
            3.5,
            15.5
          ],
          "texture": "#0"
        }
      }
    },
    {
      "from": [
        5.9,
        9.75,
        7.7
      ],
      "to": [
        7.3,
        10.45,
        9.1
      ],
      "rotation": {
        "angle": 0,
        "axis": "y",
        "origin": [
          5.85,
          12.25,
          7.7
        ]
      },
      "faces": {
        "north": {
          "uv": [
            1.5,
            14,
            2.5,
            15
          ],
          "texture": "#0"
        },
        "east": {
          "uv": [
            1.5,
            14,
            2.5,
            15
          ],
          "texture": "#0"
        },
        "south": {
          "uv": [
            1.5,
            14,
            2.5,
            15
          ],
          "texture": "#0"
        },
        "west": {
          "uv": [
            1.5,
            14,
            2.5,
            15
          ],
          "texture": "#0"
        },
        "up": {
          "uv": [
            1.5,
            14,
            2.5,
            15
          ],
          "texture": "#0"
        },
        "down": {
          "uv": [
            1.5,
            14,
            2.5,
            15
          ],
          "texture": "#0"
        }
      }
    },
    {
      "from": [
        8.7,
        9.75,
        7.7
      ],
      "to": [
        10.1,
        10.45,
        9.1
      ],
      "rotation": {
        "angle": 0,
        "axis": "y",
        "origin": [
          8.65,
          12.25,
          7.7
        ]
      },
      "faces": {
        "north": {
          "uv": [
            2.5,
            14.5,
            3.5,
            15.5
          ],
          "texture": "#0"
        },
        "east": {
          "uv": [
            2.5,
            14.5,
            3.5,
            15.5
          ],
          "texture": "#0"
        },
        "south": {
          "uv": [
            2.5,
            14.5,
            3.5,
            15.5
          ],
          "texture": "#0"
        },
        "west": {
          "uv": [
            2.5,
            14.5,
            3.5,
            15.5
          ],
          "texture": "#0"
        },
        "up": {
          "uv": [
            2.5,
            14.5,
            3.5,
            15.5
          ],
          "texture": "#0"
        },
        "down": {
          "uv": [
            2.5,
            14.5,
            3.5,
            15.5
          ],
          "texture": "#0"
        }
      }
    },
    {
      "from": [
        5.9,
        9.65,
        6.3
      ],
      "to": [
        7.3,
        10.55,
        7.7
      ],
      "rotation": {
        "angle": 0,
        "axis": "y",
        "origin": [
          5.85,
          12.35,
          6.3
        ]
      },
      "faces": {
        "north": {
          "uv": [
            0.5,
            14,
            1.5,
            15
          ],
          "texture": "#0"
        },
        "east": {
          "uv": [
            0.5,
            14,
            1.5,
            15
          ],
          "texture": "#0"
        },
        "south": {
          "uv": [
            0.5,
            14,
            1.5,
            15
          ],
          "texture": "#0"
        },
        "west": {
          "uv": [
            0.5,
            14,
            1.5,
            15
          ],
          "texture": "#0"
        },
        "up": {
          "uv": [
            0.5,
            14,
            1.5,
            15
          ],
          "texture": "#0"
        },
        "down": {
          "uv": [
            0.5,
            14,
            1.5,
            15
          ],
          "texture": "#0"
        }
      }
    },
    {
      "from": [
        7.6,
        3.41166,
        4.9
      ],
      "to": [
        8.4,
        4.21166,
        7
      ],
      "rotation": {
        "angle": 22.5,
        "axis": "x",
        "origin": [
          8,
          3.81166,
          5.2
        ]
      },
      "faces": {
        "north": {
          "uv": [
            11.5,
            11,
            8.5,
            12.5
          ],
          "texture": "#0"
        },
        "east": {
          "uv": [
            11.5,
            11,
            8.5,
            12.5
          ],
          "texture": "#0"
        },
        "south": {
          "uv": [
            11.5,
            11,
            8.5,
            12.5
          ],
          "texture": "#0"
        },
        "west": {
          "uv": [
            11.5,
            11,
            8.5,
            12.5
          ],
          "texture": "#0"
        },
        "up": {
          "uv": [
            10,
            11,
            9,
            12.5
          ],
          "texture": "#0"
        },
        "down": {
          "uv": [
            11.5,
            11.5,
            10.5,
            12.5
          ],
          "texture": "#0"
        }
      }
    },
    {
      "from": [
        7.625,
        3.57297,
        4.05048
      ],
      "to": [
        8.375,
        5.17297,
        4.85048
      ],
      "rotation": {
        "angle": -22.5,
        "axis": "x",
        "origin": [
          8,
          5.37297,
          4.45048
        ]
      },
      "faces": {
        "north": {
          "uv": [
            10,
            8.5,
            11.5,
            11
          ],
          "texture": "#0"
        },
        "east": {
          "uv": [
            11.5,
            8.5,
            10,
            11
          ],
          "texture": "#0"
        },
        "south": {
          "uv": [
            10,
            8.5,
            11.5,
            11
          ],
          "texture": "#0"
        },
        "west": {
          "uv": [
            11.5,
            8.5,
            10,
            11
          ],
          "texture": "#0"
        },
        "up": {
          "uv": [
            11.5,
            8.5,
            10,
            11
          ],
          "texture": "#0"
        },
        "down": {
          "uv": [
            11.5,
            8.5,
            10,
            11
          ],
          "texture": "#0"
        }
      }
    },
    {
      "from": [
        7.625,
        6.44503,
        4.81585
      ],
      "to": [
        8.375,
        8.04503,
        5.61585
      ],
      "rotation": {
        "angle": 22.5,
        "axis": "x",
        "origin": [
          8,
          8.24503,
          5.21585
        ]
      },
      "faces": {
        "north": {
          "uv": [
            11.5,
            3.5,
            10,
            6
          ],
          "texture": "#0"
        },
        "east": {
          "uv": [
            10,
            3.5,
            11.5,
            6
          ],
          "texture": "#0"
        },
        "south": {
          "uv": [
            11.5,
            3.5,
            10,
            6
          ],
          "texture": "#0"
        },
        "west": {
          "uv": [
            10,
            3.5,
            11.5,
            6
          ],
          "texture": "#0"
        },
        "up": {
          "uv": [
            10,
            3.5,
            11.5,
            4.5
          ],
          "texture": "#0"
        },
        "down": {
          "uv": [
            10,
            5,
            11.5,
            6
          ],
          "texture": "#0"
        }
      }
    },
    {
      "from": [
        7.625,
        5.96404,
        4.41906
      ],
      "to": [
        8.375,
        7.06404,
        5.11906
      ],
      "rotation": {
        "angle": 45,
        "axis": "x",
        "origin": [
          8,
          9.15,
          7
        ]
      },
      "faces": {
        "north": {
          "uv": [
            3.5,
            11,
            4,
            13
          ],
          "texture": "#0"
        },
        "east": {
          "uv": [
            3,
            13,
            4.5,
            11
          ],
          "texture": "#0"
        },
        "south": {
          "uv": [
            4.5,
            13,
            3,
            11
          ],
          "texture": "#0"
        },
        "west": {
          "uv": [
            4.5,
            13,
            3,
            11
          ],
          "texture": "#0"
        },
        "up": {
          "uv": [
            3,
            11,
            4.5,
            13
          ],
          "texture": "#0"
        },
        "down": {
          "uv": [
            3,
            11,
            4.5,
            13
          ],
          "texture": "#0"
        }
      }
    },
    {
      "from": [
        7.575,
        8.8,
        9.5
      ],
      "to": [
        8.425,
        9.5,
        10.3
      ],
      "rotation": {
        "angle": 0,
        "axis": "y",
        "origin": [
          8,
          9.15,
          7
        ]
      },
      "faces": {
        "north": {
          "uv": [
            3,
            13,
            4.5,
            14.5
          ],
          "texture": "#0"
        },
        "east": {
          "uv": [
            4.5,
            14.5,
            3,
            13
          ],
          "texture": "#0"
        },
        "south": {
          "uv": [
            3,
            13,
            4.5,
            14.5
          ],
          "texture": "#0"
        },
        "west": {
          "uv": [
            3,
            13,
            4.5,
            14.5
          ],
          "texture": "#0"
        },
        "up": {
          "uv": [
            3.5,
            13,
            4,
            14.5
          ],
          "texture": "#0"
        },
        "down": {
          "uv": [
            3,
            14.5,
            4.5,
            13
          ],
          "texture": "#0"
        }
      }
    },
    {
      "from": [
        7.7,
        7.33191,
        10.62766
      ],
      "to": [
        8.3,
        8.03191,
        11.32766
      ],
      "rotation": {
        "angle": -45,
        "axis": "x",
        "origin": [
          8,
          9.15,
          7
        ]
      },
      "faces": {
        "north": {
          "uv": [
            3,
            6.5,
            4.5,
            8
          ],
          "texture": "#0"
        },
        "east": {
          "uv": [
            3,
            6.5,
            4.5,
            8
          ],
          "texture": "#0"
        },
        "south": {
          "uv": [
            3,
            6.5,
            4.5,
            8
          ],
          "texture": "#0"
        },
        "west": {
          "uv": [
            3,
            6.5,
            4.5,
            8
          ],
          "texture": "#0"
        },
        "up": {
          "uv": [
            3,
            6.5,
            4.5,
            8
          ],
          "texture": "#0"
        },
        "down": {
          "uv": [
            3,
            6.5,
            4.5,
            8
          ],
          "texture": "#0"
        }
      }
    },
    {
      "from": [
        7.675,
        10.22453,
        10.6457
      ],
      "to": [
        8.325,
        10.92453,
        11.3457
      ],
      "rotation": {
        "angle": 0,
        "axis": "y",
        "origin": [
          8,
          9.15,
          7
        ]
      },
      "faces": {
        "north": {
          "uv": [
            3,
            8,
            4.5,
            9.5
          ],
          "texture": "#0"
        },
        "east": {
          "uv": [
            3,
            8,
            4.5,
            9.5
          ],
          "texture": "#0"
        },
        "south": {
          "uv": [
            4,
            8.5,
            3.5,
            10
          ],
          "texture": "#0"
        },
        "west": {
          "uv": [
            3,
            8,
            4.5,
            9.5
          ],
          "texture": "#0"
        },
        "up": {
          "uv": [
            3,
            8,
            4.5,
            9.5
          ],
          "texture": "#0"
        },
        "down": {
          "uv": [
            3,
            8,
            4.5,
            9.5
          ],
          "texture": "#0"
        }
      }
    },
    {
      "from": [
        7.65,
        11.10576,
        9.90369
      ],
      "to": [
        8.35,
        11.80576,
        10.60369
      ],
      "rotation": {
        "angle": 22.5,
        "axis": "x",
        "origin": [
          8,
          9.15,
          7
        ]
      },
      "faces": {
        "north": {
          "uv": [
            3.5,
            9.5,
            4,
            11
          ],
          "texture": "#0"
        },
        "east": {
          "uv": [
            4.5,
            9.5,
            3,
            11
          ],
          "texture": "#0"
        },
        "south": {
          "uv": [
            3.5,
            10,
            4,
            11.5
          ],
          "texture": "#0"
        },
        "west": {
          "uv": [
            3,
            9.5,
            4.5,
            11
          ],
          "texture": "#0"
        },
        "up": {
          "uv": [
            3,
            9.5,
            4.5,
            11
          ],
          "texture": "#0"
        },
        "down": {
          "uv": [
            3,
            9.5,
            4.5,
            11
          ],
          "texture": "#0"
        }
      }
    },
    {
      "from": [
        7.625,
        11.23596,
        8.88094
      ],
      "to": [
        8.375,
        12.33596,
        9.58094
      ],
      "rotation": {
        "angle": 45,
        "axis": "x",
        "origin": [
          8,
          9.15,
          7
        ]
      },
      "faces": {
        "north": {
          "uv": [
            3.5,
            11,
            4,
            13
          ],
          "texture": "#0"
        },
        "east": {
          "uv": [
            4.5,
            11,
            3,
            13
          ],
          "texture": "#0"
        },
        "south": {
          "uv": [
            3.5,
            11,
            4,
            13
          ],
          "texture": "#0"
        },
        "west": {
          "uv": [
            3,
            11,
            4.5,
            13
          ],
          "texture": "#0"
        },
        "up": {
          "uv": [
            3,
            11,
            4.5,
            13
          ],
          "texture": "#0"
        },
        "down": {
          "uv": [
            3,
            11,
            4.5,
            13
          ],
          "texture": "#0"
        }
      }
    },
    {
      "from": [
        7.65,
        6.49424,
        3.39631
      ],
      "to": [
        8.35,
        7.19424,
        4.09631
      ],
      "rotation": {
        "angle": 22.5,
        "axis": "x",
        "origin": [
          8,
          9.15,
          7
        ]
      },
      "faces": {
        "north": {
          "uv": [
            3.5,
            11.5,
            4,
            10
          ],
          "texture": "#0"
        },
        "east": {
          "uv": [
            3,
            11,
            4.5,
            9.5
          ],
          "texture": "#0"
        },
        "south": {
          "uv": [
            3,
            11,
            4.5,
            9.5
          ],
          "texture": "#0"
        },
        "west": {
          "uv": [
            4.5,
            11,
            3,
            9.5
          ],
          "texture": "#0"
        },
        "up": {
          "uv": [
            3,
            9.5,
            4.5,
            11
          ],
          "texture": "#0"
        },
        "down": {
          "uv": [
            3,
            9.5,
            4.5,
            11
          ],
          "texture": "#0"
        }
      }
    },
    {
      "from": [
        7.675,
        7.37547,
        2.6543
      ],
      "to": [
        8.325,
        8.07547,
        3.3543
      ],
      "rotation": {
        "angle": 0,
        "axis": "y",
        "origin": [
          8,
          9.15,
          7
        ]
      },
      "faces": {
        "north": {
          "uv": [
            4,
            10,
            3.5,
            8.5
          ],
          "texture": "#0"
        },
        "east": {
          "uv": [
            3,
            9.5,
            4.5,
            8
          ],
          "texture": "#0"
        },
        "south": {
          "uv": [
            4.5,
            9.5,
            3,
            8
          ],
          "texture": "#0"
        },
        "west": {
          "uv": [
            3,
            9.5,
            4.5,
            8
          ],
          "texture": "#0"
        },
        "up": {
          "uv": [
            3,
            8,
            4.5,
            9.5
          ],
          "texture": "#0"
        },
        "down": {
          "uv": [
            3,
            8,
            4.5,
            9.5
          ],
          "texture": "#0"
        }
      }
    },
    {
      "from": [
        7.575,
        8.8,
        3.7
      ],
      "to": [
        8.425,
        9.5,
        4.5
      ],
      "rotation": {
        "angle": 0,
        "axis": "y",
        "origin": [
          8,
          9.15,
          7
        ]
      },
      "faces": {
        "north": {
          "uv": [
            3,
            13,
            4.5,
            14.5
          ],
          "texture": "#0"
        },
        "east": {
          "uv": [
            3,
            13,
            4.5,
            14.5
          ],
          "texture": "#0"
        },
        "south": {
          "uv": [
            3,
            13,
            4.5,
            14.5
          ],
          "texture": "#0"
        },
        "west": {
          "uv": [
            4.5,
            14.5,
            3,
            13
          ],
          "texture": "#0"
        },
        "up": {
          "uv": [
            3.5,
            13,
            4,
            14.5
          ],
          "texture": "#0"
        },
        "down": {
          "uv": [
            3,
            13,
            4.5,
            14.5
          ],
          "texture": "#0"
        }
      }
    },
    {
      "from": [
        7.7,
        10.26809,
        2.67234
      ],
      "to": [
        8.3,
        10.96809,
        3.37234
      ],
      "rotation": {
        "angle": -45,
        "axis": "x",
        "origin": [
          8,
          9.15,
          7
        ]
      },
      "faces": {
        "north": {
          "uv": [
            4.5,
            6.5,
            3,
            8
          ],
          "texture": "#0"
        },
        "east": {
          "uv": [
            3,
            8,
            4.5,
            6.5
          ],
          "texture": "#0"
        },
        "south": {
          "uv": [
            4.5,
            8,
            3,
            6.5
          ],
          "texture": "#0"
        },
        "west": {
          "uv": [
            3,
            8,
            4.5,
            6.5
          ],
          "texture": "#0"
        },
        "up": {
          "uv": [
            3,
            6.5,
            4.5,
            8
          ],
          "texture": "#0"
        },
        "down": {
          "uv": [
            3,
            6.5,
            4.5,
            8
          ],
          "texture": "#0"
        }
      }
    },
    {
      "from": [
        7.65,
        5.03512,
        4.15747
      ],
      "to": [
        8.35,
        6.73512,
        4.95747
      ],
      "rotation": {
        "angle": 0,
        "axis": "y",
        "origin": [
          8,
          6.93512,
          4.55747
        ]
      },
      "faces": {
        "north": {
          "uv": [
            11.5,
            6,
            10,
            8.5
          ],
          "texture": "#0"
        },
        "east": {
          "uv": [
            11.5,
            6,
            10,
            8.5
          ],
          "texture": "#0"
        },
        "south": {
          "uv": [
            11.5,
            6,
            10,
            8.5
          ],
          "texture": "#0"
        },
        "west": {
          "uv": [
            10,
            6,
            11.5,
            8.5
          ],
          "texture": "#0"
        },
        "up": {
          "uv": [
            11.5,
            6,
            10,
            8.5
          ],
          "texture": "#0"
        },
        "down": {
          "uv": [
            11.5,
            6,
            10,
            8.5
          ],
          "texture": "#0"
        }
      }
    },
    {
      "from": [
        7.16,
        2.9,
        6.16
      ],
      "to": [
        8.84,
        3.6,
        7.84
      ],
      "rotation": {
        "angle": 0,
        "axis": "y",
        "origin": [
          7.3,
          2.2,
          6.3
        ]
      },
      "faces": {
        "north": {
          "uv": [
            7,
            11.5,
            8.5,
            12.5
          ],
          "texture": "#0"
        },
        "east": {
          "uv": [
            7,
            11.5,
            8.5,
            12.5
          ],
          "texture": "#0"
        },
        "south": {
          "uv": [
            7,
            11.5,
            8.5,
            12.5
          ],
          "texture": "#0"
        },
        "west": {
          "uv": [
            7,
            11.5,
            8.5,
            12.5
          ],
          "texture": "#0"
        },
        "up": {
          "uv": [
            7,
            11.5,
            8.5,
            12
          ],
          "texture": "#0"
        },
        "down": {
          "uv": [
            7,
            12,
            8.5,
            12.5
          ],
          "texture": "#0"
        }
      }
    },
    {
      "from": [
        7.23,
        2.55,
        6.23
      ],
      "to": [
        8.77,
        2.9,
        7.77
      ],
      "rotation": {
        "angle": 0,
        "axis": "y",
        "origin": [
          7.3,
          1.5,
          6.3
        ]
      },
      "faces": {
        "north": {
          "uv": [
            7,
            11,
            8.5,
            11.5
          ],
          "texture": "#0"
        },
        "east": {
          "uv": [
            7,
            11,
            8.5,
            11.5
          ],
          "texture": "#0"
        },
        "south": {
          "uv": [
            7,
            11,
            8.5,
            11.5
          ],
          "texture": "#0"
        },
        "west": {
          "uv": [
            7,
            11,
            8.5,
            11.5
          ],
          "texture": "#0"
        },
        "up": {
          "uv": [
            7,
            11,
            8.5,
            11.5
          ],
          "texture": "#0"
        },
        "down": {
          "uv": [
            7,
            11,
            8.5,
            11.5
          ],
          "texture": "#0"
        }
      }
    },
    {
      "from": [
        7.58,
        1.85,
        6.58
      ],
      "to": [
        8.42,
        2.2,
        7.42
      ],
      "rotation": {
        "angle": 0,
        "axis": "y",
        "origin": [
          7.3,
          0.8,
          6.3
        ]
      },
      "faces": {
        "north": {
          "uv": [
            7,
            10,
            8.5,
            10.5
          ],
          "texture": "#0"
        },
        "east": {
          "uv": [
            7,
            10,
            8.5,
            10.5
          ],
          "texture": "#0"
        },
        "south": {
          "uv": [
            7,
            10,
            8.5,
            10.5
          ],
          "texture": "#0"
        },
        "west": {
          "uv": [
            7,
            10,
            8.5,
            10.5
          ],
          "texture": "#0"
        },
        "up": {
          "uv": [
            7,
            10,
            8.5,
            10.5
          ],
          "texture": "#0"
        },
        "down": {
          "uv": [
            7,
            10,
            8.5,
            10.5
          ],
          "texture": "#0"
        }
      }
    },
    {
      "from": [
        7.37,
        2.2,
        6.37
      ],
      "to": [
        8.63,
        2.55,
        7.63
      ],
      "rotation": {
        "angle": 0,
        "axis": "y",
        "origin": [
          7.3,
          1.15,
          6.3
        ]
      },
      "faces": {
        "north": {
          "uv": [
            7,
            10.5,
            8.5,
            11
          ],
          "texture": "#0"
        },
        "east": {
          "uv": [
            7,
            10.5,
            8.5,
            11
          ],
          "texture": "#0"
        },
        "south": {
          "uv": [
            7,
            10.5,
            8.5,
            11
          ],
          "texture": "#0"
        },
        "west": {
          "uv": [
            7,
            10.5,
            8.5,
            11
          ],
          "texture": "#0"
        },
        "up": {
          "uv": [
            7,
            10.5,
            8.5,
            11
          ],
          "texture": "#0"
        },
        "down": {
          "uv": [
            7,
            10.5,
            8.5,
            11
          ],
          "texture": "#0"
        }
      }
    },
    {
      "from": [
        7.4,
        8.6,
        4.5
      ],
      "to": [
        8.6,
        9.5,
        9.5
      ],
      "rotation": {
        "angle": 0,
        "axis": "y",
        "origin": [
          8,
          9.15,
          7
        ]
      },
      "faces": {
        "north": {
          "uv": [
            4.5,
            12.5,
            5,
            14.5
          ],
          "texture": "#0"
        },
        "east": {
          "uv": [
            4.5,
            12.5,
            12.5,
            14.5
          ],
          "texture": "#0"
        },
        "south": {
          "uv": [
            12,
            12.5,
            12.5,
            14.5
          ],
          "texture": "#0"
        },
        "west": {
          "uv": [
            4.5,
            12.5,
            12.5,
            14.5
          ],
          "texture": "#0"
        },
        "up": {
          "uv": [
            6.5,
            13,
            7,
            13.5
          ],
          "texture": "#0"
        },
        "down": {
          "uv": [
            10,
            13.5,
            10.5,
            14
          ],
          "texture": "#0"
        }
      }
    },
    {
      "from": [
        7.8,
        10.525,
        6.4
      ],
      "to": [
        8.2,
        25.525,
        7.6
      ],
      "rotation": {
        "angle": 0,
        "axis": "y",
        "origin": [
          7.5,
          10.525,
          6
        ]
      },
      "faces": {
        "north": {
          "uv": [
            0.5,
            4.5,
            1,
            14
          ],
          "texture": "#0"
        },
        "east": {
          "uv": [
            3,
            4.5,
            0.5,
            14
          ],
          "texture": "#0"
        },
        "south": {
          "uv": [
            2.5,
            4.5,
            3,
            14
          ],
          "texture": "#0"
        },
        "west": {
          "uv": [
            0.5,
            4.5,
            3,
            14
          ],
          "texture": "#0"
        },
        "up": {
          "uv": [
            0,
            0,
            0.5,
            1
          ],
          "texture": "#0"
        },
        "down": {
          "uv": [
            0,
            0,
            0.5,
            1
          ],
          "texture": "#0"
        }
      }
    },
    {
      "from": [
        7.925,
        10.525,
        6.3
      ],
      "to": [
        8.075,
        25.525,
        7.7
      ],
      "rotation": {
        "angle": 0,
        "axis": "y",
        "origin": [
          7.5,
          10.525,
          6
        ]
      },
      "faces": {
        "north": {
          "uv": [
            0.5,
            4.5,
            1,
            14
          ],
          "texture": "#0"
        },
        "east": {
          "uv": [
            3,
            4.5,
            0.5,
            14
          ],
          "texture": "#0"
        },
        "south": {
          "uv": [
            2.5,
            4.5,
            3,
            14
          ],
          "texture": "#0"
        },
        "west": {
          "uv": [
            0.5,
            4.5,
            3,
            14
          ],
          "texture": "#0"
        },
        "up": {
          "uv": [
            0,
            0,
            0.5,
            1
          ],
          "texture": "#0"
        },
        "down": {
          "uv": [
            0,
            0,
            0.5,
            1
          ],
          "texture": "#0"
        }
      }
    },
    {
      "from": [
        7.775,
        25.1,
        6.575
      ],
      "to": [
        8.225,
        25.95,
        7.425
      ],
      "rotation": {
        "angle": -45,
        "axis": "x",
        "origin": [
          8,
          25.525,
          7
        ]
      },
      "faces": {
        "north": {
          "uv": [
            1,
            6,
            1.5,
            6.5
          ],
          "texture": "#0"
        },
        "east": {
          "uv": [
            1,
            6,
            1.5,
            6.5
          ],
          "texture": "#0"
        },
        "south": {
          "uv": [
            1,
            6,
            1.5,
            6.5
          ],
          "texture": "#0"
        },
        "west": {
          "uv": [
            1,
            6,
            1.5,
            6.5
          ],
          "texture": "#0"
        },
        "up": {
          "uv": [
            1,
            6,
            1.5,
            6.5
          ],
          "texture": "#0"
        },
        "down": {
          "uv": [
            1,
            6,
            1.5,
            6.5
          ],
          "texture": "#0"
        }
      }
    },
    {
      "from": [
        7.9,
        25.025,
        6.5
      ],
      "to": [
        8.1,
        26.025,
        7.5
      ],
      "rotation": {
        "angle": -45,
        "axis": "x",
        "origin": [
          8,
          25.525,
          7
        ]
      },
      "faces": {
        "north": {
          "uv": [
            1,
            6,
            1.5,
            6.5
          ],
          "texture": "#0"
        },
        "east": {
          "uv": [
            1,
            6,
            1.5,
            6.5
          ],
          "texture": "#0"
        },
        "south": {
          "uv": [
            1,
            6,
            1.5,
            6.5
          ],
          "texture": "#0"
        },
        "west": {
          "uv": [
            1,
            5,
            1.5,
            5.5
          ],
          "texture": "#0"
        },
        "up": {
          "uv": [
            1,
            6,
            1.5,
            6.5
          ],
          "texture": "#0"
        },
        "down": {
          "uv": [
            1,
            6,
            1.5,
            6.5
          ],
          "texture": "#0"
        }
      }
    }
  ],
  "display": {
    "thirdperson_righthand": {
      "translation": [
        0,
        0,
        1
      ]
    },
    "thirdperson_lefthand": {
      "translation": [
        0,
        0,
        1
      ]
    },
    "firstperson_righthand": {
      "rotation": [
        -51.5,
        0,
        0
      ]
    },
    "firstperson_lefthand": {
      "rotation": [
        -51.5,
        0,
        0
      ]
    },
    "ground": {
      "translation": [
        -1,
        4.75,
        -7
      ],
      "scale": [
        0.55,
        0.55,
        0.55
      ]
    },
    "gui": {
      "rotation": [
        90,
        -45,
        90
      ],
      "translation": [
        2.5,
        -3.75,
        0
      ],
      "scale": [
        0.7,
        0.75,
        0.8
      ]
    },
    "head": {
      "rotation": [
        90,
        0,
        -85
      ]
    },
    "fixed": {
      "rotation": [
        -90,
        45,
        90
      ],
      "translation": [
        3.5,
        -2,
        0
      ]
    }
  },
  "groups": [
    {
      "name": "Rapier",
      "origin": [
        8,
        25.525,
        7
      ],
      "color": 0,
      "children": [
        0,
        1,
        2,
        3,
        4,
        5,
        6,
        7,
        8,
        9,
        10,
        11,
        12,
        13,
        14,
        15,
        16,
        17,
        18,
        19,
        20,
        21,
        22,
        23,
        24,
        25,
        26,
        27,
        28,
        29,
        30,
        31,
        32,
        33,
        34
      ]
    }
  ]
}