{
  "credit": "Made By AtPoe",
  "ambientocclusion": false,
  "texture_size": [
    32,
    32
  ],
  "elements": [
    {
      "from": [
        15.68411,
        24.89358,
        7.975
      ],
      "to": [
        16.58411,
        25.86858,
        8.025
      ],
      "rotation": {
        "angle": 22.5,
        "axis": "z",
        "origin": [
          16.13411,
          26.09358,
          8
        ]
      },
      "faces": {
        "north": {
          "uv": [
            8.5,
            10.25,
            8.75,
            10.75
          ],
          "texture": "#scythe_0"
        },
        "east": {
          "uv": [
            8.5,
            9.75,
            8.75,
            10.25
          ],
          "texture": "#scythe_0"
        },
        "south": {
          "uv": [
            8.5,
            10.25,
            8.75,
            10.75
          ],
          "texture": "#scythe_0"
        },
        "west": {
          "uv": [
            8.5,
            10.75,
            8.75,
            11.25
          ],
          "texture": "#scythe_0"
        },
        "up": {
          "uv": [
            0,
            0,
            0.25,
            0.2
          ],
          "texture": "#scythe_0"
        },
        "down": {
          "uv": [
            8.75,
            10,
            9,
            10.25
          ],
          "texture": "#scythe_0"
        }
      }
    },
    {
      "from": [
        7.4,
        1.5,
        7.4
      ],
      "to": [
        8.6,
        17,
        8.6
      ],
      "rotation": {
        "angle": 0,
        "axis": "y",
        "origin": [
          0,
          -3,
          0
        ]
      },
      "faces": {
        "north": {
          "uv": [
            0,
            0,
            0.75,
            7.75
          ],
          "texture": "#scythe_0"
        },
        "east": {
          "uv": [
            0,
            0,
            0.75,
            7.75
          ],
          "texture": "#scythe_0"
        },
        "south": {
          "uv": [
            0,
            0,
            0.75,
            7.75
          ],
          "texture": "#scythe_0"
        },
        "west": {
          "uv": [
            0,
            0,
            0.75,
            7.75
          ],
          "texture": "#scythe_0"
        },
        "up": {
          "uv": [
            6,
            9,
            5.5,
            8.5
          ],
          "texture": "#scythe_0"
        },
        "down": {
          "uv": [
            6.5,
            8.5,
            6,
            9
          ],
          "texture": "#scythe_0"
        }
      }
    },
    {
      "from": [
        7.15,
        0.6,
        7.4
      ],
      "to": [
        8.35,
        1.8,
        8.6
      ],
      "rotation": {
        "angle": -45,
        "axis": "z",
        "origin": [
          7.2,
          0.6,
          7.4
        ]
      },
      "faces": {
        "north": {
          "uv": [
            4,
            6,
            4.75,
            6.75
          ],
          "texture": "#scythe_0"
        },
        "east": {
          "uv": [
            4,
            6,
            4.75,
            6.75
          ],
          "texture": "#scythe_0"
        },
        "south": {
          "uv": [
            4,
            6,
            4.75,
            6.75
          ],
          "texture": "#scythe_0"
        },
        "west": {
          "uv": [
            4,
            6,
            4.75,
            6.75
          ],
          "texture": "#scythe_0"
        },
        "up": {
          "uv": [
            4,
            6,
            4.75,
            6.75
          ],
          "texture": "#scythe_0"
        },
        "down": {
          "uv": [
            4,
            6,
            4.75,
            6.75
          ],
          "texture": "#scythe_0"
        }
      }
    },
    {
      "from": [
        7.3,
        1,
        7.3
      ],
      "to": [
        8.7,
        1.9,
        8.7
      ],
      "rotation": {
        "angle": 0,
        "axis": "y",
        "origin": [
          0,
          1,
          6
        ]
      },
      "faces": {
        "north": {
          "uv": [
            8,
            8,
            8.75,
            8.5
          ],
          "texture": "#scythe_0"
        },
        "east": {
          "uv": [
            8,
            8,
            8.75,
            8.5
          ],
          "texture": "#scythe_0"
        },
        "south": {
          "uv": [
            8,
            8,
            8.75,
            8.5
          ],
          "texture": "#scythe_0"
        },
        "west": {
          "uv": [
            8,
            8,
            8.75,
            8.5
          ],
          "texture": "#scythe_0"
        },
        "up": {
          "uv": [
            8,
            8,
            8.75,
            8.5
          ],
          "texture": "#scythe_0"
        },
        "down": {
          "uv": [
            8,
            8,
            8.75,
            8.5
          ],
          "texture": "#scythe_0"
        }
      }
    },
    {
      "from": [
        7.3,
        2.6,
        7.3
      ],
      "to": [
        8.7,
        3,
        8.7
      ],
      "rotation": {
        "angle": 0,
        "axis": "y",
        "origin": [
          0,
          2.6,
          6
        ]
      },
      "faces": {
        "north": {
          "uv": [
            9,
            2,
            9.75,
            2.25
          ],
          "texture": "#scythe_0"
        },
        "east": {
          "uv": [
            9,
            2,
            9.75,
            2.25
          ],
          "texture": "#scythe_0"
        },
        "south": {
          "uv": [
            9,
            2,
            9.75,
            2.25
          ],
          "texture": "#scythe_0"
        },
        "west": {
          "uv": [
            9,
            2,
            9.75,
            2.25
          ],
          "texture": "#scythe_0"
        },
        "up": {
          "uv": [
            9,
            2,
            9.75,
            2.25
          ],
          "texture": "#scythe_0"
        },
        "down": {
          "uv": [
            9,
            2,
            9.75,
            2.25
          ],
          "texture": "#scythe_0"
        }
      }
    },
    {
      "from": [
        7.3,
        15.6,
        7.3
      ],
      "to": [
        8.7,
        16,
        8.7
      ],
      "rotation": {
        "angle": 0,
        "axis": "y",
        "origin": [
          0,
          15.6,
          6
        ]
      },
      "faces": {
        "north": {
          "uv": [
            1,
            9,
            1.75,
            9.25
          ],
          "texture": "#scythe_0"
        },
        "east": {
          "uv": [
            1,
            9,
            1.75,
            9.25
          ],
          "texture": "#scythe_0"
        },
        "south": {
          "uv": [
            1,
            9,
            1.75,
            9.25
          ],
          "texture": "#scythe_0"
        },
        "west": {
          "uv": [
            1,
            9,
            1.75,
            9.25
          ],
          "texture": "#scythe_0"
        },
        "up": {
          "uv": [
            1,
            9,
            1.75,
            9.25
          ],
          "texture": "#scythe_0"
        },
        "down": {
          "uv": [
            1,
            9,
            1.75,
            9.25
          ],
          "texture": "#scythe_0"
        }
      }
    },
    {
      "from": [
        7.1,
        16.5,
        7.1
      ],
      "to": [
        8.9,
        17.4,
        8.9
      ],
      "rotation": {
        "angle": 0,
        "axis": "y",
        "origin": [
          0,
          16.5,
          6
        ]
      },
      "faces": {
        "north": {
          "uv": [
            8,
            6,
            8.75,
            6.5
          ],
          "texture": "#scythe_0"
        },
        "east": {
          "uv": [
            8,
            6,
            8.75,
            6.5
          ],
          "texture": "#scythe_0"
        },
        "south": {
          "uv": [
            8,
            6,
            8.75,
            6.5
          ],
          "texture": "#scythe_0"
        },
        "west": {
          "uv": [
            8,
            6,
            8.75,
            6.5
          ],
          "texture": "#scythe_0"
        },
        "up": {
          "uv": [
            8,
            6,
            8.75,
            6.5
          ],
          "texture": "#scythe_0"
        },
        "down": {
          "uv": [
            8,
            6,
            8.75,
            6.5
          ],
          "texture": "#scythe_0"
        }
      }
    },
    {
      "from": [
        4.5,
        23.8,
        7.3
      ],
      "to": [
        6.1,
        24.7,
        8.7
      ],
      "rotation": {
        "angle": 0,
        "axis": "y",
        "origin": [
          -2.7,
          23.8,
          6
        ]
      },
      "faces": {
        "north": {
          "uv": [
            4.5,
            8,
            5.25,
            8.5
          ],
          "texture": "#scythe_0"
        },
        "east": {
          "uv": [
            4.5,
            8,
            5.25,
            8.5
          ],
          "texture": "#scythe_0"
        },
        "south": {
          "uv": [
            4.5,
            8,
            5.25,
            8.5
          ],
          "texture": "#scythe_0"
        },
        "west": {
          "uv": [
            4.5,
            8,
            5.25,
            8.5
          ],
          "texture": "#scythe_0"
        },
        "up": {
          "uv": [
            4.5,
            8,
            5.25,
            8.5
          ],
          "texture": "#scythe_0"
        },
        "down": {
          "uv": [
            4.5,
            8,
            5.25,
            8.5
          ],
          "texture": "#scythe_0"
        }
      }
    },
    {
      "from": [
        6.3,
        16.5,
        7.4
      ],
      "to": [
        7.5,
        24.6,
        8.6
      ],
      "rotation": {
        "angle": 22.5,
        "axis": "z",
        "origin": [
          6.9,
          20.05,
          8
        ]
      },
      "faces": {
        "north": {
          "uv": [
            2,
            0,
            2.75,
            7
          ],
          "texture": "#scythe_0"
        },
        "east": {
          "uv": [
            3,
            0,
            3.75,
            7
          ],
          "texture": "#scythe_0"
        },
        "south": {
          "uv": [
            2,
            0,
            2.75,
            7
          ],
          "texture": "#scythe_0"
        },
        "west": {
          "uv": [
            3,
            0,
            3.75,
            7
          ],
          "texture": "#scythe_0"
        },
        "up": {
          "uv": [
            4.75,
            6.75,
            4,
            6
          ],
          "texture": "#scythe_0"
        },
        "down": {
          "uv": [
            5.75,
            6,
            5,
            6.75
          ],
          "texture": "#scythe_0"
        }
      }
    },
    {
      "from": [
        5.9,
        23.8,
        7.4
      ],
      "to": [
        7.1,
        28.4,
        8.6
      ],
      "rotation": {
        "angle": -22.5,
        "axis": "z",
        "origin": [
          6.5,
          27.35,
          8
        ]
      },
      "faces": {
        "north": {
          "uv": [
            2,
            0,
            2.75,
            7
          ],
          "texture": "#scythe_0"
        },
        "east": {
          "uv": [
            3,
            0,
            3.75,
            7
          ],
          "texture": "#scythe_0"
        },
        "south": {
          "uv": [
            2,
            0,
            2.75,
            7
          ],
          "texture": "#scythe_0"
        },
        "west": {
          "uv": [
            3,
            0,
            3.75,
            7
          ],
          "texture": "#scythe_0"
        },
        "up": {
          "uv": [
            4.75,
            6.75,
            4,
            6
          ],
          "texture": "#scythe_0"
        },
        "down": {
          "uv": [
            5.75,
            6,
            5,
            6.75
          ],
          "texture": "#scythe_0"
        }
      }
    },
    {
      "from": [
        5.8412,
        27.40656,
        7
      ],
      "to": [
        7.8412,
        29.40656,
        9
      ],
      "rotation": {
        "angle": 22.5,
        "axis": "z",
        "origin": [
          6.8412,
          28.40656,
          8
        ]
      },
      "faces": {
        "north": {
          "uv": [
            0,
            9.75,
            1,
            10.75
          ],
          "texture": "#scythe_0"
        },
        "east": {
          "uv": [
            0,
            10.75,
            1,
            9.75
          ],
          "texture": "#scythe_0"
        },
        "south": {
          "uv": [
            0,
            9.75,
            1,
            10.75
          ],
          "texture": "#scythe_0"
        },
        "west": {
          "uv": [
            0,
            10.75,
            1,
            9.75
          ],
          "texture": "#scythe_0"
        },
        "up": {
          "uv": [
            1,
            9.75,
            0,
            10.75
          ],
          "texture": "#scythe_0"
        },
        "down": {
          "uv": [
            0,
            10.75,
            1,
            9.75
          ],
          "texture": "#scythe_0"
        }
      }
    },
    {
      "from": [
        7.25,
        27.45,
        7.5
      ],
      "to": [
        8.45,
        29.65,
        8.5
      ],
      "rotation": {
        "angle": 0,
        "axis": "y",
        "origin": [
          7.45,
          27.65,
          7
        ]
      },
      "faces": {
        "north": {
          "uv": [
            1.25,
            9.75,
            2,
            11
          ],
          "texture": "#scythe_0"
        },
        "east": {
          "uv": [
            1.25,
            9.75,
            1.75,
            11
          ],
          "texture": "#scythe_0"
        },
        "south": {
          "uv": [
            2,
            9.75,
            1.25,
            11
          ],
          "texture": "#scythe_0"
        },
        "west": {
          "uv": [
            1.5,
            9.75,
            2,
            11
          ],
          "texture": "#scythe_0"
        },
        "up": {
          "uv": [
            1.25,
            9.25,
            2,
            9.75
          ],
          "texture": "#scythe_0"
        },
        "down": {
          "uv": [
            1.25,
            11,
            2,
            11.5
          ],
          "texture": "#scythe_0"
        }
      }
    },
    {
      "from": [
        3.91522,
        27.37654,
        7.65
      ],
      "to": [
        6.31522,
        28.37654,
        8.35
      ],
      "rotation": {
        "angle": 22.5,
        "axis": "z",
        "origin": [
          5.11522,
          27.87654,
          8
        ]
      },
      "faces": {
        "north": {
          "uv": [
            0,
            11.25,
            1.25,
            11.75
          ],
          "texture": "#scythe_0"
        },
        "east": {
          "uv": [
            1.25,
            11.25,
            1.75,
            11.75
          ],
          "texture": "#scythe_0"
        },
        "south": {
          "uv": [
            0,
            11.25,
            1.2,
            11.75
          ],
          "texture": "#scythe_0"
        },
        "west": {
          "uv": [
            1.25,
            11.25,
            1.75,
            11.75
          ],
          "texture": "#scythe_0"
        },
        "up": {
          "uv": [
            0,
            10.75,
            1.25,
            11.25
          ],
          "texture": "#scythe_0"
        },
        "down": {
          "uv": [
            0,
            11.75,
            1.25,
            12.25
          ],
          "texture": "#scythe_0"
        }
      }
    },
    {
      "from": [
        8.4,
        27.525,
        7.55
      ],
      "to": [
        11.9,
        29.65,
        8.45
      ],
      "rotation": {
        "angle": 0,
        "axis": "y",
        "origin": [
          8.4,
          27.65,
          7
        ]
      },
      "faces": {
        "north": {
          "uv": [
            2.25,
            9.75,
            4,
            10.75
          ],
          "texture": "#scythe_0"
        },
        "east": {
          "uv": [
            3.5,
            9.75,
            4,
            10.75
          ],
          "texture": "#scythe_0"
        },
        "south": {
          "uv": [
            4,
            9.75,
            2.25,
            10.75
          ],
          "texture": "#scythe_0"
        },
        "west": {
          "uv": [
            2.25,
            9.75,
            2.7,
            10.75
          ],
          "texture": "#scythe_0"
        },
        "up": {
          "uv": [
            2.25,
            9.25,
            4,
            9.75
          ],
          "texture": "#scythe_0"
        },
        "down": {
          "uv": [
            2.25,
            10.75,
            4,
            11.25
          ],
          "texture": "#scythe_0"
        }
      }
    },
    {
      "from": [
        11.05,
        27.6,
        7.6
      ],
      "to": [
        15.05,
        29.4,
        8.4
      ],
      "rotation": {
        "angle": -22.5,
        "axis": "z",
        "origin": [
          12.05,
          27.4,
          7
        ]
      },
      "faces": {
        "north": {
          "uv": [
            4.25,
            9.75,
            6.25,
            10.75
          ],
          "texture": "#scythe_0"
        },
        "east": {
          "uv": [
            4.25,
            9.75,
            4.75,
            10.75
          ],
          "texture": "#scythe_0"
        },
        "south": {
          "uv": [
            6.25,
            9.75,
            4.25,
            10.75
          ],
          "texture": "#scythe_0"
        },
        "west": {
          "uv": [
            0,
            0,
            0.4,
            0.9
          ],
          "texture": "#scythe_0"
        },
        "up": {
          "uv": [
            4.25,
            9.25,
            6.25,
            9.75
          ],
          "texture": "#scythe_0"
        },
        "down": {
          "uv": [
            4.25,
            10.75,
            6.25,
            11.25
          ],
          "texture": "#scythe_0"
        }
      }
    },
    {
      "from": [
        15.25,
        25.6,
        7.7
      ],
      "to": [
        16.5,
        27.675,
        8.3
      ],
      "rotation": {
        "angle": 22.5,
        "axis": "z",
        "origin": [
          15,
          25.6,
          7
        ]
      },
      "faces": {
        "north": {
          "uv": [
            6.5,
            9.75,
            7.25,
            10.9875
          ],
          "texture": "#scythe_0"
        },
        "east": {
          "uv": [
            6.25,
            9.75,
            6.5,
            11
          ],
          "texture": "#scythe_0"
        },
        "south": {
          "uv": [
            7.25,
            9.75,
            6.5,
            10.9875
          ],
          "texture": "#scythe_0"
        },
        "west": {
          "uv": [
            7.25,
            9.75,
            7.5,
            11
          ],
          "texture": "#scythe_0"
        },
        "up": {
          "uv": [
            0,
            0,
            0.625,
            0.3
          ],
          "texture": "#scythe_0"
        },
        "down": {
          "uv": [
            6.5,
            11,
            7.25,
            11.25
          ],
          "texture": "#scythe_0"
        }
      }
    },
    {
      "from": [
        15.88411,
        25.09358,
        7.8
      ],
      "to": [
        16.38411,
        26.29358,
        8.2
      ],
      "rotation": {
        "angle": 22.5,
        "axis": "z",
        "origin": [
          16.13411,
          26.09358,
          8
        ]
      },
      "faces": {
        "north": {
          "uv": [
            8.5,
            10.25,
            8.75,
            10.75
          ],
          "texture": "#scythe_0"
        },
        "east": {
          "uv": [
            8.5,
            9.75,
            8.75,
            10.25
          ],
          "texture": "#scythe_0"
        },
        "south": {
          "uv": [
            8.5,
            10.25,
            8.75,
            10.75
          ],
          "texture": "#scythe_0"
        },
        "west": {
          "uv": [
            8.5,
            10.75,
            8.75,
            11.25
          ],
          "texture": "#scythe_0"
        },
        "up": {
          "uv": [
            0,
            0,
            0.25,
            0.2
          ],
          "texture": "#scythe_0"
        },
        "down": {
          "uv": [
            8.75,
            10,
            9,
            10.25
          ],
          "texture": "#scythe_0"
        }
      }
    },
    {
      "from": [
        3.69022,
        27.32654,
        7.875
      ],
      "to": [
        6.09022,
        28.32654,
        8.125
      ],
      "rotation": {
        "angle": 45,
        "axis": "z",
        "origin": [
          5.09022,
          28.02654,
          8
        ]
      },
      "faces": {
        "north": {
          "uv": [
            0,
            11.25,
            1.25,
            11.75
          ],
          "texture": "#scythe_0"
        },
        "east": {
          "uv": [
            1.25,
            11.25,
            1.75,
            11.75
          ],
          "texture": "#scythe_0"
        },
        "south": {
          "uv": [
            0,
            11.25,
            1.2,
            11.75
          ],
          "texture": "#scythe_0"
        },
        "west": {
          "uv": [
            1.25,
            11.25,
            1.75,
            11.75
          ],
          "texture": "#scythe_0"
        },
        "up": {
          "uv": [
            0,
            10.75,
            1.25,
            11.25
          ],
          "texture": "#scythe_0"
        },
        "down": {
          "uv": [
            0,
            11.75,
            1.25,
            12.25
          ],
          "texture": "#scythe_0"
        }
      }
    },
    {
      "from": [
        7.05,
        27.325,
        7.8
      ],
      "to": [
        8.65,
        29.85,
        8.2
      ],
      "rotation": {
        "angle": 0,
        "axis": "y",
        "origin": [
          7.45,
          27.65,
          7
        ]
      },
      "faces": {
        "north": {
          "uv": [
            1.25,
            9.75,
            2,
            11
          ],
          "texture": "#scythe_0"
        },
        "east": {
          "uv": [
            1.25,
            9.75,
            1.75,
            11
          ],
          "texture": "#scythe_0"
        },
        "south": {
          "uv": [
            2,
            9.75,
            1.25,
            11
          ],
          "texture": "#scythe_0"
        },
        "west": {
          "uv": [
            1.5,
            9.75,
            2,
            11
          ],
          "texture": "#scythe_0"
        },
        "up": {
          "uv": [
            1.25,
            9.25,
            2,
            9.75
          ],
          "texture": "#scythe_0"
        },
        "down": {
          "uv": [
            1.25,
            11,
            2,
            11.5
          ],
          "texture": "#scythe_0"
        }
      }
    },
    {
      "from": [
        8.2,
        27.325,
        7.85
      ],
      "to": [
        12.1,
        29.85,
        8.15
      ],
      "rotation": {
        "angle": 0,
        "axis": "y",
        "origin": [
          8.4,
          27.65,
          7
        ]
      },
      "faces": {
        "north": {
          "uv": [
            2.25,
            9.75,
            4,
            10.75
          ],
          "texture": "#scythe_0"
        },
        "east": {
          "uv": [
            3.5,
            9.75,
            4,
            10.75
          ],
          "texture": "#scythe_0"
        },
        "south": {
          "uv": [
            4,
            9.75,
            2.25,
            10.75
          ],
          "texture": "#scythe_0"
        },
        "west": {
          "uv": [
            2.25,
            9.75,
            2.7,
            10.75
          ],
          "texture": "#scythe_0"
        },
        "up": {
          "uv": [
            2.25,
            9.25,
            4,
            9.75
          ],
          "texture": "#scythe_0"
        },
        "down": {
          "uv": [
            2.25,
            10.75,
            4,
            11.25
          ],
          "texture": "#scythe_0"
        }
      }
    },
    {
      "from": [
        11.15,
        27.35,
        7.9
      ],
      "to": [
        15.25,
        29.675,
        8.1
      ],
      "rotation": {
        "angle": -22.5,
        "axis": "z",
        "origin": [
          12.05,
          27.4,
          7
        ]
      },
      "faces": {
        "north": {
          "uv": [
            4.25,
            9.75,
            6.25,
            10.75
          ],
          "texture": "#scythe_0"
        },
        "east": {
          "uv": [
            4.25,
            9.75,
            4.75,
            10.75
          ],
          "texture": "#scythe_0"
        },
        "south": {
          "uv": [
            6.25,
            9.75,
            4.25,
            10.75
          ],
          "texture": "#scythe_0"
        },
        "west": {
          "uv": [
            0,
            0,
            0.4,
            0.9
          ],
          "texture": "#scythe_0"
        },
        "up": {
          "uv": [
            4.25,
            9.25,
            6.25,
            9.75
          ],
          "texture": "#scythe_0"
        },
        "down": {
          "uv": [
            4.25,
            10.75,
            6.25,
            11.25
          ],
          "texture": "#scythe_0"
        }
      }
    },
    {
      "from": [
        15.05,
        25.1,
        7.95
      ],
      "to": [
        16.7,
        27.675,
        8.05
      ],
      "rotation": {
        "angle": 22.5,
        "axis": "z",
        "origin": [
          15,
          25.6,
          7
        ]
      },
      "faces": {
        "north": {
          "uv": [
            6.5,
            9.75,
            7.25,
            10.9875
          ],
          "texture": "#scythe_0"
        },
        "east": {
          "uv": [
            6.25,
            9.75,
            6.5,
            11
          ],
          "texture": "#scythe_0"
        },
        "south": {
          "uv": [
            7.25,
            9.75,
            6.5,
            10.9875
          ],
          "texture": "#scythe_0"
        },
        "west": {
          "uv": [
            7.25,
            9.75,
            7.5,
            11
          ],
          "texture": "#scythe_0"
        },
        "up": {
          "uv": [
            0,
            0,
            0.625,
            0.3
          ],
          "texture": "#scythe_0"
        },
        "down": {
          "uv": [
            6.5,
            11,
            7.25,
            11.25
          ],
          "texture": "#scythe_0"
        }
      }
    }
  ],
  "display": {
    "thirdperson_righthand": {
      "rotation": [
        3.5,
        90,
        0
      ],
      "translation": [
        0,
        0.5,
        0.25
      ]
    },
    "thirdperson_lefthand": {
      "rotation": [
        3.5,
        -90,
        0
      ],
      "translation": [
        0,
        0.5,
        0.25
      ]
    },
    "firstperson_righthand": {
      "rotation": [
        0,
        90,
        0
      ],
      "translation": [
        1.75,
        -7.25,
        1.25
      ]
    },
    "firstperson_lefthand": {
      "rotation": [
        0,
        -90,
        0
      ],
      "translation": [
        1.75,
        -7.25,
        1.25
      ]
    },
    "ground": {
      "rotation": [
        70,
        0,
        -90
      ],
      "translation": [
        -6.5,
        -2.25,
        0
      ]
    },
    "gui": {
      "rotation": [
        180,
        15,
        140
      ],
      "translation": [
        4.5,
        -4,
        0
      ],
      "scale": [
        0.74,
        0.65,
        0.7
      ]
    },
    "head": {
      "rotation": [
        -50.25,
        90,
        0
      ],
      "translation": [
        0,
        -4.75,
        18.75
      ]
    },
    "fixed": {
      "rotation": [
        0,
        0,
        44.25
      ],
      "translation": [
        3.5,
        -5.5,
        0
      ],
      "scale": [
        0.8,
        0.75,
        0.8
      ]
    }
  },
  "groups": [
    {
      "name": "scythe",
      "origin": [
        15,
        25.6,
        7
      ],
      "color": 0,
      "children": [
        0,
        1,
        2,
        3,
        4,
        5,
        6,
        7,
        8,
        9,
        10,
        11,
        12,
        13,
        14,
        15,
        16,
        17,
        18,
        19,
        20,
        21
      ]
    }
  ]
}