{
  "credit": "Made By AtPoe",
  "texture_size": [
    64,
    64
  ],
  "elements": [
    {
      "name": "handle",
      "from": [
        7,
        8,
        13
      ],
      "to": [
        9,
        14,
        19
      ],
      "rotation": {
        "angle": 0,
        "axis": "y",
        "origin": [
          14,
          15.5,
          13.5
        ]
      },
      "faces": {
        "east": {
          "uv": [
            12.5,
            9.25,
            14,
            10.75
          ],
          "texture": "#1"
        },
        "south": {
          "uv": [
            12.75,
            9.25,
            12.5,
            10.75
          ],
          "texture": "#1"
        },
        "west": {
          "uv": [
            14,
            9.25,
            12.5,
            10.75
          ],
          "texture": "#1"
        },
        "up": {
          "uv": [
            12.5,
            9.25,
            12.75,
            10.75
          ],
          "texture": "#1"
        },
        "down": {
          "uv": [
            13.75,
            9.25,
            14,
            10.75
          ],
          "texture": "#1"
        }
      }
    },
    {
      "from": [
        6,
        8.95,
        11.5
      ],
      "to": [
        10,
        12.95,
        12.5
      ],
      "rotation": {
        "angle": 0,
        "axis": "y",
        "origin": [
          7.5,
          10.45,
          12.5
        ]
      },
      "faces": {
        "north": {
          "uv": [
            12.5,
            8.25,
            13.5,
            9.25
          ],
          "texture": "#1"
        },
        "east": {
          "uv": [
            13.25,
            8.25,
            13.5,
            9.25
          ],
          "texture": "#1"
        },
        "west": {
          "uv": [
            12.5,
            8.25,
            12.75,
            9.25
          ],
          "texture": "#1"
        },
        "up": {
          "uv": [
            12.5,
            8.25,
            13.5,
            8.5
          ],
          "texture": "#1"
        },
        "down": {
          "uv": [
            12.5,
            9,
            13.5,
            9.25
          ],
          "texture": "#1"
        }
      }
    },
    {
      "name": "shield",
      "from": [
        1,
        3.5,
        12
      ],
      "to": [
        15,
        18.5,
        13
      ],
      "rotation": {
        "angle": 0,
        "axis": "y",
        "origin": [
          8,
          11,
          12.5
        ]
      },
      "faces": {
        "north": {
          "uv": [
            0.25,
            0.25,
            3.75,
            4.25
          ],
          "texture": "#1"
        },
        "east": {
          "uv": [
            0.25,
            0.25,
            0.5,
            4
          ],
          "texture": "#1"
        },
        "south": {
          "uv": [
            0.25,
            0.25,
            3.75,
            4.25
          ],
          "texture": "#1"
        },
        "west": {
          "uv": [
            3.5,
            0.25,
            3.75,
            4
          ],
          "texture": "#1"
        },
        "up": {
          "uv": [
            3.75,
            0.25,
            0.25,
            0.5
          ],
          "texture": "#1"
        },
        "down": {
          "uv": [
            3.75,
            0.25,
            0.25,
            0.5
          ],
          "texture": "#1"
        }
      }
    },
    {
      "name": "shield",
      "from": [
        2,
        2.5,
        12
      ],
      "to": [
        14,
        3.5,
        13
      ],
      "rotation": {
        "angle": 0,
        "axis": "y",
        "origin": [
          8,
          10,
          12.5
        ]
      },
      "faces": {
        "north": {
          "uv": [
            0.5,
            4.25,
            3.5,
            4.5
          ],
          "texture": "#1"
        },
        "east": {
          "uv": [
            3,
            4.5,
            3.25,
            4.75
          ],
          "texture": "#1"
        },
        "south": {
          "uv": [
            0.5,
            4.25,
            3.5,
            4.5
          ],
          "texture": "#1"
        },
        "west": {
          "uv": [
            3,
            4.5,
            3.25,
            4.75
          ],
          "texture": "#1"
        },
        "up": {
          "uv": [
            12.5,
            6.75,
            9,
            7
          ],
          "texture": "#1"
        },
        "down": {
          "uv": [
            3,
            4.5,
            3.25,
            4.75
          ],
          "texture": "#1"
        }
      }
    },
    {
      "name": "shield",
      "from": [
        3,
        1.5,
        12
      ],
      "to": [
        13,
        2.5,
        13
      ],
      "rotation": {
        "angle": 0,
        "axis": "y",
        "origin": [
          8,
          9,
          12.5
        ]
      },
      "faces": {
        "north": {
          "uv": [
            0.75,
            4.5,
            3.25,
            4.75
          ],
          "texture": "#1"
        },
        "east": {
          "uv": [
            3,
            4.5,
            3.25,
            4.75
          ],
          "texture": "#1"
        },
        "south": {
          "uv": [
            0.75,
            4.5,
            3.25,
            4.75
          ],
          "texture": "#1"
        },
        "west": {
          "uv": [
            3,
            4.5,
            3.25,
            4.75
          ],
          "texture": "#1"
        },
        "up": {
          "uv": [
            12.5,
            6.75,
            9,
            7
          ],
          "texture": "#1"
        },
        "down": {
          "uv": [
            3,
            4.5,
            3.25,
            4.75
          ],
          "texture": "#1"
        }
      }
    },
    {
      "name": "shield",
      "from": [
        4,
        0.5,
        12
      ],
      "to": [
        12,
        1.5,
        13
      ],
      "rotation": {
        "angle": 0,
        "axis": "y",
        "origin": [
          8,
          8,
          12.5
        ]
      },
      "faces": {
        "north": {
          "uv": [
            0.75,
            4.75,
            3.25,
            5
          ],
          "texture": "#1"
        },
        "east": {
          "uv": [
            3,
            4.5,
            3.25,
            4.75
          ],
          "texture": "#1"
        },
        "south": {
          "uv": [
            0.75,
            4.75,
            3.25,
            5
          ],
          "texture": "#1"
        },
        "west": {
          "uv": [
            3,
            4.5,
            3.25,
            4.75
          ],
          "texture": "#1"
        },
        "up": {
          "uv": [
            12.5,
            6.75,
            9,
            7
          ],
          "texture": "#1"
        },
        "down": {
          "uv": [
            3,
            4.5,
            3.25,
            4.75
          ],
          "texture": "#1"
        }
      }
    },
    {
      "name": "shield",
      "from": [
        5,
        -0.5,
        12
      ],
      "to": [
        11,
        0.5,
        13
      ],
      "rotation": {
        "angle": 0,
        "axis": "y",
        "origin": [
          8,
          7,
          12.5
        ]
      },
      "faces": {
        "north": {
          "uv": [
            0.75,
            5,
            3.25,
            5.25
          ],
          "texture": "#1"
        },
        "east": {
          "uv": [
            3,
            4.5,
            3.25,
            4.75
          ],
          "texture": "#1"
        },
        "south": {
          "uv": [
            0.75,
            5,
            3.25,
            5.25
          ],
          "texture": "#1"
        },
        "west": {
          "uv": [
            3,
            4.5,
            3.25,
            4.75
          ],
          "texture": "#1"
        },
        "up": {
          "uv": [
            12.5,
            6.75,
            9,
            7
          ],
          "texture": "#1"
        },
        "down": {
          "uv": [
            3,
            4.5,
            3.25,
            4.75
          ],
          "texture": "#1"
        }
      }
    },
    {
      "name": "shield",
      "from": [
        6,
        -1.5,
        12
      ],
      "to": [
        10,
        -0.5,
        13
      ],
      "rotation": {
        "angle": 0,
        "axis": "y",
        "origin": [
          8,
          6,
          12.5
        ]
      },
      "faces": {
        "north": {
          "uv": [
            1.25,
            5.25,
            2.75,
            5.5
          ],
          "texture": "#1"
        },
        "east": {
          "uv": [
            3,
            4.5,
            3.25,
            4.75
          ],
          "texture": "#1"
        },
        "south": {
          "uv": [
            1.25,
            5.25,
            2.75,
            5.5
          ],
          "texture": "#1"
        },
        "west": {
          "uv": [
            3,
            4.5,
            3.25,
            4.75
          ],
          "texture": "#1"
        },
        "up": {
          "uv": [
            12.5,
            6.75,
            9,
            7
          ],
          "texture": "#1"
        },
        "down": {
          "uv": [
            3,
            4.5,
            3.25,
            4.75
          ],
          "texture": "#1"
        }
      }
    }
  ],
  "display": {
    "thirdperson_righthand": {
      "rotation": [
        90,
        -90,
        90
      ],
      "translation": [
        8,
        -5,
        3
      ]
    },
    "thirdperson_lefthand": {
      "rotation": [
        90,
        -90,
        90
      ],
      "translation": [
        8,
        -5,
        3
      ]
    },
    "firstperson_righthand": {
      "rotation": [
        180,
        -164,
        180
      ],
      "translation": [
        1.5,
        -2.75,
        0.75
      ]
    },
    "firstperson_lefthand": {
      "rotation": [
        180,
        -164,
        180
      ],
      "translation": [
        1.5,
        -2.75,
        0.75
      ]
    },
    "ground": {
      "rotation": [
        45,
        0,
        0
      ],
      "translation": [
        0,
        3,
        0
      ],
      "scale": [
        0.5,
        0.5,
        0.5
      ]
    },
    "gui": {
      "rotation": [
        0,
        180,
        0
      ],
      "translation": [
        -0.25,
        -0.5,
        0
      ],
      "scale": [
        0.89,
        0.72,
        0.8
      ]
    },
    "head": {
      "rotation": [
        90,
        0,
        0
      ],
      "translation": [
        0,
        11.75,
        -3
      ]
    },
    "fixed": {
      "translation": [
        0,
        -0.75,
        -3
      ],
      "scale": [
        0.8,
        0.8,
        0.8
      ]
    }
  },
  "groups": [
    {
      "name": "shield",
      "origin": [
        0,
        11,
        1
      ],
      "color": 0,
      "children": [
        0,
        1,
        2,
        3,
        4,
        5,
        6,
        7
      ]
    }
  ]
}