{
  "credit": "Made By AtPoe",
  "texture_size": [
    64,
    64
  ],
  "elements": [
    {
      "from": [
        6.78,
        -9.72,
        6.98
      ],
      "to": [
        9.22,
        -7.28,
        9.02
      ],
      "rotation": {
        "angle": 45,
        "axis": "z",
        "origin": [
          8,
          -8.5,
          8
        ]
      },
      "faces": {
        "north": {
          "uv": [
            12.75,
            14.75,
            12,
            15.5
          ],
          "texture": "#spear_0"
        },
        "east": {
          "uv": [
            12.75,
            14.75,
            12.5,
            15.5
          ],
          "texture": "#spear_0"
        },
        "south": {
          "uv": [
            12,
            14.75,
            12.75,
            15.5
          ],
          "texture": "#spear_0"
        },
        "west": {
          "uv": [
            12,
            14.75,
            12.25,
            15.5
          ],
          "texture": "#spear_0"
        },
        "up": {
          "uv": [
            12,
            14.75,
            12.75,
            15
          ],
          "texture": "#spear_0"
        },
        "down": {
          "uv": [
            12,
            15.25,
            12.75,
            15.5
          ],
          "texture": "#spear_0"
        }
      }
    },
    {
      "from": [
        7.3,
        -8,
        7.3
      ],
      "to": [
        8.7,
        16,
        8.7
      ],
      "rotation": {
        "angle": 0,
        "axis": "y",
        "origin": [
          0,
          21.8,
          0
        ]
      },
      "faces": {
        "north": {
          "uv": [
            13,
            8,
            12.25,
            14.75
          ],
          "texture": "#spear_0"
        },
        "east": {
          "uv": [
            13,
            8,
            12.25,
            14.75
          ],
          "texture": "#spear_0"
        },
        "south": {
          "uv": [
            13,
            8,
            12.25,
            14.75
          ],
          "texture": "#spear_0"
        },
        "west": {
          "uv": [
            13,
            8,
            12.25,
            14.75
          ],
          "texture": "#spear_0"
        }
      }
    },
    {
      "from": [
        6.25,
        20,
        7.8
      ],
      "to": [
        9.85,
        25.4,
        8.2
      ],
      "rotation": {
        "angle": 0,
        "axis": "y",
        "origin": [
          -0.95,
          21.1,
          0
        ]
      },
      "faces": {
        "north": {
          "uv": [
            13.75,
            0.75,
            11.5,
            7
          ],
          "texture": "#spear_0"
        },
        "east": {
          "uv": [
            13.5,
            1.25,
            13.75,
            6.25
          ],
          "texture": "#spear_0"
        },
        "south": {
          "uv": [
            13.75,
            0.75,
            11.5,
            7
          ],
          "texture": "#spear_0"
        },
        "west": {
          "uv": [
            13.5,
            1.75,
            13.75,
            6.75
          ],
          "texture": "#spear_0"
        }
      }
    },
    {
      "from": [
        6.55,
        18.5,
        7.5
      ],
      "to": [
        9.55,
        25.1,
        8.5
      ],
      "rotation": {
        "angle": 0,
        "axis": "y",
        "origin": [
          -0.95,
          21.1,
          0
        ]
      },
      "faces": {
        "north": {
          "uv": [
            13.5,
            0.75,
            11.75,
            5.5
          ],
          "texture": "#spear_0"
        },
        "east": {
          "uv": [
            13.5,
            1.75,
            13.75,
            6.75
          ],
          "texture": "#spear_0"
        },
        "south": {
          "uv": [
            13.5,
            0.75,
            11.75,
            5.5
          ],
          "texture": "#spear_0"
        },
        "west": {
          "uv": [
            13.5,
            1.75,
            13.75,
            6.75
          ],
          "texture": "#spear_0"
        }
      }
    },
    {
      "from": [
        6.68254,
        23.3315,
        7.49
      ],
      "to": [
        8.81954,
        25.4465,
        8.51
      ],
      "rotation": {
        "angle": 45,
        "axis": "z",
        "origin": [
          7.05,
          25.1,
          8
        ]
      },
      "faces": {
        "north": {
          "uv": [
            11.25,
            0.75,
            9.5,
            2.5
          ],
          "texture": "#spear_0"
        },
        "east": {
          "uv": [
            11,
            1,
            11.25,
            1.75
          ],
          "texture": "#spear_0"
        },
        "south": {
          "uv": [
            9.5,
            0.75,
            11.25,
            2.5
          ],
          "texture": "#spear_0"
        },
        "west": {
          "uv": [
            12.5,
            1.5,
            13,
            1.75
          ],
          "texture": "#spear_0"
        },
        "up": {
          "uv": [
            10,
            0.75,
            11,
            1
          ],
          "texture": "#spear_0"
        },
        "down": {
          "uv": [
            12.25,
            1.5,
            13,
            1.75
          ],
          "texture": "#spear_0"
        }
      }
    },
    {
      "from": [
        6.55754,
        23.3815,
        7.79
      ],
      "to": [
        9.11954,
        25.9265,
        8.21
      ],
      "rotation": {
        "angle": 45,
        "axis": "z",
        "origin": [
          7.05,
          25.275,
          8
        ]
      },
      "faces": {
        "north": {
          "uv": [
            11.5,
            0.5,
            10.25,
            1.75
          ],
          "texture": "#spear_0"
        },
        "east": {
          "uv": [
            11,
            1,
            11.25,
            1.75
          ],
          "texture": "#spear_0"
        },
        "south": {
          "uv": [
            10.25,
            0.5,
            11.5,
            1.75
          ],
          "texture": "#spear_0"
        },
        "west": {
          "uv": [
            12.5,
            1.5,
            13,
            1.75
          ],
          "texture": "#spear_0"
        },
        "up": {
          "uv": [
            10,
            0.75,
            11,
            1
          ],
          "texture": "#spear_0"
        },
        "down": {
          "uv": [
            12.25,
            1.5,
            13,
            1.75
          ],
          "texture": "#spear_0"
        }
      }
    },
    {
      "from": [
        5.1815,
        16.83254,
        7.59
      ],
      "to": [
        8.2185,
        22.26954,
        8.41
      ],
      "rotation": {
        "angle": -22.5,
        "axis": "z",
        "origin": [
          6.45,
          18.9,
          8
        ]
      },
      "faces": {
        "north": {
          "uv": [
            11.25,
            4.5,
            9.75,
            6
          ],
          "rotation": 90,
          "texture": "#spear_0"
        },
        "south": {
          "uv": [
            11.25,
            4.5,
            9.75,
            6
          ],
          "rotation": 90,
          "texture": "#spear_0"
        },
        "west": {
          "uv": [
            11,
            5,
            11.25,
            5.25
          ],
          "rotation": 270,
          "texture": "#spear_0"
        },
        "up": {
          "uv": [
            10.25,
            5,
            11.25,
            5.25
          ],
          "rotation": 270,
          "texture": "#spear_0"
        },
        "down": {
          "uv": [
            11,
            5,
            11.25,
            5.25
          ],
          "rotation": 270,
          "texture": "#spear_0"
        }
      }
    },
    {
      "from": [
        4.8815,
        16.78254,
        7.89
      ],
      "to": [
        8.3435,
        21.84454,
        8.11
      ],
      "rotation": {
        "angle": -22.5,
        "axis": "z",
        "origin": [
          6.45,
          18.575,
          8
        ]
      },
      "faces": {
        "north": {
          "uv": [
            11.25,
            5,
            11,
            5.25
          ],
          "rotation": 90,
          "texture": "#spear_0"
        },
        "south": {
          "uv": [
            11.25,
            5,
            11,
            5.25
          ],
          "rotation": 90,
          "texture": "#spear_0"
        },
        "west": {
          "uv": [
            11,
            5,
            11.25,
            5.25
          ],
          "rotation": 270,
          "texture": "#spear_0"
        },
        "up": {
          "uv": [
            12,
            0.75,
            12.25,
            1.75
          ],
          "rotation": 270,
          "texture": "#spear_0"
        }
      }
    },
    {
      "from": [
        4.75,
        16.6,
        7.525
      ],
      "to": [
        6.95,
        18.6,
        8.475
      ],
      "rotation": {
        "angle": 22.5,
        "axis": "z",
        "origin": [
          6.95,
          16.4,
          8
        ]
      },
      "faces": {
        "north": {
          "uv": [
            11.75,
            7,
            11.25,
            7.75
          ],
          "texture": "#spear_0"
        },
        "east": {
          "uv": [
            13.5,
            7,
            14,
            7.5
          ],
          "texture": "#spear_0"
        },
        "south": {
          "uv": [
            11.25,
            7,
            11.75,
            7.75
          ],
          "texture": "#spear_0"
        },
        "west": {
          "uv": [
            13.5,
            7,
            13.75,
            7.5
          ],
          "texture": "#spear_0"
        },
        "up": {
          "uv": [
            13.25,
            7,
            13.75,
            7.25
          ],
          "rotation": 180,
          "texture": "#spear_0"
        },
        "down": {
          "uv": [
            11.25,
            7.5,
            11.75,
            7.75
          ],
          "texture": "#spear_0"
        }
      }
    },
    {
      "from": [
        5.95,
        16.1,
        7.1
      ],
      "to": [
        10.05,
        18.6,
        8.9
      ],
      "rotation": {
        "angle": 0,
        "axis": "y",
        "origin": [
          10.55,
          15.9,
          8
        ]
      },
      "faces": {
        "north": {
          "uv": [
            13.25,
            7,
            11.75,
            8
          ],
          "texture": "#spear_0"
        },
        "east": {
          "uv": [
            13,
            7,
            13.25,
            8
          ],
          "texture": "#spear_0"
        },
        "south": {
          "uv": [
            11.75,
            7,
            13.25,
            8
          ],
          "texture": "#spear_0"
        },
        "west": {
          "uv": [
            11.75,
            7,
            12,
            8
          ],
          "texture": "#spear_0"
        },
        "up": {
          "uv": [
            11.75,
            7,
            13.25,
            7.25
          ],
          "texture": "#spear_0"
        },
        "down": {
          "uv": [
            11.75,
            7.75,
            13.25,
            8
          ],
          "texture": "#spear_0"
        }
      }
    },
    {
      "from": [
        9.15,
        16.6,
        7.525
      ],
      "to": [
        11.35,
        18.6,
        8.475
      ],
      "rotation": {
        "angle": -22.5,
        "axis": "z",
        "origin": [
          9.15,
          16.4,
          8
        ]
      },
      "faces": {
        "north": {
          "uv": [
            11.25,
            7,
            11.75,
            7.75
          ],
          "texture": "#spear_0"
        },
        "east": {
          "uv": [
            13.75,
            7,
            13.5,
            7.5
          ],
          "texture": "#spear_0"
        },
        "south": {
          "uv": [
            11.75,
            7,
            11.25,
            7.75
          ],
          "texture": "#spear_0"
        },
        "west": {
          "uv": [
            14,
            7,
            13.5,
            7.5
          ],
          "texture": "#spear_0"
        },
        "up": {
          "uv": [
            11.75,
            7,
            11.25,
            7.25
          ],
          "rotation": 180,
          "texture": "#spear_0"
        },
        "down": {
          "uv": [
            13.75,
            7.5,
            13.25,
            7.75
          ],
          "rotation": 180,
          "texture": "#spear_0"
        }
      }
    },
    {
      "from": [
        7.7565,
        16.78254,
        7.89
      ],
      "to": [
        11.2185,
        21.84454,
        8.11
      ],
      "rotation": {
        "angle": 22.5,
        "axis": "z",
        "origin": [
          9.65,
          18.575,
          8
        ]
      },
      "faces": {
        "north": {
          "uv": [
            11.25,
            5,
            10.25,
            6
          ],
          "rotation": 90,
          "texture": "#spear_0"
        },
        "east": {
          "uv": [
            10.25,
            6,
            11.25,
            5.75
          ],
          "rotation": 270,
          "texture": "#spear_0"
        },
        "south": {
          "uv": [
            11.25,
            6,
            10.25,
            5
          ],
          "rotation": 90,
          "texture": "#spear_0"
        },
        "up": {
          "uv": [
            12,
            1.75,
            12.25,
            0.75
          ],
          "rotation": 270,
          "texture": "#spear_0"
        }
      }
    },
    {
      "from": [
        7.8815,
        16.83254,
        7.59
      ],
      "to": [
        10.9185,
        22.26954,
        8.41
      ],
      "rotation": {
        "angle": 22.5,
        "axis": "z",
        "origin": [
          9.65,
          18.9,
          8
        ]
      },
      "faces": {
        "north": {
          "uv": [
            11.25,
            4.5,
            9.75,
            6
          ],
          "rotation": 90,
          "texture": "#spear_0"
        },
        "east": {
          "uv": [
            10.25,
            6,
            11.25,
            5.75
          ],
          "rotation": 270,
          "texture": "#spear_0"
        },
        "south": {
          "uv": [
            11.25,
            4.5,
            9.75,
            6
          ],
          "rotation": 90,
          "texture": "#spear_0"
        },
        "up": {
          "uv": [
            10.25,
            5.75,
            11.25,
            6
          ],
          "rotation": 270,
          "texture": "#spear_0"
        },
        "down": {
          "uv": [
            10.25,
            5,
            11.25,
            5.25
          ],
          "rotation": 270,
          "texture": "#spear_0"
        }
      }
    },
    {
      "from": [
        6.7,
        15.7,
        6.9
      ],
      "to": [
        9.3,
        16.7,
        9.1
      ],
      "rotation": {
        "angle": 0,
        "axis": "y",
        "origin": [
          7,
          14.7,
          7
        ]
      },
      "faces": {
        "north": {
          "uv": [
            10.5,
            6.5,
            11,
            7
          ],
          "texture": "#spear_0"
        },
        "east": {
          "uv": [
            10.5,
            6.5,
            11,
            7
          ],
          "texture": "#spear_0"
        },
        "south": {
          "uv": [
            10.5,
            6.5,
            11,
            7
          ],
          "texture": "#spear_0"
        },
        "west": {
          "uv": [
            10.5,
            6.5,
            11,
            7
          ],
          "texture": "#spear_0"
        },
        "up": {
          "uv": [
            10.5,
            6.5,
            11,
            6.75
          ],
          "texture": "#spear_0"
        },
        "down": {
          "uv": [
            10.5,
            6.75,
            11,
            7
          ],
          "texture": "#spear_0"
        }
      }
    }
  ],
  "gui_light": "front",
  "display": {
    "thirdperson_righthand": {
      "rotation": [
        2,
        -90,
        0
      ],
      "translation": [
        0,
        7.25,
        0.75
      ]
    },
    "thirdperson_lefthand": {
      "rotation": [
        0,
        -90,
        0
      ],
      "translation": [
        0,
        7.25,
        0
      ]
    },
    "firstperson_righthand": {
      "rotation": [
        -25,
        90,
        0
      ],
      "translation": [
        4.75,
        0,
        0
      ]
    },
    "firstperson_lefthand": {
      "rotation": [
        -25,
        90,
        0
      ],
      "translation": [
        4.75,
        0,
        0
      ]
    },
    "ground": {
      "rotation": [
        0,
        0,
        -45
      ],
      "translation": [
        0,
        3,
        0
      ],
      "scale": [
        0.8,
        0.8,
        0.8
      ]
    },
    "gui": {
      "rotation": [
        7.97,
        4.04,
        45.16
      ],
      "scale": [
        0.65,
        0.57,
        0.635
      ]
    },
    "head": {
      "rotation": [
        -116,
        -90,
        0
      ],
      "translation": [
        0,
        11.5,
        13.5
      ]
    },
    "fixed": {
      "rotation": [
        0,
        -180,
        -45
      ],
      "translation": [
        0.25,
        -0.25,
        -0.25
      ]
    }
  },
  "groups": [
    {
      "name": "spear",
      "origin": [
        8,
        8,
        8
      ],
      "color": 0,
      "children": [
        0,
        1,
        2,
        3,
        4,
        5,
        6,
        7,
        8,
        9,
        10,
        11,
        12,
        13
      ]
    }
  ]
}