{
  "credit": "Made By AtPoe",
  "ambientocclusion": false,
  "texture_size": [
    48,
    48
  ],
  "elements": [
    {
      "from": [
        6.6,
        22.5,
        7.19
      ],
      "to": [
        9.3,
        25.2,
        8.81
      ],
      "rotation": {
        "angle": -45,
        "axis": "z",
        "origin": [
          8.1,
          23.8,
          8
        ]
      },
      "faces": {
        "north": {
          "uv": [
            2.66667,
            6.66667,
            3.5,
            7.5
          ],
          "texture": "#staff_4"
        },
        "east": {
          "uv": [
            6.66667,
            6.66667,
            7.16667,
            7.5
          ],
          "texture": "#staff_4"
        },
        "south": {
          "uv": [
            6.66667,
            4.33333,
            7.5,
            5.16667
          ],
          "texture": "#staff_4"
        },
        "west": {
          "uv": [
            7.33333,
            6.66667,
            7.83333,
            7.5
          ],
          "texture": "#staff_4"
        },
        "up": {
          "uv": [
            3.5,
            8.16667,
            2.66667,
            7.66667
          ],
          "texture": "#staff_4"
        },
        "down": {
          "uv": [
            8.5,
            4.33333,
            7.66667,
            4.83333
          ],
          "texture": "#staff_4"
        }
      }
    },
    {
      "from": [
        7.2,
        -7.9,
        7.2
      ],
      "to": [
        8.9,
        -6.2,
        8.8
      ],
      "rotation": {
        "angle": -45,
        "axis": "z",
        "origin": [
          8.1,
          -7,
          8
        ]
      },
      "faces": {
        "north": {
          "uv": [
            7.33333,
            7.66667,
            7.83333,
            8.16667
          ],
          "texture": "#staff_4"
        },
        "east": {
          "uv": [
            8,
            0,
            8.5,
            0.5
          ],
          "texture": "#staff_4"
        },
        "south": {
          "uv": [
            8,
            0.66667,
            8.5,
            1.16667
          ],
          "texture": "#staff_4"
        },
        "west": {
          "uv": [
            8,
            1.33333,
            8.5,
            1.83333
          ],
          "texture": "#staff_4"
        },
        "up": {
          "uv": [
            8.5,
            2.5,
            8,
            2
          ],
          "texture": "#staff_4"
        },
        "down": {
          "uv": [
            8.5,
            2.66667,
            8,
            3.16667
          ],
          "texture": "#staff_4"
        }
      }
    },
    {
      "from": [
        5.1,
        -9.9,
        8
      ],
      "to": [
        11.1,
        -3.9,
        8
      ],
      "rotation": {
        "angle": 45,
        "axis": "z",
        "origin": [
          8.1,
          -7,
          8
        ]
      },
      "faces": {
        "north": {
          "uv": [
            0,
            4.5,
            2,
            6.5
          ],
          "texture": "#staff_4"
        },
        "east": {
          "uv": [
            0,
            0,
            0,
            2.16667
          ],
          "texture": "#staff_4"
        },
        "south": {
          "uv": [
            2,
            4.5,
            4,
            6.5
          ],
          "texture": "#staff_4"
        },
        "west": {
          "uv": [
            0,
            0,
            0,
            2.16667
          ],
          "texture": "#staff_4"
        },
        "up": {
          "uv": [
            2,
            0,
            0,
            0
          ],
          "texture": "#staff_4"
        },
        "down": {
          "uv": [
            2,
            0,
            0,
            0
          ],
          "texture": "#staff_4"
        }
      }
    },
    {
      "from": [
        7.4,
        -0.6,
        7.4
      ],
      "to": [
        8.6,
        18.7,
        8.6
      ],
      "rotation": {
        "angle": 0,
        "axis": "y",
        "origin": [
          0,
          4.6,
          0
        ]
      },
      "faces": {
        "north": {
          "uv": [
            4,
            4.33333,
            4.33333,
            12
          ],
          "texture": "#staff_4"
        },
        "east": {
          "uv": [
            4.33333,
            4.33333,
            4.66667,
            12
          ],
          "texture": "#staff_4"
        },
        "south": {
          "uv": [
            4.66667,
            4.33333,
            5,
            12
          ],
          "texture": "#staff_4"
        },
        "west": {
          "uv": [
            5,
            4.33333,
            5.33333,
            12
          ],
          "texture": "#staff_4"
        },
        "up": {
          "uv": [
            4,
            7,
            3.66667,
            6.66667
          ],
          "texture": "#staff_4"
        },
        "down": {
          "uv": [
            4,
            7,
            3.66667,
            7.33333
          ],
          "texture": "#staff_4"
        }
      }
    },
    {
      "from": [
        7.2,
        14.7,
        7.2
      ],
      "to": [
        8.8,
        20.6,
        8.8
      ],
      "rotation": {
        "angle": 0,
        "axis": "y",
        "origin": [
          0,
          17.5,
          6
        ]
      },
      "faces": {
        "north": {
          "uv": [
            5.33333,
            4.33333,
            5.83333,
            6.33333
          ],
          "texture": "#staff_4"
        },
        "east": {
          "uv": [
            6,
            4.33333,
            6.5,
            6.33333
          ],
          "texture": "#staff_4"
        },
        "south": {
          "uv": [
            5.33333,
            6.33333,
            5.83333,
            8.33333
          ],
          "texture": "#staff_4"
        },
        "west": {
          "uv": [
            6,
            6.33333,
            6.5,
            8.33333
          ],
          "texture": "#staff_4"
        },
        "up": {
          "uv": [
            8.5,
            3.83333,
            8,
            3.33333
          ],
          "texture": "#staff_4"
        },
        "down": {
          "uv": [
            8.5,
            6.33333,
            8,
            6.83333
          ],
          "texture": "#staff_4"
        }
      }
    },
    {
      "from": [
        6.5,
        21.1,
        7.2
      ],
      "to": [
        9.5,
        22.1,
        8.8
      ],
      "rotation": {
        "angle": 0,
        "axis": "y",
        "origin": [
          0,
          24,
          6
        ]
      },
      "faces": {
        "north": {
          "uv": [
            7.66667,
            5,
            8.66667,
            5.33333
          ],
          "texture": "#staff_4"
        },
        "east": {
          "uv": [
            8.66667,
            3,
            9.16667,
            3.33333
          ],
          "texture": "#staff_4"
        },
        "south": {
          "uv": [
            7.66667,
            5.33333,
            8.66667,
            5.66667
          ],
          "texture": "#staff_4"
        },
        "west": {
          "uv": [
            3.33333,
            8.66667,
            3.83333,
            9
          ],
          "texture": "#staff_4"
        },
        "up": {
          "uv": [
            7.66667,
            5.83333,
            6.66667,
            5.33333
          ],
          "texture": "#staff_4"
        },
        "down": {
          "uv": [
            7.66667,
            6,
            6.66667,
            6.5
          ],
          "texture": "#staff_4"
        }
      }
    },
    {
      "from": [
        1.5,
        16.4,
        8
      ],
      "to": [
        14.5,
        29.4,
        8
      ],
      "rotation": {
        "angle": 0,
        "axis": "y",
        "origin": [
          7.4,
          24,
          8
        ]
      },
      "faces": {
        "north": {
          "uv": [
            0,
            0,
            4.33334,
            4.33333
          ],
          "texture": "#staff_4"
        },
        "east": {
          "uv": [
            0,
            0,
            0,
            4.33333
          ],
          "texture": "#staff_4"
        },
        "south": {
          "uv": [
            0,
            0,
            4.33333,
            4.33333
          ],
          "texture": "#staff_4"
        },
        "west": {
          "uv": [
            0,
            0,
            0,
            4.33333
          ],
          "texture": "#staff_4"
        },
        "up": {
          "uv": [
            4,
            0,
            0,
            0
          ],
          "texture": "#staff_4"
        },
        "down": {
          "uv": [
            4,
            0,
            0,
            0
          ],
          "texture": "#staff_4"
        }
      }
    },
    {
      "from": [
        13.7,
        22.1,
        7.5
      ],
      "to": [
        15.7,
        23.1,
        8.5
      ],
      "rotation": {
        "angle": 45,
        "axis": "z",
        "origin": [
          15.1,
          15.5,
          6.3
        ]
      },
      "faces": {
        "north": {
          "uv": [
            8,
            4,
            8.66667,
            4.33333
          ],
          "texture": "#staff_4"
        },
        "east": {
          "uv": [
            3.66667,
            7.33333,
            4,
            7.66667
          ],
          "texture": "#staff_4"
        },
        "south": {
          "uv": [
            2.66667,
            8.33333,
            3.33333,
            8.66667
          ],
          "texture": "#staff_4"
        },
        "west": {
          "uv": [
            3.66667,
            7.66667,
            4,
            8
          ],
          "texture": "#staff_4"
        },
        "up": {
          "uv": [
            4,
            8.66667,
            3.33333,
            8.33333
          ],
          "texture": "#staff_4"
        },
        "down": {
          "uv": [
            6,
            8.33333,
            5.33333,
            8.66667
          ],
          "texture": "#staff_4"
        }
      }
    },
    {
      "from": [
        0.3,
        22.1,
        7.5
      ],
      "to": [
        2.3,
        23.1,
        8.5
      ],
      "rotation": {
        "angle": -45,
        "axis": "z",
        "origin": [
          0.9,
          15.5,
          6.3
        ]
      },
      "faces": {
        "north": {
          "uv": [
            8.33333,
            5.66667,
            9,
            6
          ],
          "texture": "#staff_4"
        },
        "east": {
          "uv": [
            7.66667,
            6.33333,
            8,
            6.66667
          ],
          "texture": "#staff_4"
        },
        "south": {
          "uv": [
            6,
            8.33333,
            6.66667,
            8.66667
          ],
          "texture": "#staff_4"
        },
        "west": {
          "uv": [
            3.66667,
            8,
            4,
            8.33333
          ],
          "texture": "#staff_4"
        },
        "up": {
          "uv": [
            9,
            6.33333,
            8.33333,
            6
          ],
          "texture": "#staff_4"
        },
        "down": {
          "uv": [
            7.33333,
            8.33333,
            6.66667,
            8.66667
          ],
          "texture": "#staff_4"
        }
      }
    },
    {
      "from": [
        7.3,
        0,
        7.3
      ],
      "to": [
        8.7,
        0.4,
        8.7
      ],
      "rotation": {
        "angle": 0,
        "axis": "y",
        "origin": [
          0,
          0.4,
          6
        ]
      },
      "faces": {
        "north": {
          "uv": [
            5.33333,
            8.66667,
            5.83333,
            8.83333
          ],
          "texture": "#staff_4"
        },
        "east": {
          "uv": [
            5.33333,
            8.66667,
            5.83333,
            8.83333
          ],
          "texture": "#staff_4"
        },
        "south": {
          "uv": [
            5.33333,
            8.66667,
            5.83333,
            8.83333
          ],
          "texture": "#staff_4"
        },
        "west": {
          "uv": [
            5.33333,
            8.66667,
            5.83333,
            8.83333
          ],
          "texture": "#staff_4"
        },
        "up": {
          "uv": [
            5.33333,
            8.66667,
            5.83333,
            8.83333
          ],
          "texture": "#staff_4"
        },
        "down": {
          "uv": [
            5.33333,
            8.66667,
            5.83333,
            8.83333
          ],
          "texture": "#staff_4"
        }
      }
    },
    {
      "from": [
        7.3,
        13.6,
        7.3
      ],
      "to": [
        8.7,
        14,
        8.7
      ],
      "rotation": {
        "angle": 0,
        "axis": "y",
        "origin": [
          0,
          0.4,
          6
        ]
      },
      "faces": {
        "north": {
          "uv": [
            6.66667,
            8.66667,
            7.16667,
            8.83333
          ],
          "texture": "#staff_4"
        },
        "east": {
          "uv": [
            6.66667,
            8.66667,
            7.16667,
            8.83333
          ],
          "texture": "#staff_4"
        },
        "south": {
          "uv": [
            6.66667,
            8.66667,
            7.16667,
            8.83333
          ],
          "texture": "#staff_4"
        },
        "west": {
          "uv": [
            6.66667,
            8.66667,
            7.16667,
            8.83333
          ],
          "texture": "#staff_4"
        },
        "up": {
          "uv": [
            6.66667,
            8.66667,
            7.16667,
            8.83333
          ],
          "texture": "#staff_4"
        },
        "down": {
          "uv": [
            6.66667,
            8.66667,
            7.16667,
            8.83333
          ],
          "texture": "#staff_4"
        }
      }
    },
    {
      "from": [
        7.2,
        -1.5,
        7.2
      ],
      "to": [
        8.8,
        -0.6,
        8.8
      ],
      "rotation": {
        "angle": 0,
        "axis": "y",
        "origin": [
          0,
          -0.6,
          6
        ]
      },
      "faces": {
        "north": {
          "uv": [
            2.66667,
            8.66667,
            3.16667,
            9
          ],
          "texture": "#staff_4"
        },
        "east": {
          "uv": [
            2.66667,
            8.66667,
            3.16667,
            9
          ],
          "texture": "#staff_4"
        },
        "south": {
          "uv": [
            2.66667,
            8.66667,
            3.16667,
            9
          ],
          "texture": "#staff_4"
        },
        "west": {
          "uv": [
            2.66667,
            8.66667,
            3.16667,
            9
          ],
          "texture": "#staff_4"
        },
        "up": {
          "uv": [
            2.66667,
            8.66667,
            3.16667,
            9
          ],
          "texture": "#staff_4"
        },
        "down": {
          "uv": [
            2.66667,
            8.66667,
            3.16667,
            9
          ],
          "texture": "#staff_4"
        }
      }
    },
    {
      "from": [
        7.1,
        14.6,
        7.1
      ],
      "to": [
        8.9,
        15.5,
        8.9
      ],
      "rotation": {
        "angle": 0,
        "axis": "y",
        "origin": [
          0,
          -0.6,
          6
        ]
      },
      "faces": {
        "north": {
          "uv": [
            8.66667,
            2,
            9.16667,
            2.33333
          ],
          "texture": "#staff_4"
        },
        "east": {
          "uv": [
            8.66667,
            2.33333,
            9.16667,
            2.66667
          ],
          "texture": "#staff_4"
        },
        "south": {
          "uv": [
            2.66667,
            8.66667,
            3.16667,
            9
          ],
          "texture": "#staff_4"
        },
        "west": {
          "uv": [
            8.66667,
            2.66667,
            9.16667,
            3
          ],
          "texture": "#staff_4"
        },
        "up": {
          "uv": [
            8.16667,
            6.16667,
            7.66667,
            5.66667
          ],
          "texture": "#staff_4"
        },
        "down": {
          "uv": [
            7.16667,
            7.66667,
            6.66667,
            8.16667
          ],
          "texture": "#staff_4"
        }
      }
    },
    {
      "from": [
        7.3,
        -6.6,
        7.3
      ],
      "to": [
        8.7,
        -1.5,
        8.7
      ],
      "rotation": {
        "angle": 0,
        "axis": "y",
        "origin": [
          0,
          -9.1,
          5.9
        ]
      },
      "faces": {
        "north": {
          "uv": [
            0,
            6.66667,
            0.5,
            8.33333
          ],
          "texture": "#staff_4"
        },
        "east": {
          "uv": [
            0,
            6.66667,
            0.5,
            8.33333
          ],
          "texture": "#staff_4"
        },
        "south": {
          "uv": [
            0,
            6.66667,
            0.5,
            8.33333
          ],
          "texture": "#staff_4"
        },
        "west": {
          "uv": [
            0,
            6.66667,
            0.5,
            8.33333
          ],
          "texture": "#staff_4"
        },
        "up": {
          "uv": [
            0,
            6.66667,
            0.5,
            8.33333
          ],
          "texture": "#staff_4"
        },
        "down": {
          "uv": [
            0,
            6.66667,
            0.5,
            8.33333
          ],
          "texture": "#staff_4"
        }
      }
    }
  ],
  "display": {
    "thirdperson_righthand": {
      "rotation": [
        5,
        -90,
        0
      ],
      "translation": [
        0,
        1.5,
        0.75
      ],
      "scale": [
        0.81133,
        0.80938,
        0.95
      ]
    },
    "thirdperson_lefthand": {
      "rotation": [
        5,
        -90,
        0
      ],
      "translation": [
        0,
        1.5,
        0.75
      ],
      "scale": [
        0.81133,
        0.80938,
        0.95
      ]
    },
    "firstperson_righthand": {
      "rotation": [
        -3,
        -90,
        0
      ],
      "translation": [
        2.75,
        -8.5,
        0
      ]
    },
    "firstperson_lefthand": {
      "rotation": [
        -3,
        90,
        0
      ],
      "translation": [
        2.75,
        -8.5,
        0
      ]
    },
    "ground": {
      "rotation": [
        -90,
        0,
        -90
      ],
      "translation": [
        -6.5,
        -2.25,
        0
      ]
    },
    "gui": {
      "rotation": [
        0,
        0,
        45
      ],
      "translation": [
        0.5,
        -0.5,
        0
      ],
      "scale": [
        0.52,
        0.56,
        1
      ]
    },
    "fixed": {
      "rotation": [
        0,
        0,
        44.25
      ],
      "translation": [
        1.25,
        -1.25,
        0
      ],
      "scale": [
        0.7,
        0.7,
        0.7
      ]
    }
  }
}