{
  "credit": "Made By AtPoe",
  "ambientocclusion": false,
  "texture_size": [
    32,
    32
  ],
  "elements": [
    {
      "from": [
        7.4,
        -6.5,
        7.4
      ],
      "to": [
        8.6,
        10,
        8.6
      ],
      "rotation": {
        "angle": 0,
        "axis": "y",
        "origin": [
          0,
          -10,
          0
        ]
      },
      "faces": {
        "north": {
          "uv": [
            0,
            3,
            0.5,
            11.25
          ],
          "texture": "#staff_7"
        },
        "east": {
          "uv": [
            0.5,
            3,
            1,
            11.25
          ],
          "texture": "#staff_7"
        },
        "south": {
          "uv": [
            1,
            3,
            1.5,
            11.25
          ],
          "texture": "#staff_7"
        },
        "west": {
          "uv": [
            1.5,
            3,
            2,
            11.25
          ],
          "texture": "#staff_7"
        },
        "up": {
          "uv": [
            10.5,
            5,
            10,
            4.5
          ],
          "texture": "#staff_7"
        },
        "down": {
          "uv": [
            5.5,
            10,
            5,
            10.5
          ],
          "texture": "#staff_7"
        }
      }
    },
    {
      "from": [
        7.3,
        -5.8,
        7.3
      ],
      "to": [
        8.7,
        -4.9,
        8.7
      ],
      "rotation": {
        "angle": 0,
        "axis": "y",
        "origin": [
          0,
          -2,
          6
        ]
      },
      "faces": {
        "north": {
          "uv": [
            2,
            10,
            2.75,
            10.5
          ],
          "texture": "#staff_7"
        },
        "east": {
          "uv": [
            10,
            2,
            10.75,
            2.5
          ],
          "texture": "#staff_7"
        },
        "south": {
          "uv": [
            10,
            2.5,
            10.75,
            3
          ],
          "texture": "#staff_7"
        },
        "west": {
          "uv": [
            3,
            10,
            3.75,
            10.5
          ],
          "texture": "#staff_7"
        },
        "up": {
          "uv": [
            8.75,
            4,
            8,
            3.25
          ],
          "texture": "#staff_7"
        },
        "down": {
          "uv": [
            4.75,
            8,
            4,
            8.75
          ],
          "texture": "#staff_7"
        }
      }
    },
    {
      "from": [
        7.2,
        -7.8,
        7.2
      ],
      "to": [
        8.8,
        -6.2,
        8.8
      ],
      "rotation": {
        "angle": 45,
        "axis": "z",
        "origin": [
          8,
          -7,
          6
        ]
      },
      "faces": {
        "north": {
          "uv": [
            8,
            4,
            8.75,
            4.75
          ],
          "texture": "#staff_7"
        },
        "east": {
          "uv": [
            8,
            5,
            8.75,
            5.75
          ],
          "texture": "#staff_7"
        },
        "south": {
          "uv": [
            8,
            6,
            8.75,
            6.75
          ],
          "texture": "#staff_7"
        },
        "west": {
          "uv": [
            8,
            7,
            8.75,
            7.75
          ],
          "texture": "#staff_7"
        },
        "up": {
          "uv": [
            8.75,
            8.75,
            8,
            8
          ],
          "texture": "#staff_7"
        },
        "down": {
          "uv": [
            5.75,
            8.5,
            5,
            9.25
          ],
          "texture": "#staff_7"
        }
      }
    },
    {
      "from": [
        7.2,
        21.2,
        7.2
      ],
      "to": [
        8.8,
        22.8,
        8.8
      ],
      "rotation": {
        "angle": 45,
        "axis": "z",
        "origin": [
          8,
          22,
          6
        ]
      },
      "faces": {
        "north": {
          "uv": [
            8,
            4,
            8.75,
            4.75
          ],
          "texture": "#staff_7"
        },
        "east": {
          "uv": [
            8,
            5,
            8.75,
            5.75
          ],
          "texture": "#staff_7"
        },
        "south": {
          "uv": [
            8,
            6,
            8.75,
            6.75
          ],
          "texture": "#staff_7"
        },
        "west": {
          "uv": [
            8,
            7,
            8.75,
            7.75
          ],
          "texture": "#staff_7"
        },
        "up": {
          "uv": [
            8.75,
            8.75,
            8,
            8
          ],
          "texture": "#staff_7"
        },
        "down": {
          "uv": [
            5.75,
            8.5,
            5,
            9.25
          ],
          "texture": "#staff_7"
        }
      }
    },
    {
      "from": [
        6.5,
        -10.6,
        8
      ],
      "to": [
        9.5,
        -6.9,
        8
      ],
      "rotation": {
        "angle": 0,
        "axis": "y",
        "origin": [
          16,
          -2,
          6
        ]
      },
      "faces": {
        "north": {
          "uv": [
            11,
            0,
            12.75,
            2.5
          ],
          "texture": "#staff_7"
        },
        "east": {
          "uv": [
            0,
            0,
            0,
            1.25
          ],
          "texture": "#staff_7"
        },
        "south": {
          "uv": [
            11,
            0,
            12.75,
            2.5
          ],
          "texture": "#staff_7"
        },
        "west": {
          "uv": [
            0,
            0,
            0,
            1.25
          ],
          "texture": "#staff_7"
        },
        "up": {
          "uv": [
            0.75,
            0,
            0,
            0
          ],
          "texture": "#staff_7"
        },
        "down": {
          "uv": [
            0.75,
            0,
            0,
            0
          ],
          "texture": "#staff_7"
        }
      }
    },
    {
      "from": [
        3.7,
        -4.8,
        8
      ],
      "to": [
        6.8,
        0.4,
        8
      ],
      "rotation": {
        "angle": 0,
        "axis": "y",
        "origin": [
          16.6,
          3.1,
          6
        ]
      },
      "faces": {
        "north": {
          "uv": [
            2,
            3,
            3.5,
            5.5
          ],
          "texture": "#staff_7"
        },
        "east": {
          "uv": [
            0,
            0,
            0,
            2.5
          ],
          "texture": "#staff_7"
        },
        "south": {
          "uv": [
            3.5,
            3,
            5,
            5.5
          ],
          "texture": "#staff_7"
        },
        "west": {
          "uv": [
            0,
            0,
            0,
            2.5
          ],
          "texture": "#staff_7"
        },
        "up": {
          "uv": [
            1.5,
            0,
            0,
            0
          ],
          "texture": "#staff_7"
        },
        "down": {
          "uv": [
            1.5,
            0,
            0,
            0
          ],
          "texture": "#staff_7"
        }
      }
    },
    {
      "from": [
        9.2,
        -4.8,
        8
      ],
      "to": [
        12.3,
        0.4,
        8
      ],
      "rotation": {
        "angle": 0,
        "axis": "y",
        "origin": [
          -0.6,
          3.1,
          6
        ]
      },
      "faces": {
        "north": {
          "uv": [
            3.5,
            3,
            2,
            5.5
          ],
          "texture": "#staff_7"
        },
        "east": {
          "uv": [
            0,
            0,
            0,
            2.5
          ],
          "texture": "#staff_7"
        },
        "south": {
          "uv": [
            5,
            3,
            3.5,
            5.5
          ],
          "texture": "#staff_7"
        },
        "west": {
          "uv": [
            0,
            0,
            0,
            2.5
          ],
          "texture": "#staff_7"
        },
        "up": {
          "uv": [
            0,
            0,
            1.5,
            0
          ],
          "texture": "#staff_7"
        },
        "down": {
          "uv": [
            0,
            0,
            1.5,
            0
          ],
          "texture": "#staff_7"
        }
      }
    },
    {
      "from": [
        8,
        18.1,
        4.5
      ],
      "to": [
        8,
        25.3,
        11.6
      ],
      "rotation": {
        "angle": -45,
        "axis": "y",
        "origin": [
          8,
          22,
          8
        ]
      },
      "faces": {
        "north": {
          "uv": [
            0,
            0,
            0,
            3
          ],
          "texture": "#staff_7"
        },
        "east": {
          "uv": [
            6,
            11.25,
            9,
            14.25
          ],
          "texture": "#staff_7"
        },
        "south": {
          "uv": [
            0,
            0,
            0,
            3
          ],
          "texture": "#staff_7"
        },
        "west": {
          "uv": [
            3,
            11.25,
            6,
            14.25
          ],
          "texture": "#staff_7"
        },
        "up": {
          "uv": [
            0,
            2.5,
            0,
            0
          ],
          "texture": "#staff_7"
        },
        "down": {
          "uv": [
            0,
            0,
            0,
            2.5
          ],
          "texture": "#staff_7"
        }
      }
    },
    {
      "from": [
        8.9,
        18.5,
        8
      ],
      "to": [
        10.8,
        21.1,
        8
      ],
      "rotation": {
        "angle": -22.5,
        "axis": "z",
        "origin": [
          9,
          19,
          8
        ]
      },
      "faces": {
        "north": {
          "uv": [
            7,
            3,
            8,
            4.5
          ],
          "texture": "#staff_7"
        },
        "east": {
          "uv": [
            0,
            0,
            0,
            1.5
          ],
          "texture": "#staff_7"
        },
        "south": {
          "uv": [
            7,
            4.5,
            8,
            6
          ],
          "texture": "#staff_7"
        },
        "west": {
          "uv": [
            0,
            0,
            0,
            1.5
          ],
          "texture": "#staff_7"
        },
        "up": {
          "uv": [
            1,
            0,
            0,
            0
          ],
          "texture": "#staff_7"
        },
        "down": {
          "uv": [
            1,
            0,
            0,
            0
          ],
          "texture": "#staff_7"
        }
      }
    },
    {
      "from": [
        5.2,
        18.5,
        8
      ],
      "to": [
        7.1,
        21.1,
        8
      ],
      "rotation": {
        "angle": 22.5,
        "axis": "z",
        "origin": [
          7,
          19,
          8
        ]
      },
      "faces": {
        "north": {
          "uv": [
            8,
            3,
            7,
            4.5
          ],
          "texture": "#staff_7"
        },
        "east": {
          "uv": [
            0,
            0,
            0,
            1.5
          ],
          "texture": "#staff_7"
        },
        "south": {
          "uv": [
            8,
            4.5,
            7,
            6
          ],
          "texture": "#staff_7"
        },
        "west": {
          "uv": [
            0,
            0,
            0,
            1.5
          ],
          "texture": "#staff_7"
        },
        "up": {
          "uv": [
            0,
            0,
            1,
            0
          ],
          "texture": "#staff_7"
        },
        "down": {
          "uv": [
            0,
            0,
            1,
            0
          ],
          "texture": "#staff_7"
        }
      }
    },
    {
      "from": [
        8,
        18.5,
        5.2
      ],
      "to": [
        8,
        21.1,
        7.1
      ],
      "rotation": {
        "angle": -22.5,
        "axis": "x",
        "origin": [
          8,
          19,
          7
        ]
      },
      "faces": {
        "north": {
          "uv": [
            0,
            0,
            0,
            1.5
          ],
          "texture": "#staff_7"
        },
        "east": {
          "uv": [
            8,
            3,
            7,
            4.5
          ],
          "texture": "#staff_7"
        },
        "south": {
          "uv": [
            0,
            0,
            0,
            1.5
          ],
          "texture": "#staff_7"
        },
        "west": {
          "uv": [
            8,
            4.5,
            7,
            6
          ],
          "texture": "#staff_7"
        },
        "up": {
          "uv": [
            0,
            0,
            1,
            0
          ],
          "rotation": 90,
          "texture": "#staff_7"
        },
        "down": {
          "uv": [
            0,
            0,
            1,
            0
          ],
          "rotation": 270,
          "texture": "#staff_7"
        }
      }
    },
    {
      "from": [
        8,
        18.5,
        8.9
      ],
      "to": [
        8,
        21.1,
        10.8
      ],
      "rotation": {
        "angle": 22.5,
        "axis": "x",
        "origin": [
          8,
          19,
          9
        ]
      },
      "faces": {
        "north": {
          "uv": [
            0,
            0,
            0,
            1.5
          ],
          "texture": "#staff_7"
        },
        "east": {
          "uv": [
            7,
            3,
            8,
            4.5
          ],
          "texture": "#staff_7"
        },
        "south": {
          "uv": [
            0,
            0,
            0,
            1.5
          ],
          "texture": "#staff_7"
        },
        "west": {
          "uv": [
            7,
            4.5,
            8,
            6
          ],
          "texture": "#staff_7"
        },
        "up": {
          "uv": [
            1,
            0,
            0,
            0
          ],
          "rotation": 90,
          "texture": "#staff_7"
        },
        "down": {
          "uv": [
            1,
            0,
            0,
            0
          ],
          "rotation": 270,
          "texture": "#staff_7"
        }
      }
    },
    {
      "from": [
        7.3,
        8.6,
        7.3
      ],
      "to": [
        8.7,
        9,
        8.7
      ],
      "rotation": {
        "angle": 0,
        "axis": "y",
        "origin": [
          0,
          11.6,
          6
        ]
      },
      "faces": {
        "north": {
          "uv": [
            10,
            7.5,
            10.75,
            7.75
          ],
          "texture": "#staff_7"
        },
        "east": {
          "uv": [
            8,
            10,
            8.75,
            10.25
          ],
          "texture": "#staff_7"
        },
        "south": {
          "uv": [
            10,
            8,
            10.75,
            8.25
          ],
          "texture": "#staff_7"
        },
        "west": {
          "uv": [
            10,
            8.5,
            10.75,
            8.75
          ],
          "texture": "#staff_7"
        },
        "up": {
          "uv": [
            9.75,
            0.75,
            9,
            0
          ],
          "texture": "#staff_7"
        },
        "down": {
          "uv": [
            9.75,
            1,
            9,
            1.75
          ],
          "texture": "#staff_7"
        }
      }
    },
    {
      "from": [
        7.3,
        -4.4,
        7.3
      ],
      "to": [
        8.7,
        -4,
        8.7
      ],
      "rotation": {
        "angle": 0,
        "axis": "y",
        "origin": [
          0,
          -1.4,
          6
        ]
      },
      "faces": {
        "north": {
          "uv": [
            9,
            10,
            9.75,
            10.25
          ],
          "texture": "#staff_7"
        },
        "east": {
          "uv": [
            10,
            9,
            10.75,
            9.25
          ],
          "texture": "#staff_7"
        },
        "south": {
          "uv": [
            10,
            9.5,
            10.75,
            9.75
          ],
          "texture": "#staff_7"
        },
        "west": {
          "uv": [
            10,
            10,
            10.75,
            10.25
          ],
          "texture": "#staff_7"
        },
        "up": {
          "uv": [
            2.75,
            9.75,
            2,
            9
          ],
          "texture": "#staff_7"
        },
        "down": {
          "uv": [
            9.75,
            2,
            9,
            2.75
          ],
          "texture": "#staff_7"
        }
      }
    },
    {
      "from": [
        7.2,
        9.6,
        7.2
      ],
      "to": [
        8.8,
        10.5,
        8.8
      ],
      "rotation": {
        "angle": 0,
        "axis": "y",
        "origin": [
          0,
          12.6,
          6
        ]
      },
      "faces": {
        "north": {
          "uv": [
            10,
            3,
            10.75,
            3.5
          ],
          "texture": "#staff_7"
        },
        "east": {
          "uv": [
            10,
            3.5,
            10.75,
            4
          ],
          "texture": "#staff_7"
        },
        "south": {
          "uv": [
            4,
            10,
            4.75,
            10.5
          ],
          "texture": "#staff_7"
        },
        "west": {
          "uv": [
            10,
            4,
            10.75,
            4.5
          ],
          "texture": "#staff_7"
        },
        "up": {
          "uv": [
            3.75,
            9.75,
            3,
            9
          ],
          "texture": "#staff_7"
        },
        "down": {
          "uv": [
            9.75,
            3,
            9,
            3.75
          ],
          "texture": "#staff_7"
        }
      }
    },
    {
      "from": [
        7.2,
        13.6,
        7.2
      ],
      "to": [
        8.8,
        18.5,
        8.8
      ],
      "rotation": {
        "angle": 0,
        "axis": "y",
        "origin": [
          0,
          20.6,
          6
        ]
      },
      "faces": {
        "north": {
          "uv": [
            4,
            5.5,
            4.75,
            8
          ],
          "texture": "#staff_7"
        },
        "east": {
          "uv": [
            6,
            0,
            6.75,
            2.5
          ],
          "texture": "#staff_7"
        },
        "south": {
          "uv": [
            6,
            2.5,
            6.75,
            5
          ],
          "texture": "#staff_7"
        },
        "west": {
          "uv": [
            6,
            5,
            6.75,
            7.5
          ],
          "texture": "#staff_7"
        },
        "up": {
          "uv": [
            4.75,
            9.75,
            4,
            9
          ],
          "texture": "#staff_7"
        },
        "down": {
          "uv": [
            9.75,
            4,
            9,
            4.75
          ],
          "texture": "#staff_7"
        }
      }
    },
    {
      "from": [
        7.3,
        10.5,
        7.3
      ],
      "to": [
        8.7,
        17.6,
        8.7
      ],
      "rotation": {
        "angle": 0,
        "axis": "y",
        "origin": [
          0,
          21.1,
          5.9
        ]
      },
      "faces": {
        "north": {
          "uv": [
            5,
            0,
            5.75,
            3.5
          ],
          "texture": "#staff_7"
        },
        "east": {
          "uv": [
            5,
            3.5,
            5.75,
            7
          ],
          "texture": "#staff_7"
        },
        "south": {
          "uv": [
            2,
            5.5,
            2.75,
            9
          ],
          "texture": "#staff_7"
        },
        "west": {
          "uv": [
            3,
            5.5,
            3.75,
            9
          ],
          "texture": "#staff_7"
        },
        "up": {
          "uv": [
            9.75,
            5.75,
            9,
            5
          ],
          "texture": "#staff_7"
        },
        "down": {
          "uv": [
            6.75,
            9,
            6,
            9.75
          ],
          "texture": "#staff_7"
        }
      }
    },
    {
      "from": [
        7.65,
        17.35,
        7.4
      ],
      "to": [
        9.85,
        18.35,
        8.6
      ],
      "rotation": {
        "angle": 45,
        "axis": "z",
        "origin": [
          8.7,
          18.5,
          8.6
        ]
      },
      "faces": {
        "north": {
          "uv": [
            9,
            6,
            10,
            6.5
          ],
          "texture": "#staff_7"
        },
        "east": {
          "uv": [
            10,
            5,
            10.5,
            5.5
          ],
          "texture": "#staff_7"
        },
        "south": {
          "uv": [
            9,
            6.5,
            10,
            7
          ],
          "texture": "#staff_7"
        },
        "west": {
          "uv": [
            5.5,
            10,
            6,
            10.5
          ],
          "texture": "#staff_7"
        },
        "up": {
          "uv": [
            8,
            9.5,
            7,
            9
          ],
          "texture": "#staff_7"
        },
        "down": {
          "uv": [
            10,
            7,
            9,
            7.5
          ],
          "texture": "#staff_7"
        }
      }
    },
    {
      "from": [
        6.15,
        17.35,
        7.4
      ],
      "to": [
        8.35,
        18.35,
        8.6
      ],
      "rotation": {
        "angle": -45,
        "axis": "z",
        "origin": [
          7.3,
          18.5,
          8.6
        ]
      },
      "faces": {
        "north": {
          "uv": [
            9,
            7.5,
            10,
            8
          ],
          "texture": "#staff_7"
        },
        "east": {
          "uv": [
            10,
            5.5,
            10.5,
            6
          ],
          "texture": "#staff_7"
        },
        "south": {
          "uv": [
            8,
            9,
            9,
            9.5
          ],
          "texture": "#staff_7"
        },
        "west": {
          "uv": [
            6,
            10,
            6.5,
            10.5
          ],
          "texture": "#staff_7"
        },
        "up": {
          "uv": [
            10,
            8.5,
            9,
            8
          ],
          "texture": "#staff_7"
        },
        "down": {
          "uv": [
            10,
            8.5,
            9,
            9
          ],
          "texture": "#staff_7"
        }
      }
    },
    {
      "from": [
        7.4,
        17.5,
        7.7
      ],
      "to": [
        8.6,
        18.5,
        9.9
      ],
      "rotation": {
        "angle": -45,
        "axis": "x",
        "origin": [
          8.6,
          18.5,
          8.9
        ]
      },
      "faces": {
        "north": {
          "uv": [
            10,
            6,
            10.5,
            6.5
          ],
          "texture": "#staff_7"
        },
        "east": {
          "uv": [
            9,
            9,
            10,
            9.5
          ],
          "texture": "#staff_7"
        },
        "south": {
          "uv": [
            6.5,
            10,
            7,
            10.5
          ],
          "texture": "#staff_7"
        },
        "west": {
          "uv": [
            5,
            9.5,
            6,
            10
          ],
          "texture": "#staff_7"
        },
        "up": {
          "uv": [
            7.5,
            10.5,
            7,
            9.5
          ],
          "texture": "#staff_7"
        },
        "down": {
          "uv": [
            8,
            9.5,
            7.5,
            10.5
          ],
          "texture": "#staff_7"
        }
      }
    },
    {
      "from": [
        7.4,
        17.5,
        6.1
      ],
      "to": [
        8.6,
        18.5,
        8.3
      ],
      "rotation": {
        "angle": 45,
        "axis": "x",
        "origin": [
          7.4,
          18.5,
          7.1
        ]
      },
      "faces": {
        "north": {
          "uv": [
            10,
            6.5,
            10.5,
            7
          ],
          "texture": "#staff_7"
        },
        "east": {
          "uv": [
            8,
            9.5,
            9,
            10
          ],
          "texture": "#staff_7"
        },
        "south": {
          "uv": [
            10,
            7,
            10.5,
            7.5
          ],
          "texture": "#staff_7"
        },
        "west": {
          "uv": [
            9,
            9.5,
            10,
            10
          ],
          "texture": "#staff_7"
        },
        "up": {
          "uv": [
            10.5,
            1,
            10,
            0
          ],
          "texture": "#staff_7"
        },
        "down": {
          "uv": [
            10.5,
            1,
            10,
            2
          ],
          "texture": "#staff_7"
        }
      }
    }
  ],
  "display": {
    "thirdperson_righthand": {
      "rotation": [
        5,
        -90,
        0
      ],
      "translation": [
        0,
        2.25,
        0.75
      ]
    },
    "thirdperson_lefthand": {
      "rotation": [
        5,
        -90,
        0
      ],
      "translation": [
        0,
        2.25,
        0.75
      ]
    },
    "firstperson_righthand": {
      "rotation": [
        -3,
        -90,
        0
      ],
      "translation": [
        2,
        -4.25,
        0
      ]
    },
    "firstperson_lefthand": {
      "rotation": [
        -3,
        180,
        0
      ],
      "translation": [
        2,
        -4.25,
        0
      ]
    },
    "ground": {
      "rotation": [
        -90,
        0,
        -90
      ],
      "translation": [
        0,
        -2.25,
        0
      ],
      "scale": [
        1,
        0.75,
        1
      ]
    },
    "gui": {
      "rotation": [
        0,
        0,
        45
      ],
      "translation": [
        -0.25,
        0.25,
        0
      ],
      "scale": [
        0.76563,
        0.64844,
        1
      ]
    },
    "fixed": {
      "rotation": [
        0,
        0,
        44.25
      ],
      "translation": [
        -0.5,
        0.75,
        -0.25
      ],
      "scale": [
        1,
        0.8,
        1
      ]
    }
  }
}