{
  "credit": "Made By AtPoe",
  "ambientocclusion": false,
  "texture_size": [
    32,
    32
  ],
  "elements": [
    {
      "from": [
        7.2,
        20.5,
        7.2
      ],
      "to": [
        8.8,
        21.4,
        8.8
      ],
      "rotation": {
        "angle": 0,
        "axis": "y",
        "origin": [
          0,
          20.6,
          6
        ]
      },
      "faces": {
        "north": {
          "uv": [
            14,
            8,
            14.75,
            8.5
          ],
          "texture": "#0"
        },
        "east": {
          "uv": [
            14,
            8,
            14.75,
            8.5
          ],
          "texture": "#0"
        },
        "south": {
          "uv": [
            14,
            8,
            14.75,
            8.5
          ],
          "texture": "#0"
        },
        "west": {
          "uv": [
            14,
            8,
            14.75,
            8.5
          ],
          "texture": "#0"
        },
        "up": {
          "uv": [
            14,
            8,
            14.75,
            8.5
          ],
          "texture": "#0"
        },
        "down": {
          "uv": [
            14,
            8,
            14.75,
            8.5
          ],
          "texture": "#0"
        }
      }
    },
    {
      "from": [
        7.2,
        14.6,
        7.2
      ],
      "to": [
        8.8,
        15.5,
        8.8
      ],
      "rotation": {
        "angle": 0,
        "axis": "y",
        "origin": [
          0,
          14.7,
          6
        ]
      },
      "faces": {
        "north": {
          "uv": [
            11,
            14,
            11.75,
            14.5
          ],
          "texture": "#0"
        },
        "east": {
          "uv": [
            11,
            14,
            11.75,
            14.5
          ],
          "texture": "#0"
        },
        "south": {
          "uv": [
            11,
            14,
            11.75,
            14.5
          ],
          "texture": "#0"
        },
        "west": {
          "uv": [
            11,
            14,
            11.75,
            14.5
          ],
          "texture": "#0"
        },
        "up": {
          "uv": [
            11,
            14,
            11.75,
            14.5
          ],
          "texture": "#0"
        },
        "down": {
          "uv": [
            11,
            14,
            11.75,
            14.5
          ],
          "texture": "#0"
        }
      }
    },
    {
      "from": [
        6.6,
        24.5,
        7.19
      ],
      "to": [
        9.3,
        27.2,
        8.81
      ],
      "rotation": {
        "angle": -45,
        "axis": "z",
        "origin": [
          8.1,
          25.8,
          8
        ]
      },
      "faces": {
        "north": {
          "uv": [
            10,
            11,
            11.25,
            12.25
          ],
          "texture": "#0"
        },
        "east": {
          "uv": [
            11,
            12.5,
            11.75,
            13.75
          ],
          "texture": "#0"
        },
        "south": {
          "uv": [
            11.5,
            11,
            12.75,
            12.25
          ],
          "texture": "#0"
        },
        "west": {
          "uv": [
            12,
            12.5,
            12.75,
            13.75
          ],
          "texture": "#0"
        },
        "up": {
          "uv": [
            13.75,
            10.75,
            12.5,
            10
          ],
          "texture": "#0"
        },
        "down": {
          "uv": [
            14.25,
            0,
            13,
            0.75
          ],
          "texture": "#0"
        }
      }
    },
    {
      "from": [
        7.2,
        -7.9,
        7.2
      ],
      "to": [
        8.9,
        -6.2,
        8.8
      ],
      "rotation": {
        "angle": -45,
        "axis": "z",
        "origin": [
          8.1,
          -7,
          8
        ]
      },
      "faces": {
        "north": {
          "uv": [
            13,
            5,
            13.75,
            5.75
          ],
          "texture": "#0"
        },
        "east": {
          "uv": [
            13,
            6,
            13.75,
            6.75
          ],
          "texture": "#0"
        },
        "south": {
          "uv": [
            13,
            7,
            13.75,
            7.75
          ],
          "texture": "#0"
        },
        "west": {
          "uv": [
            13,
            8,
            13.75,
            8.75
          ],
          "texture": "#0"
        },
        "up": {
          "uv": [
            13.75,
            9.75,
            13,
            9
          ],
          "texture": "#0"
        },
        "down": {
          "uv": [
            13.75,
            11,
            13,
            11.75
          ],
          "texture": "#0"
        }
      }
    },
    {
      "from": [
        7.4,
        -0.7,
        7.4
      ],
      "to": [
        8.6,
        4,
        8.6
      ],
      "rotation": {
        "angle": 0,
        "axis": "y",
        "origin": [
          0,
          -3,
          0
        ]
      },
      "faces": {
        "north": {
          "uv": [
            12.5,
            5,
            13,
            7.25
          ],
          "texture": "#0"
        },
        "east": {
          "uv": [
            12.5,
            7.5,
            13,
            9.75
          ],
          "texture": "#0"
        },
        "south": {
          "uv": [
            10,
            12.5,
            10.5,
            14.75
          ],
          "texture": "#0"
        },
        "west": {
          "uv": [
            10.5,
            12.5,
            11,
            14.75
          ],
          "texture": "#0"
        },
        "up": {
          "uv": [
            9.5,
            15,
            9,
            14.5
          ],
          "texture": "#0"
        },
        "down": {
          "uv": [
            10,
            14.5,
            9.5,
            15
          ],
          "texture": "#0"
        }
      }
    },
    {
      "from": [
        7.4,
        4.2,
        7.4
      ],
      "to": [
        8.6,
        11.6,
        8.6
      ],
      "rotation": {
        "angle": 0,
        "axis": "y",
        "origin": [
          0,
          4.6,
          0
        ]
      },
      "faces": {
        "north": {
          "uv": [
            0,
            9.5,
            0.5,
            13.25
          ],
          "texture": "#0"
        },
        "east": {
          "uv": [
            0.5,
            9.5,
            1,
            13.25
          ],
          "texture": "#0"
        },
        "south": {
          "uv": [
            1,
            9.5,
            1.5,
            13.25
          ],
          "texture": "#0"
        },
        "west": {
          "uv": [
            1.5,
            9.5,
            2,
            13.25
          ],
          "texture": "#0"
        },
        "up": {
          "uv": [
            11.5,
            15,
            11,
            14.5
          ],
          "texture": "#0"
        },
        "down": {
          "uv": [
            12,
            14.5,
            11.5,
            15
          ],
          "texture": "#0"
        }
      }
    },
    {
      "from": [
        7.4,
        11.9,
        7.4
      ],
      "to": [
        8.6,
        16.6,
        8.6
      ],
      "rotation": {
        "angle": 0,
        "axis": "y",
        "origin": [
          0,
          9.6,
          0
        ]
      },
      "faces": {
        "north": {
          "uv": [
            6,
            12,
            6.5,
            14.25
          ],
          "texture": "#0"
        },
        "east": {
          "uv": [
            6.5,
            12,
            7,
            14.25
          ],
          "texture": "#0"
        },
        "south": {
          "uv": [
            12.5,
            0,
            13,
            2.25
          ],
          "texture": "#0"
        },
        "west": {
          "uv": [
            12.5,
            2.5,
            13,
            4.75
          ],
          "texture": "#0"
        },
        "up": {
          "uv": [
            8.5,
            15,
            8,
            14.5
          ],
          "texture": "#0"
        },
        "down": {
          "uv": [
            9,
            14.5,
            8.5,
            15
          ],
          "texture": "#0"
        }
      }
    },
    {
      "from": [
        7.5,
        11.6,
        7.5
      ],
      "to": [
        8.5,
        11.9,
        8.5
      ],
      "rotation": {
        "angle": 0,
        "axis": "y",
        "origin": [
          0,
          11.6,
          6
        ]
      },
      "faces": {
        "north": {
          "uv": [
            3,
            15,
            3.5,
            15.25
          ],
          "texture": "#0"
        },
        "east": {
          "uv": [
            15,
            3,
            15.5,
            3.25
          ],
          "texture": "#0"
        },
        "south": {
          "uv": [
            3.5,
            15,
            4,
            15.25
          ],
          "texture": "#0"
        },
        "west": {
          "uv": [
            15,
            3.5,
            15.5,
            3.75
          ],
          "texture": "#0"
        },
        "up": {
          "uv": [
            12.5,
            15,
            12,
            14.5
          ],
          "texture": "#0"
        },
        "down": {
          "uv": [
            13,
            14.5,
            12.5,
            15
          ],
          "texture": "#0"
        }
      }
    },
    {
      "from": [
        7.5,
        4,
        7.5
      ],
      "to": [
        8.5,
        4.2,
        8.5
      ],
      "rotation": {
        "angle": 0,
        "axis": "y",
        "origin": [
          0,
          4,
          6
        ]
      },
      "faces": {
        "north": {
          "uv": [
            4,
            15,
            4.5,
            15.25
          ],
          "texture": "#0"
        },
        "east": {
          "uv": [
            15,
            4,
            15.5,
            4.25
          ],
          "texture": "#0"
        },
        "south": {
          "uv": [
            4.5,
            15,
            5,
            15.25
          ],
          "texture": "#0"
        },
        "west": {
          "uv": [
            15,
            4.5,
            15.5,
            4.75
          ],
          "texture": "#0"
        },
        "up": {
          "uv": [
            13.5,
            15,
            13,
            14.5
          ],
          "texture": "#0"
        },
        "down": {
          "uv": [
            14,
            14.5,
            13.5,
            15
          ],
          "texture": "#0"
        }
      }
    },
    {
      "from": [
        7.2,
        16.3,
        7.2
      ],
      "to": [
        8.8,
        19.7,
        8.8
      ],
      "rotation": {
        "angle": 0,
        "axis": "y",
        "origin": [
          0,
          17.5,
          6
        ]
      },
      "faces": {
        "north": {
          "uv": [
            2,
            12,
            2.75,
            13.75
          ],
          "texture": "#0"
        },
        "east": {
          "uv": [
            2,
            12,
            2.75,
            13.75
          ],
          "texture": "#0"
        },
        "south": {
          "uv": [
            2,
            12,
            2.75,
            13.75
          ],
          "texture": "#0"
        },
        "west": {
          "uv": [
            2,
            12,
            2.75,
            13.75
          ],
          "texture": "#0"
        },
        "up": {
          "uv": [
            2,
            12,
            2.75,
            13.75
          ],
          "texture": "#0"
        },
        "down": {
          "uv": [
            2,
            12,
            2.75,
            13.75
          ],
          "texture": "#0"
        }
      }
    },
    {
      "from": [
        5.6,
        21,
        7.21
      ],
      "to": [
        7.3,
        21.8,
        8.79
      ],
      "rotation": {
        "angle": -22.5,
        "axis": "z",
        "origin": [
          7,
          20.5,
          6
        ]
      },
      "faces": {
        "north": {
          "uv": [
            14,
            11.5,
            14.75,
            12
          ],
          "texture": "#0"
        },
        "east": {
          "uv": [
            12,
            14,
            12.75,
            14.5
          ],
          "texture": "#0"
        },
        "south": {
          "uv": [
            14,
            12,
            14.75,
            12.5
          ],
          "texture": "#0"
        },
        "west": {
          "uv": [
            14,
            12.5,
            14.75,
            13
          ],
          "texture": "#0"
        },
        "up": {
          "uv": [
            0.75,
            14.25,
            0,
            13.5
          ],
          "texture": "#0"
        },
        "down": {
          "uv": [
            1.75,
            13.5,
            1,
            14.25
          ],
          "texture": "#0"
        }
      }
    },
    {
      "from": [
        7.6,
        21.2,
        7.19
      ],
      "to": [
        8.4,
        22.9,
        8.81
      ],
      "rotation": {
        "angle": 0,
        "axis": "y",
        "origin": [
          7.1,
          20.5,
          6
        ]
      },
      "faces": {
        "north": {
          "uv": [
            6,
            14.5,
            6.5,
            15.25
          ],
          "texture": "#0"
        },
        "east": {
          "uv": [
            14,
            6,
            14.75,
            6.75
          ],
          "texture": "#0"
        },
        "south": {
          "uv": [
            6.5,
            14.5,
            7,
            15.25
          ],
          "texture": "#0"
        },
        "west": {
          "uv": [
            14,
            7,
            14.75,
            7.75
          ],
          "texture": "#0"
        },
        "up": {
          "uv": [
            7.5,
            15.25,
            7,
            14.5
          ],
          "texture": "#0"
        },
        "down": {
          "uv": [
            8,
            14.5,
            7.5,
            15.25
          ],
          "texture": "#0"
        }
      }
    },
    {
      "from": [
        8.7,
        21,
        7.21
      ],
      "to": [
        10.4,
        21.8,
        8.79
      ],
      "rotation": {
        "angle": 22.5,
        "axis": "z",
        "origin": [
          9,
          20.5,
          6
        ]
      },
      "faces": {
        "north": {
          "uv": [
            13,
            14,
            13.75,
            14.5
          ],
          "texture": "#0"
        },
        "east": {
          "uv": [
            14,
            13,
            14.75,
            13.5
          ],
          "texture": "#0"
        },
        "south": {
          "uv": [
            14,
            13.5,
            14.75,
            14
          ],
          "texture": "#0"
        },
        "west": {
          "uv": [
            14,
            14,
            14.75,
            14.5
          ],
          "texture": "#0"
        },
        "up": {
          "uv": [
            7.75,
            14.25,
            7,
            13.5
          ],
          "texture": "#0"
        },
        "down": {
          "uv": [
            8.75,
            13.5,
            8,
            14.25
          ],
          "texture": "#0"
        }
      }
    },
    {
      "from": [
        7.3,
        0,
        7.3
      ],
      "to": [
        8.7,
        0.4,
        8.7
      ],
      "rotation": {
        "angle": 0,
        "axis": "y",
        "origin": [
          0,
          0.4,
          6
        ]
      },
      "faces": {
        "north": {
          "uv": [
            1,
            15,
            1.75,
            15.25
          ],
          "texture": "#0"
        },
        "east": {
          "uv": [
            1,
            15,
            1.75,
            15.25
          ],
          "texture": "#0"
        },
        "south": {
          "uv": [
            1,
            15,
            1.75,
            15.25
          ],
          "texture": "#0"
        },
        "west": {
          "uv": [
            1,
            15,
            1.75,
            15.25
          ],
          "texture": "#0"
        },
        "up": {
          "uv": [
            1,
            15,
            1.75,
            15.25
          ],
          "texture": "#0"
        },
        "down": {
          "uv": [
            1,
            15,
            1.75,
            15.25
          ],
          "texture": "#0"
        }
      }
    },
    {
      "from": [
        7.3,
        13.6,
        7.3
      ],
      "to": [
        8.7,
        14,
        8.7
      ],
      "rotation": {
        "angle": 0,
        "axis": "y",
        "origin": [
          0,
          0.4,
          6
        ]
      },
      "faces": {
        "north": {
          "uv": [
            15,
            2,
            15.75,
            2.25
          ],
          "texture": "#0"
        },
        "east": {
          "uv": [
            15,
            2,
            15.75,
            2.25
          ],
          "texture": "#0"
        },
        "south": {
          "uv": [
            15,
            2,
            15.75,
            2.25
          ],
          "texture": "#0"
        },
        "west": {
          "uv": [
            15,
            2,
            15.75,
            2.25
          ],
          "texture": "#0"
        },
        "up": {
          "uv": [
            15,
            2,
            15.75,
            2.25
          ],
          "texture": "#0"
        },
        "down": {
          "uv": [
            15,
            2,
            15.75,
            2.25
          ],
          "texture": "#0"
        }
      }
    },
    {
      "from": [
        7.2,
        -1.5,
        7.2
      ],
      "to": [
        8.8,
        -0.6,
        8.8
      ],
      "rotation": {
        "angle": 0,
        "axis": "y",
        "origin": [
          0,
          -0.6,
          6
        ]
      },
      "faces": {
        "north": {
          "uv": [
            14.5,
            0.5,
            15.25,
            1
          ],
          "texture": "#0"
        },
        "east": {
          "uv": [
            14.5,
            0.5,
            15.25,
            1
          ],
          "texture": "#0"
        },
        "south": {
          "uv": [
            14.5,
            0.5,
            15.25,
            1
          ],
          "texture": "#0"
        },
        "west": {
          "uv": [
            14.5,
            0.5,
            15.25,
            1
          ],
          "texture": "#0"
        },
        "up": {
          "uv": [
            14.5,
            0.5,
            15.25,
            1
          ],
          "texture": "#0"
        },
        "down": {
          "uv": [
            14.5,
            0.5,
            15.25,
            1
          ],
          "texture": "#0"
        }
      }
    },
    {
      "from": [
        7.3,
        -6.6,
        7.3
      ],
      "to": [
        8.7,
        -1.5,
        8.7
      ],
      "rotation": {
        "angle": 0,
        "axis": "y",
        "origin": [
          0,
          -9.1,
          5.9
        ]
      },
      "faces": {
        "north": {
          "uv": [
            5,
            9.5,
            5.75,
            12
          ],
          "texture": "#0"
        },
        "east": {
          "uv": [
            5,
            9.5,
            5.75,
            12
          ],
          "texture": "#0"
        },
        "south": {
          "uv": [
            5,
            9.5,
            5.75,
            12
          ],
          "texture": "#0"
        },
        "west": {
          "uv": [
            5,
            9.5,
            5.75,
            12
          ],
          "texture": "#0"
        },
        "up": {
          "uv": [
            5,
            9.5,
            5.75,
            12
          ],
          "texture": "#0"
        },
        "down": {
          "uv": [
            5,
            9.5,
            5.75,
            12
          ],
          "texture": "#0"
        }
      }
    },
    {
      "from": [
        7.3,
        15.4,
        7.3
      ],
      "to": [
        8.7,
        20.5,
        8.7
      ],
      "rotation": {
        "angle": 0,
        "axis": "y",
        "origin": [
          0,
          -9.1,
          5.9
        ]
      },
      "faces": {
        "north": {
          "uv": [
            6,
            9.5,
            6.75,
            12
          ],
          "texture": "#0"
        },
        "east": {
          "uv": [
            6,
            9.5,
            6.75,
            12
          ],
          "texture": "#0"
        },
        "south": {
          "uv": [
            6,
            9.5,
            6.75,
            12
          ],
          "texture": "#0"
        },
        "west": {
          "uv": [
            6,
            9.5,
            6.75,
            12
          ],
          "texture": "#0"
        },
        "up": {
          "uv": [
            6,
            9.5,
            6.75,
            12
          ],
          "texture": "#0"
        },
        "down": {
          "uv": [
            6,
            9.5,
            6.75,
            12
          ],
          "texture": "#0"
        }
      }
    },
    {
      "from": [
        2.8,
        20.8,
        8
      ],
      "to": [
        13.2,
        31.2,
        8
      ],
      "rotation": {
        "angle": 0,
        "axis": "y",
        "origin": [
          8.1,
          20.9,
          8
        ]
      },
      "faces": {
        "north": {
          "uv": [
            7,
            0,
            12.25,
            5.25
          ],
          "texture": "#0"
        },
        "east": {
          "uv": [
            0,
            0,
            0,
            5.25
          ],
          "texture": "#0"
        },
        "south": {
          "uv": [
            7,
            0,
            12.25,
            5.25
          ],
          "texture": "#0"
        },
        "west": {
          "uv": [
            0,
            0,
            0,
            5.25
          ],
          "texture": "#0"
        },
        "up": {
          "uv": [
            5.25,
            0,
            0,
            0
          ],
          "texture": "#0"
        },
        "down": {
          "uv": [
            5.25,
            0,
            0,
            0
          ],
          "texture": "#0"
        }
      }
    },
    {
      "from": [
        4.6,
        1.2,
        8
      ],
      "to": [
        11.4,
        20,
        8
      ],
      "rotation": {
        "angle": 0,
        "axis": "y",
        "origin": [
          8.1,
          14.9,
          8
        ]
      },
      "faces": {
        "north": {
          "uv": [
            0,
            0,
            3.5,
            9.5
          ],
          "texture": "#0"
        },
        "east": {
          "uv": [
            0,
            0,
            0,
            9.5
          ],
          "texture": "#0"
        },
        "south": {
          "uv": [
            0,
            0,
            3.5,
            9.5
          ],
          "texture": "#0"
        },
        "west": {
          "uv": [
            0,
            0,
            0,
            9.5
          ],
          "texture": "#0"
        },
        "up": {
          "uv": [
            3.5,
            0,
            0,
            0
          ],
          "texture": "#0"
        },
        "down": {
          "uv": [
            3.5,
            0,
            0,
            0
          ],
          "texture": "#0"
        }
      }
    }
  ],
  "display": {
    "thirdperson_righthand": {
      "rotation": [
        5,
        -90,
        0
      ],
      "translation": [
        0,
        1,
        1
      ],
      "scale": [
        1,
        0.75,
        1
      ]
    },
    "thirdperson_lefthand": {
      "rotation": [
        5,
        -90,
        0
      ],
      "translation": [
        0,
        1,
        1
      ],
      "scale": [
        1,
        0.75,
        1
      ]
    },
    "firstperson_righthand": {
      "rotation": [
        -3,
        -90,
        0
      ],
      "translation": [
        2.75,
        -8.5,
        0
      ]
    },
    "firstperson_lefthand": {
      "rotation": [
        -3,
        90,
        0
      ],
      "translation": [
        2.75,
        -8.5,
        0
      ]
    },
    "ground": {
      "rotation": [
        -90,
        0,
        -90
      ],
      "translation": [
        -6.5,
        -2.25,
        0
      ],
      "scale": [
        1,
        0.75,
        1
      ]
    },
    "gui": {
      "rotation": [
        0,
        0,
        45
      ],
      "translation": [
        1.75,
        -1.5,
        0
      ],
      "scale": [
        0.76563,
        0.56,
        1
      ]
    },
    "fixed": {
      "rotation": [
        0,
        0,
        44.25
      ],
      "translation": [
        1.75,
        -1.75,
        0
      ],
      "scale": [
        0.7,
        0.7,
        0.7
      ]
    }
  }
}