{
  "credit": "Made By AtPoe",
  "ambientocclusion": false,
  "texture_size": [
    32,
    32
  ],
  "elements": [
    {
      "from": [
        7.4,
        1.5,
        7.4
      ],
      "to": [
        8.6,
        17,
        8.6
      ],
      "rotation": {
        "angle": 0,
        "axis": "y",
        "origin": [
          16,
          -3,
          0
        ]
      },
      "faces": {
        "north": {
          "uv": [
            5.5,
            0,
            5,
            7.75
          ],
          "texture": "#staff_2"
        },
        "east": {
          "uv": [
            7,
            0,
            6.5,
            7.75
          ],
          "texture": "#staff_2"
        },
        "south": {
          "uv": [
            6.5,
            0,
            6,
            7.75
          ],
          "texture": "#staff_2"
        },
        "west": {
          "uv": [
            6,
            0,
            5.5,
            7.75
          ],
          "texture": "#staff_2"
        },
        "up": {
          "uv": [
            9,
            9,
            9.5,
            8.5
          ],
          "texture": "#staff_2"
        },
        "down": {
          "uv": [
            5,
            9.5,
            5.5,
            10
          ],
          "texture": "#staff_2"
        }
      }
    },
    {
      "from": [
        6.95,
        0.4,
        7.4
      ],
      "to": [
        8.55,
        2,
        8.6
      ],
      "rotation": {
        "angle": -45,
        "axis": "z",
        "origin": [
          7.2,
          0.6,
          7.4
        ]
      },
      "faces": {
        "north": {
          "uv": [
            9.5,
            9.5,
            10.25,
            10.25
          ],
          "texture": "#staff_2"
        },
        "east": {
          "uv": [
            9,
            10,
            9.5,
            10.75
          ],
          "texture": "#staff_2"
        },
        "south": {
          "uv": [
            0,
            10,
            0.75,
            10.75
          ],
          "texture": "#staff_2"
        },
        "west": {
          "uv": [
            5,
            10.5,
            5.5,
            11.25
          ],
          "texture": "#staff_2"
        },
        "up": {
          "uv": [
            11.25,
            5.5,
            10.5,
            5
          ],
          "texture": "#staff_2"
        },
        "down": {
          "uv": [
            11.25,
            6,
            10.5,
            6.5
          ],
          "texture": "#staff_2"
        }
      }
    },
    {
      "from": [
        6.35,
        25.4,
        7.4
      ],
      "to": [
        8.35,
        27.4,
        8.6
      ],
      "rotation": {
        "angle": -45,
        "axis": "z",
        "origin": [
          7.2,
          25.4,
          7.4
        ]
      },
      "faces": {
        "north": {
          "uv": [
            8,
            3,
            9,
            4
          ],
          "texture": "#staff_2"
        },
        "east": {
          "uv": [
            10,
            7,
            10.5,
            8
          ],
          "texture": "#staff_2"
        },
        "south": {
          "uv": [
            8,
            4,
            9,
            5
          ],
          "texture": "#staff_2"
        },
        "west": {
          "uv": [
            7.5,
            10,
            8,
            11
          ],
          "texture": "#staff_2"
        },
        "up": {
          "uv": [
            9,
            10.5,
            8,
            10
          ],
          "texture": "#staff_2"
        },
        "down": {
          "uv": [
            11,
            8,
            10,
            8.5
          ],
          "texture": "#staff_2"
        }
      }
    },
    {
      "from": [
        7.25,
        0.8,
        7.39
      ],
      "to": [
        8.05,
        1.6,
        8.61
      ],
      "rotation": {
        "angle": -45,
        "axis": "z",
        "origin": [
          7.2,
          0.5,
          7.5
        ]
      },
      "faces": {
        "north": {
          "uv": [
            10.5,
            10.5,
            11,
            11
          ],
          "texture": "#staff_2"
        },
        "east": {
          "uv": [
            0,
            11,
            0.5,
            11.5
          ],
          "texture": "#staff_2"
        },
        "south": {
          "uv": [
            0.5,
            11,
            1,
            11.5
          ],
          "texture": "#staff_2"
        },
        "west": {
          "uv": [
            1,
            11,
            1.5,
            11.5
          ],
          "texture": "#staff_2"
        },
        "up": {
          "uv": [
            2,
            11.5,
            1.5,
            11
          ],
          "texture": "#staff_2"
        },
        "down": {
          "uv": [
            2.5,
            11,
            2,
            11.5
          ],
          "texture": "#staff_2"
        }
      }
    },
    {
      "from": [
        7.3,
        15.6,
        7.3
      ],
      "to": [
        8.7,
        16,
        8.7
      ],
      "rotation": {
        "angle": 0,
        "axis": "y",
        "origin": [
          0,
          15.6,
          6
        ]
      },
      "faces": {
        "north": {
          "uv": [
            10.5,
            11,
            11.25,
            11.25
          ],
          "texture": "#staff_2"
        },
        "east": {
          "uv": [
            11,
            10.5,
            11.75,
            10.75
          ],
          "texture": "#staff_2"
        },
        "south": {
          "uv": [
            0,
            11.5,
            0.75,
            11.75
          ],
          "texture": "#staff_2"
        },
        "west": {
          "uv": [
            11.5,
            0,
            12.25,
            0.25
          ],
          "texture": "#staff_2"
        },
        "up": {
          "uv": [
            8.25,
            9.75,
            7.5,
            9
          ],
          "texture": "#staff_2"
        },
        "down": {
          "uv": [
            9.75,
            7.5,
            9,
            8.25
          ],
          "texture": "#staff_2"
        }
      }
    },
    {
      "from": [
        7.3,
        2.6,
        7.3
      ],
      "to": [
        8.7,
        3,
        8.7
      ],
      "rotation": {
        "angle": 0,
        "axis": "y",
        "origin": [
          0,
          2.6,
          6
        ]
      },
      "faces": {
        "north": {
          "uv": [
            10.5,
            11,
            11.25,
            11.25
          ],
          "texture": "#staff_2"
        },
        "east": {
          "uv": [
            11,
            10.5,
            11.75,
            10.75
          ],
          "texture": "#staff_2"
        },
        "south": {
          "uv": [
            0,
            11.5,
            0.75,
            11.75
          ],
          "texture": "#staff_2"
        },
        "west": {
          "uv": [
            11.5,
            0,
            12.25,
            0.25
          ],
          "texture": "#staff_2"
        },
        "up": {
          "uv": [
            8.25,
            9.75,
            7.5,
            9
          ],
          "texture": "#staff_2"
        },
        "down": {
          "uv": [
            9.75,
            7.5,
            9,
            8.25
          ],
          "texture": "#staff_2"
        }
      }
    },
    {
      "from": [
        7.2,
        16.6,
        7.2
      ],
      "to": [
        8.8,
        17.5,
        8.8
      ],
      "rotation": {
        "angle": 0,
        "axis": "y",
        "origin": [
          0,
          16.6,
          6
        ]
      },
      "faces": {
        "north": {
          "uv": [
            10.5,
            1.5,
            11.25,
            2
          ],
          "texture": "#staff_2"
        },
        "east": {
          "uv": [
            2,
            10.5,
            2.75,
            11
          ],
          "texture": "#staff_2"
        },
        "south": {
          "uv": [
            3,
            10.5,
            3.75,
            11
          ],
          "texture": "#staff_2"
        },
        "west": {
          "uv": [
            10.5,
            3,
            11.25,
            3.5
          ],
          "texture": "#staff_2"
        },
        "up": {
          "uv": [
            9.25,
            9.75,
            8.5,
            9
          ],
          "texture": "#staff_2"
        },
        "down": {
          "uv": [
            1.75,
            9.5,
            1,
            10.25
          ],
          "texture": "#staff_2"
        }
      }
    },
    {
      "from": [
        7.3,
        1,
        7.3
      ],
      "to": [
        8.7,
        1.9,
        8.7
      ],
      "rotation": {
        "angle": 0,
        "axis": "y",
        "origin": [
          0,
          1,
          6
        ]
      },
      "faces": {
        "north": {
          "uv": [
            10.5,
            1.5,
            11.25,
            2
          ],
          "texture": "#staff_2"
        },
        "east": {
          "uv": [
            2,
            10.5,
            2.75,
            11
          ],
          "texture": "#staff_2"
        },
        "south": {
          "uv": [
            3,
            10.5,
            3.75,
            11
          ],
          "texture": "#staff_2"
        },
        "west": {
          "uv": [
            10.5,
            3,
            11.25,
            3.5
          ],
          "texture": "#staff_2"
        },
        "up": {
          "uv": [
            9.25,
            9.75,
            8.5,
            9
          ],
          "texture": "#staff_2"
        },
        "down": {
          "uv": [
            1.75,
            9.5,
            1,
            10.25
          ],
          "texture": "#staff_2"
        }
      }
    },
    {
      "from": [
        7.2,
        20.1,
        7.2
      ],
      "to": [
        8.8,
        21,
        8.8
      ],
      "rotation": {
        "angle": 0,
        "axis": "y",
        "origin": [
          0,
          24.6,
          6
        ]
      },
      "faces": {
        "north": {
          "uv": [
            10.5,
            3.5,
            11.25,
            4
          ],
          "texture": "#staff_2"
        },
        "east": {
          "uv": [
            4,
            10.5,
            4.75,
            11
          ],
          "texture": "#staff_2"
        },
        "south": {
          "uv": [
            10.5,
            4,
            11.25,
            4.5
          ],
          "texture": "#staff_2"
        },
        "west": {
          "uv": [
            10.5,
            4.5,
            11.25,
            5
          ],
          "texture": "#staff_2"
        },
        "up": {
          "uv": [
            4.75,
            10.25,
            4,
            9.5
          ],
          "texture": "#staff_2"
        },
        "down": {
          "uv": [
            10.25,
            8.5,
            9.5,
            9.25
          ],
          "texture": "#staff_2"
        }
      }
    },
    {
      "from": [
        5.6,
        20.7,
        7.2
      ],
      "to": [
        6.5,
        22.3,
        8.8
      ],
      "rotation": {
        "angle": 0,
        "axis": "y",
        "origin": [
          10.1,
          29.5,
          6
        ]
      },
      "faces": {
        "north": {
          "uv": [
            1.5,
            12.75,
            2.25,
            13.5
          ],
          "rotation": 270,
          "texture": "#staff_2"
        },
        "east": {
          "uv": [
            3,
            13.5,
            2.25,
            12.75
          ],
          "rotation": 90,
          "texture": "#staff_2"
        },
        "south": {
          "uv": [
            1.5,
            12.75,
            2.25,
            13.5
          ],
          "rotation": 90,
          "texture": "#staff_2"
        },
        "west": {
          "uv": [
            3,
            12.75,
            2.25,
            13.5
          ],
          "rotation": 90,
          "texture": "#staff_2"
        },
        "up": {
          "uv": [
            1.5,
            12.75,
            2.25,
            13.5
          ],
          "rotation": 90,
          "texture": "#staff_2"
        },
        "down": {
          "uv": [
            1.5,
            12.75,
            2.25,
            13.5
          ],
          "rotation": 90,
          "texture": "#staff_2"
        }
      }
    },
    {
      "from": [
        9.5,
        20.7,
        7.2
      ],
      "to": [
        10.4,
        22.3,
        8.8
      ],
      "rotation": {
        "angle": 0,
        "axis": "y",
        "origin": [
          14,
          29.5,
          6
        ]
      },
      "faces": {
        "north": {
          "uv": [
            1.5,
            12.75,
            2.25,
            13.5
          ],
          "rotation": 270,
          "texture": "#staff_2"
        },
        "east": {
          "uv": [
            3,
            13.5,
            2.25,
            12.75
          ],
          "rotation": 90,
          "texture": "#staff_2"
        },
        "south": {
          "uv": [
            1.5,
            12.75,
            2.25,
            13.5
          ],
          "rotation": 90,
          "texture": "#staff_2"
        },
        "west": {
          "uv": [
            3,
            12.75,
            2.25,
            13.5
          ],
          "rotation": 90,
          "texture": "#staff_2"
        },
        "up": {
          "uv": [
            1.5,
            12.75,
            2.25,
            13.5
          ],
          "rotation": 90,
          "texture": "#staff_2"
        },
        "down": {
          "uv": [
            1.5,
            12.75,
            2.25,
            13.5
          ],
          "rotation": 90,
          "texture": "#staff_2"
        }
      }
    },
    {
      "from": [
        6,
        21,
        7.3
      ],
      "to": [
        10,
        21.9,
        8.7
      ],
      "rotation": {
        "angle": 0,
        "axis": "y",
        "origin": [
          0,
          25.5,
          6
        ]
      },
      "faces": {
        "north": {
          "uv": [
            8,
            2,
            10,
            2.5
          ],
          "texture": "#staff_2"
        },
        "east": {
          "uv": [
            10.5,
            6.5,
            11.25,
            7
          ],
          "texture": "#staff_2"
        },
        "south": {
          "uv": [
            8,
            2.5,
            10,
            3
          ],
          "texture": "#staff_2"
        },
        "west": {
          "uv": [
            10.5,
            7,
            11.25,
            7.5
          ],
          "texture": "#staff_2"
        },
        "up": {
          "uv": [
            9,
            0.75,
            7,
            0
          ],
          "texture": "#staff_2"
        },
        "down": {
          "uv": [
            9,
            1,
            7,
            1.75
          ],
          "texture": "#staff_2"
        }
      }
    },
    {
      "from": [
        6.8,
        22.9,
        7.4
      ],
      "to": [
        9.3,
        23.8,
        8.6
      ],
      "rotation": {
        "angle": 0,
        "axis": "y",
        "origin": [
          0,
          27.4,
          6
        ]
      },
      "faces": {
        "north": {
          "uv": [
            9,
            0,
            10.25,
            0.5
          ],
          "texture": "#staff_2"
        },
        "east": {
          "uv": [
            11,
            2,
            11.5,
            2.5
          ],
          "texture": "#staff_2"
        },
        "south": {
          "uv": [
            9,
            0.5,
            10.25,
            1
          ],
          "texture": "#staff_2"
        },
        "west": {
          "uv": [
            2.5,
            11,
            3,
            11.5
          ],
          "texture": "#staff_2"
        },
        "up": {
          "uv": [
            2.25,
            9.5,
            1,
            9
          ],
          "texture": "#staff_2"
        },
        "down": {
          "uv": [
            10.25,
            1,
            9,
            1.5
          ],
          "texture": "#staff_2"
        }
      }
    },
    {
      "from": [
        13.4,
        26.4,
        7.4
      ],
      "to": [
        15.9,
        27.3,
        8.6
      ],
      "rotation": {
        "angle": -22.5,
        "axis": "z",
        "origin": [
          6.5,
          30.9,
          6
        ]
      },
      "faces": {
        "north": {
          "uv": [
            9,
            1.5,
            10.25,
            2
          ],
          "texture": "#staff_2"
        },
        "east": {
          "uv": [
            6,
            11,
            6.5,
            11.5
          ],
          "texture": "#staff_2"
        },
        "south": {
          "uv": [
            2.5,
            9,
            3.75,
            9.5
          ],
          "texture": "#staff_2"
        },
        "west": {
          "uv": [
            6.5,
            11,
            7,
            11.5
          ],
          "texture": "#staff_2"
        },
        "up": {
          "uv": [
            10.25,
            3.5,
            9,
            3
          ],
          "texture": "#staff_2"
        },
        "down": {
          "uv": [
            10.25,
            3.5,
            9,
            4
          ],
          "texture": "#staff_2"
        }
      }
    },
    {
      "from": [
        0.1,
        26.4,
        7.4
      ],
      "to": [
        2.6,
        27.3,
        8.6
      ],
      "rotation": {
        "angle": 22.5,
        "axis": "z",
        "origin": [
          9.5,
          30.9,
          6
        ]
      },
      "faces": {
        "north": {
          "uv": [
            4,
            9,
            5.25,
            9.5
          ],
          "texture": "#staff_2"
        },
        "east": {
          "uv": [
            7,
            11,
            7.5,
            11.5
          ],
          "texture": "#staff_2"
        },
        "south": {
          "uv": [
            9,
            4,
            10.25,
            4.5
          ],
          "texture": "#staff_2"
        },
        "west": {
          "uv": [
            7.5,
            11,
            8,
            11.5
          ],
          "texture": "#staff_2"
        },
        "up": {
          "uv": [
            10.25,
            5,
            9,
            4.5
          ],
          "texture": "#staff_2"
        },
        "down": {
          "uv": [
            10.25,
            5,
            9,
            5.5
          ],
          "texture": "#staff_2"
        }
      }
    },
    {
      "from": [
        6.31,
        24.6,
        7.31
      ],
      "to": [
        8.51,
        25.5,
        8.69
      ],
      "rotation": {
        "angle": -22.5,
        "axis": "z",
        "origin": [
          -1.8,
          29.1,
          10
        ]
      },
      "faces": {
        "north": {
          "uv": [
            10,
            2,
            11,
            2.5
          ],
          "texture": "#staff_2"
        },
        "east": {
          "uv": [
            10.5,
            7.5,
            11.25,
            8
          ],
          "texture": "#staff_2"
        },
        "south": {
          "uv": [
            10,
            2.5,
            11,
            3
          ],
          "texture": "#staff_2"
        },
        "west": {
          "uv": [
            8,
            10.5,
            8.75,
            11
          ],
          "texture": "#staff_2"
        },
        "up": {
          "uv": [
            6,
            8.75,
            5,
            8
          ],
          "texture": "#staff_2"
        },
        "down": {
          "uv": [
            9,
            5,
            8,
            5.75
          ],
          "texture": "#staff_2"
        }
      }
    },
    {
      "from": [
        -0.3,
        22.79,
        7.32
      ],
      "to": [
        0.6,
        24.99,
        8.68
      ],
      "rotation": {
        "angle": 22.5,
        "axis": "z",
        "origin": [
          4.2,
          33.1,
          10
        ]
      },
      "faces": {
        "north": {
          "uv": [
            6.5,
            10,
            7,
            11
          ],
          "texture": "#staff_2"
        },
        "east": {
          "uv": [
            8,
            8,
            8.75,
            9
          ],
          "texture": "#staff_2"
        },
        "south": {
          "uv": [
            7,
            10,
            7.5,
            11
          ],
          "texture": "#staff_2"
        },
        "west": {
          "uv": [
            0,
            9,
            0.75,
            10
          ],
          "texture": "#staff_2"
        },
        "up": {
          "uv": [
            11,
            10.25,
            10.5,
            9.5
          ],
          "texture": "#staff_2"
        },
        "down": {
          "uv": [
            10.5,
            10.5,
            10,
            11.25
          ],
          "texture": "#staff_2"
        }
      }
    },
    {
      "from": [
        15.4,
        22.79,
        7.32
      ],
      "to": [
        16.3,
        24.99,
        8.68
      ],
      "rotation": {
        "angle": -22.5,
        "axis": "z",
        "origin": [
          11.8,
          33.1,
          10
        ]
      },
      "faces": {
        "north": {
          "uv": [
            6,
            10,
            6.5,
            11
          ],
          "texture": "#staff_2"
        },
        "east": {
          "uv": [
            7,
            8,
            7.75,
            9
          ],
          "texture": "#staff_2"
        },
        "south": {
          "uv": [
            10,
            6,
            10.5,
            7
          ],
          "texture": "#staff_2"
        },
        "west": {
          "uv": [
            8,
            7,
            8.75,
            8
          ],
          "texture": "#staff_2"
        },
        "up": {
          "uv": [
            6,
            11.25,
            5.5,
            10.5
          ],
          "texture": "#staff_2"
        },
        "down": {
          "uv": [
            10,
            10.5,
            9.5,
            11.25
          ],
          "texture": "#staff_2"
        }
      }
    },
    {
      "from": [
        7.49,
        24.6,
        7.31
      ],
      "to": [
        9.69,
        25.5,
        8.69
      ],
      "rotation": {
        "angle": 22.5,
        "axis": "z",
        "origin": [
          17.8,
          29.1,
          10
        ]
      },
      "faces": {
        "north": {
          "uv": [
            5,
            10,
            6,
            10.5
          ],
          "texture": "#staff_2"
        },
        "east": {
          "uv": [
            10.5,
            8.5,
            11.25,
            9
          ],
          "texture": "#staff_2"
        },
        "south": {
          "uv": [
            10,
            5.5,
            11,
            6
          ],
          "texture": "#staff_2"
        },
        "west": {
          "uv": [
            10.5,
            9,
            11.25,
            9.5
          ],
          "texture": "#staff_2"
        },
        "up": {
          "uv": [
            7,
            8.75,
            6,
            8
          ],
          "texture": "#staff_2"
        },
        "down": {
          "uv": [
            9,
            6,
            8,
            6.75
          ],
          "texture": "#staff_2"
        }
      }
    },
    {
      "from": [
        7.3,
        17.5,
        7.3
      ],
      "to": [
        8.7,
        20.4,
        8.7
      ],
      "rotation": {
        "angle": 0,
        "axis": "y",
        "origin": [
          16,
          25.1,
          5.9
        ]
      },
      "faces": {
        "north": {
          "uv": [
            7.75,
            2,
            7,
            3.5
          ],
          "texture": "#staff_2"
        },
        "east": {
          "uv": [
            7.75,
            6.5,
            7,
            8
          ],
          "texture": "#staff_2"
        },
        "south": {
          "uv": [
            7.75,
            5,
            7,
            6.5
          ],
          "texture": "#staff_2"
        },
        "west": {
          "uv": [
            7.75,
            3.5,
            7,
            5
          ],
          "texture": "#staff_2"
        },
        "up": {
          "uv": [
            2,
            10.25,
            2.75,
            9.5
          ],
          "texture": "#staff_2"
        },
        "down": {
          "uv": [
            3,
            9.5,
            3.75,
            10.25
          ],
          "texture": "#staff_2"
        }
      }
    },
    {
      "from": [
        7.5,
        21.9,
        7.5
      ],
      "to": [
        8.5,
        22.9,
        8.5
      ],
      "rotation": {
        "angle": 0,
        "axis": "y",
        "origin": [
          16,
          29.5,
          5.9
        ]
      },
      "faces": {
        "north": {
          "uv": [
            11.5,
            2.5,
            11,
            3
          ],
          "texture": "#staff_2"
        },
        "east": {
          "uv": [
            4.5,
            11,
            4,
            11.5
          ],
          "texture": "#staff_2"
        },
        "south": {
          "uv": [
            4,
            11,
            3.5,
            11.5
          ],
          "texture": "#staff_2"
        },
        "west": {
          "uv": [
            3.5,
            11,
            3,
            11.5
          ],
          "texture": "#staff_2"
        },
        "up": {
          "uv": [
            4.5,
            11.5,
            5,
            11
          ],
          "texture": "#staff_2"
        },
        "down": {
          "uv": [
            11,
            5.5,
            11.5,
            6
          ],
          "texture": "#staff_2"
        }
      }
    }
  ],
  "display": {
    "thirdperson_righthand": {
      "rotation": [
        5,
        -90,
        0
      ],
      "translation": [
        0,
        -3,
        0.25
      ]
    },
    "thirdperson_lefthand": {
      "rotation": [
        5,
        90,
        0
      ],
      "translation": [
        0,
        -3,
        0.25
      ]
    },
    "firstperson_righthand": {
      "rotation": [
        -3,
        -90,
        0
      ],
      "translation": [
        2.75,
        -8.5,
        0
      ]
    },
    "firstperson_lefthand": {
      "rotation": [
        -3,
        90,
        0
      ],
      "translation": [
        2.75,
        -8.5,
        0
      ]
    },
    "ground": {
      "rotation": [
        -90,
        0,
        -90
      ],
      "translation": [
        -6.5,
        -2.25,
        0
      ]
    },
    "gui": {
      "rotation": [
        0,
        0,
        45
      ],
      "translation": [
        3.25,
        -3.25,
        0
      ],
      "scale": [
        0.80078,
        0.80469,
        1
      ]
    },
    "fixed": {
      "rotation": [
        0,
        0,
        44.25
      ],
      "translation": [
        4.25,
        -4.25,
        0
      ],
      "scale": [
        0.7,
        0.7,
        0.7
      ]
    }
  }
}