{
  "credit": "Made By AtPoe",
  "ambientocclusion": false,
  "texture_size": [
    32,
    32
  ],
  "elements": [
    {
      "from": [
        7.4,
        0.5,
        7.4
      ],
      "to": [
        8.6,
        18,
        8.6
      ],
      "rotation": {
        "angle": 0,
        "axis": "y",
        "origin": [
          16,
          0,
          0
        ]
      },
      "faces": {
        "north": {
          "uv": [
            0,
            5,
            0.5,
            13.75
          ],
          "texture": "#staff_3"
        },
        "east": {
          "uv": [
            0.5,
            5,
            1,
            13.75
          ],
          "texture": "#staff_3"
        },
        "south": {
          "uv": [
            1,
            5,
            1.5,
            13.75
          ],
          "texture": "#staff_3"
        },
        "west": {
          "uv": [
            1.5,
            5,
            2,
            13.75
          ],
          "texture": "#staff_3"
        },
        "up": {
          "uv": [
            12,
            6.5,
            11.5,
            6
          ],
          "texture": "#staff_3"
        },
        "down": {
          "uv": [
            12,
            6.5,
            11.5,
            7
          ],
          "texture": "#staff_3"
        }
      }
    },
    {
      "from": [
        6.95,
        -0.6,
        7.4
      ],
      "to": [
        8.55,
        1,
        8.6
      ],
      "rotation": {
        "angle": -45,
        "axis": "z",
        "origin": [
          7.2,
          -0.4,
          7.4
        ]
      },
      "faces": {
        "north": {
          "uv": [
            9,
            4,
            9.75,
            4.75
          ],
          "texture": "#staff_3"
        },
        "east": {
          "uv": [
            6,
            11,
            6.5,
            11.75
          ],
          "texture": "#staff_3"
        },
        "south": {
          "uv": [
            9,
            7,
            9.75,
            7.75
          ],
          "texture": "#staff_3"
        },
        "west": {
          "uv": [
            6.5,
            11,
            7,
            11.75
          ],
          "texture": "#staff_3"
        },
        "up": {
          "uv": [
            11.75,
            6,
            11,
            5.5
          ],
          "texture": "#staff_3"
        },
        "down": {
          "uv": [
            7.75,
            11,
            7,
            11.5
          ],
          "texture": "#staff_3"
        }
      }
    },
    {
      "from": [
        6.35,
        26.4,
        7.4
      ],
      "to": [
        8.35,
        28.4,
        8.6
      ],
      "rotation": {
        "angle": -45,
        "axis": "z",
        "origin": [
          7.2,
          26.4,
          7.4
        ]
      },
      "faces": {
        "north": {
          "uv": [
            8,
            7,
            9,
            8
          ],
          "texture": "#staff_3"
        },
        "east": {
          "uv": [
            10,
            6,
            10.5,
            7
          ],
          "texture": "#staff_3"
        },
        "south": {
          "uv": [
            8,
            8,
            9,
            9
          ],
          "texture": "#staff_3"
        },
        "west": {
          "uv": [
            7,
            10,
            7.5,
            11
          ],
          "texture": "#staff_3"
        },
        "up": {
          "uv": [
            11,
            7.5,
            10,
            7
          ],
          "texture": "#staff_3"
        },
        "down": {
          "uv": [
            8.5,
            10,
            7.5,
            10.5
          ],
          "texture": "#staff_3"
        }
      }
    },
    {
      "from": [
        7.25,
        -0.2,
        7.39
      ],
      "to": [
        8.05,
        0.6,
        8.61
      ],
      "rotation": {
        "angle": -45,
        "axis": "z",
        "origin": [
          7.2,
          -0.5,
          7.5
        ]
      },
      "faces": {
        "north": {
          "uv": [
            7,
            11.5,
            7.5,
            12
          ],
          "texture": "#staff_3"
        },
        "east": {
          "uv": [
            7.5,
            11.5,
            8,
            12
          ],
          "texture": "#staff_3"
        },
        "south": {
          "uv": [
            8,
            11.5,
            8.5,
            12
          ],
          "texture": "#staff_3"
        },
        "west": {
          "uv": [
            8.5,
            11.5,
            9,
            12
          ],
          "texture": "#staff_3"
        },
        "up": {
          "uv": [
            9.5,
            12,
            9,
            11.5
          ],
          "texture": "#staff_3"
        },
        "down": {
          "uv": [
            10,
            11.5,
            9.5,
            12
          ],
          "texture": "#staff_3"
        }
      }
    },
    {
      "from": [
        7.3,
        1.6,
        7.3
      ],
      "to": [
        8.7,
        2,
        8.7
      ],
      "rotation": {
        "angle": 0,
        "axis": "y",
        "origin": [
          0,
          1.6,
          6
        ]
      },
      "faces": {
        "north": {
          "uv": [
            2.5,
            12,
            3.25,
            12.25
          ],
          "texture": "#staff_3"
        },
        "east": {
          "uv": [
            12,
            2.5,
            12.75,
            2.75
          ],
          "texture": "#staff_3"
        },
        "south": {
          "uv": [
            12,
            3,
            12.75,
            3.25
          ],
          "texture": "#staff_3"
        },
        "west": {
          "uv": [
            3.5,
            12,
            4.25,
            12.25
          ],
          "texture": "#staff_3"
        },
        "up": {
          "uv": [
            8.75,
            9.75,
            8,
            9
          ],
          "texture": "#staff_3"
        },
        "down": {
          "uv": [
            9.75,
            8,
            9,
            8.75
          ],
          "texture": "#staff_3"
        }
      }
    },
    {
      "from": [
        7.2,
        16.4,
        7.2
      ],
      "to": [
        8.8,
        17.3,
        8.8
      ],
      "rotation": {
        "angle": 0,
        "axis": "y",
        "origin": [
          0,
          16.4,
          6
        ]
      },
      "faces": {
        "north": {
          "uv": [
            11,
            7,
            11.75,
            7.5
          ],
          "texture": "#staff_3"
        },
        "east": {
          "uv": [
            11,
            7.5,
            11.75,
            8
          ],
          "texture": "#staff_3"
        },
        "south": {
          "uv": [
            8,
            11,
            8.75,
            11.5
          ],
          "texture": "#staff_3"
        },
        "west": {
          "uv": [
            11,
            8,
            11.75,
            8.5
          ],
          "texture": "#staff_3"
        },
        "up": {
          "uv": [
            9.75,
            9.75,
            9,
            9
          ],
          "texture": "#staff_3"
        },
        "down": {
          "uv": [
            2.75,
            9.5,
            2,
            10.25
          ],
          "texture": "#staff_3"
        }
      }
    },
    {
      "from": [
        7.2,
        23.8,
        7.2
      ],
      "to": [
        8.8,
        24.7,
        8.8
      ],
      "rotation": {
        "angle": 0,
        "axis": "y",
        "origin": [
          0,
          16.4,
          6
        ]
      },
      "faces": {
        "north": {
          "uv": [
            11,
            7,
            11.75,
            7.5
          ],
          "texture": "#staff_3"
        },
        "east": {
          "uv": [
            11,
            7.5,
            11.75,
            8
          ],
          "texture": "#staff_3"
        },
        "south": {
          "uv": [
            8,
            11,
            8.75,
            11.5
          ],
          "texture": "#staff_3"
        },
        "west": {
          "uv": [
            11,
            8,
            11.75,
            8.5
          ],
          "texture": "#staff_3"
        },
        "up": {
          "uv": [
            9.75,
            9.75,
            9,
            9
          ],
          "texture": "#staff_3"
        },
        "down": {
          "uv": [
            2.75,
            9.5,
            2,
            10.25
          ],
          "texture": "#staff_3"
        }
      }
    },
    {
      "from": [
        7.2,
        9.4,
        7.2
      ],
      "to": [
        8.8,
        10.3,
        8.8
      ],
      "rotation": {
        "angle": 0,
        "axis": "y",
        "origin": [
          0,
          9.4,
          6
        ]
      },
      "faces": {
        "north": {
          "uv": [
            2,
            11.5,
            2.75,
            12
          ],
          "texture": "#staff_3"
        },
        "east": {
          "uv": [
            3,
            11.5,
            3.75,
            12
          ],
          "texture": "#staff_3"
        },
        "south": {
          "uv": [
            4,
            11.5,
            4.75,
            12
          ],
          "texture": "#staff_3"
        },
        "west": {
          "uv": [
            5,
            11.5,
            5.75,
            12
          ],
          "texture": "#staff_3"
        },
        "up": {
          "uv": [
            10.75,
            5.75,
            10,
            5
          ],
          "texture": "#staff_3"
        },
        "down": {
          "uv": [
            6.75,
            10,
            6,
            10.75
          ],
          "texture": "#staff_3"
        }
      }
    },
    {
      "from": [
        7.2,
        0,
        7.2
      ],
      "to": [
        8.8,
        0.9,
        8.8
      ],
      "rotation": {
        "angle": 0,
        "axis": "y",
        "origin": [
          0,
          9.4,
          6
        ]
      },
      "faces": {
        "north": {
          "uv": [
            2,
            11.5,
            2.75,
            12
          ],
          "texture": "#staff_3"
        },
        "east": {
          "uv": [
            3,
            11.5,
            3.75,
            12
          ],
          "texture": "#staff_3"
        },
        "south": {
          "uv": [
            4,
            11.5,
            4.75,
            12
          ],
          "texture": "#staff_3"
        },
        "west": {
          "uv": [
            5,
            11.5,
            5.75,
            12
          ],
          "texture": "#staff_3"
        },
        "up": {
          "uv": [
            10.75,
            5.75,
            10,
            5
          ],
          "texture": "#staff_3"
        },
        "down": {
          "uv": [
            6.75,
            10,
            6,
            10.75
          ],
          "texture": "#staff_3"
        }
      }
    },
    {
      "from": [
        7.2,
        18.3,
        7.2
      ],
      "to": [
        8.8,
        22.7,
        8.8
      ],
      "rotation": {
        "angle": 0,
        "axis": "y",
        "origin": [
          0,
          18,
          6
        ]
      },
      "faces": {
        "north": {
          "uv": [
            6,
            5,
            6.75,
            7.25
          ],
          "texture": "#staff_3"
        },
        "east": {
          "uv": [
            7,
            5,
            7.75,
            7.25
          ],
          "texture": "#staff_3"
        },
        "south": {
          "uv": [
            6,
            7.5,
            6.75,
            9.75
          ],
          "texture": "#staff_3"
        },
        "west": {
          "uv": [
            7,
            7.5,
            7.75,
            9.75
          ],
          "texture": "#staff_3"
        },
        "up": {
          "uv": [
            10.75,
            1.75,
            10,
            1
          ],
          "texture": "#staff_3"
        },
        "down": {
          "uv": [
            10.75,
            4,
            10,
            4.75
          ],
          "texture": "#staff_3"
        }
      }
    },
    {
      "from": [
        11.9,
        29.6,
        7.21
      ],
      "to": [
        13.7,
        30.5,
        8.79
      ],
      "rotation": {
        "angle": -45,
        "axis": "z",
        "origin": [
          3.9,
          34.1,
          6
        ]
      },
      "faces": {
        "north": {
          "uv": [
            2,
            9,
            3.75,
            9.5
          ],
          "texture": "#staff_3"
        },
        "east": {
          "uv": [
            10,
            11,
            10.75,
            11.5
          ],
          "texture": "#staff_3"
        },
        "south": {
          "uv": [
            9,
            2,
            10.75,
            2.5
          ],
          "texture": "#staff_3"
        },
        "west": {
          "uv": [
            11,
            11,
            11.75,
            11.5
          ],
          "texture": "#staff_3"
        },
        "up": {
          "uv": [
            9.75,
            5.75,
            8,
            5
          ],
          "texture": "#staff_3"
        },
        "down": {
          "uv": [
            9.75,
            6,
            8,
            6.75
          ],
          "texture": "#staff_3"
        }
      }
    },
    {
      "from": [
        2.3,
        29.6,
        7.22
      ],
      "to": [
        4.1,
        30.5,
        8.78
      ],
      "rotation": {
        "angle": 45,
        "axis": "z",
        "origin": [
          12.1,
          34.1,
          6
        ]
      },
      "faces": {
        "north": {
          "uv": [
            3.75,
            9,
            2,
            9.5
          ],
          "texture": "#staff_3"
        },
        "east": {
          "uv": [
            11.75,
            11,
            11,
            11.5
          ],
          "texture": "#staff_3"
        },
        "south": {
          "uv": [
            10.75,
            2,
            9,
            2.5
          ],
          "texture": "#staff_3"
        },
        "west": {
          "uv": [
            10.75,
            11,
            10,
            11.5
          ],
          "texture": "#staff_3"
        },
        "up": {
          "uv": [
            8,
            5.75,
            9.75,
            5
          ],
          "texture": "#staff_3"
        },
        "down": {
          "uv": [
            8,
            6,
            9.75,
            6.75
          ],
          "texture": "#staff_3"
        }
      }
    },
    {
      "from": [
        9.7966,
        25.60711,
        7.61
      ],
      "to": [
        11.7966,
        26.40711,
        8.41
      ],
      "rotation": {
        "angle": -22.5,
        "axis": "z",
        "origin": [
          10.2,
          25.3,
          10.2
        ]
      },
      "faces": {
        "north": {
          "uv": [
            10.5,
            6.5,
            11.5,
            7
          ],
          "texture": "#staff_3"
        },
        "east": {
          "uv": [
            11,
            11.5,
            11.5,
            12
          ],
          "texture": "#staff_3"
        },
        "south": {
          "uv": [
            7.5,
            10.5,
            8.5,
            11
          ],
          "texture": "#staff_3"
        },
        "west": {
          "uv": [
            11.5,
            11.5,
            12,
            12
          ],
          "texture": "#staff_3"
        },
        "up": {
          "uv": [
            9.5,
            11,
            8.5,
            10.5
          ],
          "texture": "#staff_3"
        },
        "down": {
          "uv": [
            10.5,
            10.5,
            9.5,
            11
          ],
          "texture": "#staff_3"
        }
      }
    },
    {
      "from": [
        10.2966,
        27.40711,
        7.61
      ],
      "to": [
        12.2966,
        28.20711,
        8.41
      ],
      "rotation": {
        "angle": 0,
        "axis": "y",
        "origin": [
          10.7,
          27.1,
          10.2
        ]
      },
      "faces": {
        "north": {
          "uv": [
            3,
            10.5,
            4,
            11
          ],
          "texture": "#staff_3"
        },
        "east": {
          "uv": [
            10.5,
            11.5,
            11,
            12
          ],
          "texture": "#staff_3"
        },
        "south": {
          "uv": [
            4,
            10.5,
            5,
            11
          ],
          "texture": "#staff_3"
        },
        "west": {
          "uv": [
            11.5,
            10.5,
            12,
            11
          ],
          "texture": "#staff_3"
        },
        "up": {
          "uv": [
            6,
            11,
            5,
            10.5
          ],
          "texture": "#staff_3"
        },
        "down": {
          "uv": [
            11.5,
            6,
            10.5,
            6.5
          ],
          "texture": "#staff_3"
        }
      }
    },
    {
      "from": [
        10.2966,
        29.30711,
        7.61
      ],
      "to": [
        12.2966,
        30.10711,
        8.41
      ],
      "rotation": {
        "angle": 22.5,
        "axis": "z",
        "origin": [
          10.7,
          29,
          10.2
        ]
      },
      "faces": {
        "north": {
          "uv": [
            10,
            9,
            11,
            9.5
          ],
          "texture": "#staff_3"
        },
        "east": {
          "uv": [
            10,
            11.5,
            10.5,
            12
          ],
          "texture": "#staff_3"
        },
        "south": {
          "uv": [
            9.5,
            10,
            10.5,
            10.5
          ],
          "texture": "#staff_3"
        },
        "west": {
          "uv": [
            11.5,
            10,
            12,
            10.5
          ],
          "texture": "#staff_3"
        },
        "up": {
          "uv": [
            11,
            10,
            10,
            9.5
          ],
          "texture": "#staff_3"
        },
        "down": {
          "uv": [
            3,
            10.5,
            2,
            11
          ],
          "texture": "#staff_3"
        }
      }
    },
    {
      "from": [
        3.7034,
        29.30711,
        7.61
      ],
      "to": [
        5.7034,
        30.10711,
        8.41
      ],
      "rotation": {
        "angle": -22.5,
        "axis": "z",
        "origin": [
          5.3,
          29,
          10.2
        ]
      },
      "faces": {
        "north": {
          "uv": [
            11,
            9,
            10,
            9.5
          ],
          "texture": "#staff_3"
        },
        "east": {
          "uv": [
            12,
            10,
            11.5,
            10.5
          ],
          "texture": "#staff_3"
        },
        "south": {
          "uv": [
            10.5,
            10,
            9.5,
            10.5
          ],
          "texture": "#staff_3"
        },
        "west": {
          "uv": [
            10.5,
            11.5,
            10,
            12
          ],
          "texture": "#staff_3"
        },
        "up": {
          "uv": [
            10,
            10,
            11,
            9.5
          ],
          "texture": "#staff_3"
        },
        "down": {
          "uv": [
            2,
            10.5,
            3,
            11
          ],
          "texture": "#staff_3"
        }
      }
    },
    {
      "from": [
        3.7034,
        27.40711,
        7.61
      ],
      "to": [
        5.7034,
        28.20711,
        8.41
      ],
      "rotation": {
        "angle": 0,
        "axis": "y",
        "origin": [
          5.3,
          27.1,
          10.2
        ]
      },
      "faces": {
        "north": {
          "uv": [
            4,
            10.5,
            3,
            11
          ],
          "texture": "#staff_3"
        },
        "east": {
          "uv": [
            12,
            10.5,
            11.5,
            11
          ],
          "texture": "#staff_3"
        },
        "south": {
          "uv": [
            5,
            10.5,
            4,
            11
          ],
          "texture": "#staff_3"
        },
        "west": {
          "uv": [
            11,
            11.5,
            10.5,
            12
          ],
          "texture": "#staff_3"
        },
        "up": {
          "uv": [
            5,
            11,
            6,
            10.5
          ],
          "texture": "#staff_3"
        },
        "down": {
          "uv": [
            10.5,
            6,
            11.5,
            6.5
          ],
          "texture": "#staff_3"
        }
      }
    },
    {
      "from": [
        4.2034,
        25.60711,
        7.61
      ],
      "to": [
        6.2034,
        26.40711,
        8.41
      ],
      "rotation": {
        "angle": 22.5,
        "axis": "z",
        "origin": [
          5.8,
          25.3,
          10.2
        ]
      },
      "faces": {
        "north": {
          "uv": [
            11.5,
            6.5,
            10.5,
            7
          ],
          "texture": "#staff_3"
        },
        "east": {
          "uv": [
            12,
            11.5,
            11.5,
            12
          ],
          "texture": "#staff_3"
        },
        "south": {
          "uv": [
            8.5,
            10.5,
            7.5,
            11
          ],
          "texture": "#staff_3"
        },
        "west": {
          "uv": [
            11.5,
            11.5,
            11,
            12
          ],
          "texture": "#staff_3"
        },
        "up": {
          "uv": [
            8.5,
            11,
            9.5,
            10.5
          ],
          "texture": "#staff_3"
        },
        "down": {
          "uv": [
            9.5,
            10.5,
            10.5,
            11
          ],
          "texture": "#staff_3"
        }
      }
    },
    {
      "from": [
        4.3034,
        23.70711,
        7.61
      ],
      "to": [
        7.8034,
        24.10711,
        8.41
      ],
      "rotation": {
        "angle": 22.5,
        "axis": "z",
        "origin": [
          7.4,
          23,
          10.2
        ]
      },
      "faces": {
        "north": {
          "uv": [
            4,
            11,
            5.75,
            11.25
          ],
          "texture": "#staff_3"
        },
        "east": {
          "uv": [
            12,
            3.5,
            12.5,
            3.75
          ],
          "texture": "#staff_3"
        },
        "south": {
          "uv": [
            11,
            4,
            12.75,
            4.25
          ],
          "texture": "#staff_3"
        },
        "west": {
          "uv": [
            4.5,
            12,
            5,
            12.25
          ],
          "texture": "#staff_3"
        },
        "up": {
          "uv": [
            10.75,
            3,
            9,
            2.5
          ],
          "texture": "#staff_3"
        },
        "down": {
          "uv": [
            10.75,
            3,
            9,
            3.5
          ],
          "texture": "#staff_3"
        }
      }
    },
    {
      "from": [
        8.1966,
        23.70711,
        7.61
      ],
      "to": [
        11.6966,
        24.10711,
        8.41
      ],
      "rotation": {
        "angle": -22.5,
        "axis": "z",
        "origin": [
          8.6,
          23,
          10.2
        ]
      },
      "faces": {
        "north": {
          "uv": [
            11,
            4.5,
            12.75,
            4.75
          ],
          "texture": "#staff_3"
        },
        "east": {
          "uv": [
            5,
            12,
            5.5,
            12.25
          ],
          "texture": "#staff_3"
        },
        "south": {
          "uv": [
            11,
            5,
            12.75,
            5.25
          ],
          "texture": "#staff_3"
        },
        "west": {
          "uv": [
            5.5,
            12,
            6,
            12.25
          ],
          "texture": "#staff_3"
        },
        "up": {
          "uv": [
            10.75,
            4,
            9,
            3.5
          ],
          "texture": "#staff_3"
        },
        "down": {
          "uv": [
            5.75,
            9,
            4,
            9.5
          ],
          "texture": "#staff_3"
        }
      }
    },
    {
      "from": [
        7.3,
        17.3,
        7.3
      ],
      "to": [
        8.7,
        24.7,
        8.7
      ],
      "rotation": {
        "angle": 0,
        "axis": "y",
        "origin": [
          16,
          28.1,
          5.9
        ]
      },
      "faces": {
        "north": {
          "uv": [
            2,
            5,
            2.75,
            9
          ],
          "texture": "#staff_3"
        },
        "east": {
          "uv": [
            3,
            5,
            3.75,
            9
          ],
          "texture": "#staff_3"
        },
        "south": {
          "uv": [
            4,
            5,
            4.75,
            9
          ],
          "texture": "#staff_3"
        },
        "west": {
          "uv": [
            5,
            5,
            5.75,
            9
          ],
          "texture": "#staff_3"
        },
        "up": {
          "uv": [
            5.75,
            10.25,
            5,
            9.5
          ],
          "texture": "#staff_3"
        },
        "down": {
          "uv": [
            10.75,
            0,
            10,
            0.75
          ],
          "texture": "#staff_3"
        }
      }
    },
    {
      "from": [
        3.75,
        22.6,
        8
      ],
      "to": [
        12.25,
        32,
        8
      ],
      "rotation": {
        "angle": 0,
        "axis": "y",
        "origin": [
          7.8,
          28.4,
          7.4
        ]
      },
      "faces": {
        "north": {
          "uv": [
            0,
            0,
            4.25,
            4.75
          ],
          "texture": "#staff_3"
        },
        "east": {
          "uv": [
            0,
            0,
            0,
            4.75
          ],
          "texture": "#staff_3"
        },
        "south": {
          "uv": [
            0,
            0,
            4.25,
            4.75
          ],
          "texture": "#staff_3"
        },
        "west": {
          "uv": [
            0,
            0,
            0,
            4.75
          ],
          "texture": "#staff_3"
        },
        "up": {
          "uv": [
            4.25,
            0,
            0,
            0
          ],
          "texture": "#staff_3"
        },
        "down": {
          "uv": [
            4.25,
            0,
            0,
            0
          ],
          "texture": "#staff_3"
        }
      }
    }
  ],
  "display": {
    "thirdperson_righthand": {
      "rotation": [
        5,
        -90,
        0
      ],
      "translation": [
        0,
        -3,
        0.25
      ]
    },
    "thirdperson_lefthand": {
      "rotation": [
        5,
        90,
        0
      ],
      "translation": [
        0,
        -3,
        0.25
      ]
    },
    "firstperson_righthand": {
      "rotation": [
        -3,
        -90,
        0
      ],
      "translation": [
        2.75,
        -8.5,
        0
      ]
    },
    "firstperson_lefthand": {
      "rotation": [
        -3,
        90,
        0
      ],
      "translation": [
        2.75,
        -8.5,
        0
      ]
    },
    "ground": {
      "rotation": [
        -90,
        0,
        -90
      ],
      "translation": [
        -6.5,
        -2.25,
        0
      ]
    },
    "gui": {
      "rotation": [
        0,
        0,
        45
      ],
      "translation": [
        3.75,
        -3.75,
        0
      ],
      "scale": [
        0.76563,
        0.64844,
        1
      ]
    },
    "fixed": {
      "rotation": [
        0,
        0,
        44.25
      ],
      "translation": [
        4.25,
        -4.25,
        0
      ],
      "scale": [
        0.7,
        0.7,
        0.7
      ]
    }
  }
}