{
  "credit": "Made By AtPoe",
  "ambientocclusion": false,
  "texture_size": [
    32,
    32
  ],
  "elements": [
    {
      "from": [
        9.6,
        27.5,
        7.9
      ],
      "to": [
        12,
        29.9,
        7.9
      ],
      "faces": {
        "north": {
          "uv": [
            10,
            9,
            12.5,
            11
          ],
          "texture": "#staff_0"
        },
        "east": {
          "uv": [
            0,
            0,
            0,
            2.4
          ],
          "texture": "#staff_0"
        },
        "south": {
          "uv": [
            10.25,
            7,
            12.75,
            9.2
          ],
          "texture": "#staff_0"
        },
        "west": {
          "uv": [
            -0.25,
            0,
            0,
            2.5
          ],
          "texture": "#staff_0"
        },
        "up": {
          "uv": [
            0,
            0,
            2.4,
            0
          ],
          "texture": "#staff_0"
        },
        "down": {
          "uv": [
            0,
            0,
            2.4,
            0
          ],
          "texture": "#staff_0"
        }
      }
    },
    {
      "from": [
        7.4,
        1.5,
        7.4
      ],
      "to": [
        8.6,
        17,
        8.6
      ],
      "rotation": {
        "angle": 0,
        "axis": "y",
        "origin": [
          0,
          -3,
          0
        ]
      },
      "faces": {
        "north": {
          "uv": [
            0,
            0,
            0.5,
            7.75
          ],
          "texture": "#staff_0"
        },
        "east": {
          "uv": [
            0.5,
            0,
            1,
            7.75
          ],
          "texture": "#staff_0"
        },
        "south": {
          "uv": [
            1,
            0,
            1.5,
            7.75
          ],
          "texture": "#staff_0"
        },
        "west": {
          "uv": [
            1.5,
            0,
            2,
            7.75
          ],
          "texture": "#staff_0"
        },
        "up": {
          "uv": [
            6,
            9,
            5.5,
            8.5
          ],
          "texture": "#staff_0"
        },
        "down": {
          "uv": [
            6.5,
            8.5,
            6,
            9
          ],
          "texture": "#staff_0"
        }
      }
    },
    {
      "from": [
        7.15,
        0.6,
        7.4
      ],
      "to": [
        8.35,
        1.8,
        8.6
      ],
      "rotation": {
        "angle": -45,
        "axis": "z",
        "origin": [
          7.2,
          0.6,
          7.4
        ]
      },
      "faces": {
        "north": {
          "uv": [
            6.5,
            8.5,
            7,
            9
          ],
          "texture": "#staff_0"
        },
        "east": {
          "uv": [
            7,
            8.5,
            7.5,
            9
          ],
          "texture": "#staff_0"
        },
        "south": {
          "uv": [
            8.5,
            7,
            9,
            7.5
          ],
          "texture": "#staff_0"
        },
        "west": {
          "uv": [
            7.5,
            8.5,
            8,
            9
          ],
          "texture": "#staff_0"
        },
        "up": {
          "uv": [
            8.5,
            9,
            8,
            8.5
          ],
          "texture": "#staff_0"
        },
        "down": {
          "uv": [
            9,
            8.5,
            8.5,
            9
          ],
          "texture": "#staff_0"
        }
      }
    },
    {
      "from": [
        7.45,
        0.8,
        7.39
      ],
      "to": [
        8.05,
        1.4,
        8.61
      ],
      "rotation": {
        "angle": -45,
        "axis": "z",
        "origin": [
          7.2,
          0.5,
          7.5
        ]
      },
      "faces": {
        "north": {
          "uv": [
            10.75,
            4.75,
            11.25,
            5.25
          ],
          "texture": "#staff_0"
        },
        "east": {
          "uv": [
            10.25,
            4.75,
            10.75,
            5.25
          ],
          "texture": "#staff_0"
        },
        "south": {
          "uv": [
            10.25,
            4.75,
            10.75,
            5.25
          ],
          "texture": "#staff_0"
        },
        "west": {
          "uv": [
            10.25,
            4.75,
            10.75,
            5.25
          ],
          "texture": "#staff_0"
        },
        "up": {
          "uv": [
            10.25,
            4.75,
            10.75,
            5.25
          ],
          "texture": "#staff_0"
        },
        "down": {
          "uv": [
            10.25,
            4.75,
            10.75,
            5.25
          ],
          "texture": "#staff_0"
        }
      }
    },
    {
      "from": [
        7.35,
        27.6,
        7.4
      ],
      "to": [
        8.15,
        28.4,
        8.6
      ],
      "rotation": {
        "angle": -45,
        "axis": "z",
        "origin": [
          7.2,
          27.4,
          7.4
        ]
      },
      "faces": {
        "north": {
          "uv": [
            2,
            8.5,
            2.5,
            9
          ],
          "texture": "#staff_0"
        },
        "east": {
          "uv": [
            2.5,
            8.5,
            3,
            9
          ],
          "texture": "#staff_0"
        },
        "south": {
          "uv": [
            3,
            8.5,
            3.5,
            9
          ],
          "texture": "#staff_0"
        },
        "west": {
          "uv": [
            8.5,
            3,
            9,
            3.5
          ],
          "texture": "#staff_0"
        },
        "up": {
          "uv": [
            4,
            9,
            3.5,
            8.5
          ],
          "texture": "#staff_0"
        },
        "down": {
          "uv": [
            9,
            3.5,
            8.5,
            4
          ],
          "texture": "#staff_0"
        }
      }
    },
    {
      "from": [
        7.3,
        1,
        7.3
      ],
      "to": [
        8.7,
        1.9,
        8.7
      ],
      "rotation": {
        "angle": 0,
        "axis": "y",
        "origin": [
          0,
          1,
          6
        ]
      },
      "faces": {
        "north": {
          "uv": [
            8,
            8,
            8.75,
            8.5
          ],
          "texture": "#staff_0"
        },
        "east": {
          "uv": [
            0,
            8.5,
            0.75,
            9
          ],
          "texture": "#staff_0"
        },
        "south": {
          "uv": [
            8.5,
            0,
            9.25,
            0.5
          ],
          "texture": "#staff_0"
        },
        "west": {
          "uv": [
            8.5,
            0.5,
            9.25,
            1
          ],
          "texture": "#staff_0"
        },
        "up": {
          "uv": [
            7.75,
            2.75,
            7,
            2
          ],
          "texture": "#staff_0"
        },
        "down": {
          "uv": [
            3.75,
            7,
            3,
            7.75
          ],
          "texture": "#staff_0"
        }
      }
    },
    {
      "from": [
        7.3,
        2.6,
        7.3
      ],
      "to": [
        8.7,
        3,
        8.7
      ],
      "rotation": {
        "angle": 0,
        "axis": "y",
        "origin": [
          0,
          2.6,
          6
        ]
      },
      "faces": {
        "north": {
          "uv": [
            9,
            2,
            9.75,
            2.25
          ],
          "texture": "#staff_0"
        },
        "east": {
          "uv": [
            9,
            2.5,
            9.75,
            2.75
          ],
          "texture": "#staff_0"
        },
        "south": {
          "uv": [
            3,
            9,
            3.75,
            9.25
          ],
          "texture": "#staff_0"
        },
        "west": {
          "uv": [
            9,
            3,
            9.75,
            3.25
          ],
          "texture": "#staff_0"
        },
        "up": {
          "uv": [
            7.75,
            1.75,
            7,
            1
          ],
          "texture": "#staff_0"
        },
        "down": {
          "uv": [
            2.75,
            7,
            2,
            7.75
          ],
          "texture": "#staff_0"
        }
      }
    },
    {
      "from": [
        7.3,
        15.6,
        7.3
      ],
      "to": [
        8.7,
        16,
        8.7
      ],
      "rotation": {
        "angle": 0,
        "axis": "y",
        "origin": [
          0,
          15.6,
          6
        ]
      },
      "faces": {
        "north": {
          "uv": [
            1,
            9,
            1.75,
            9.25
          ],
          "texture": "#staff_0"
        },
        "east": {
          "uv": [
            9,
            1,
            9.75,
            1.25
          ],
          "texture": "#staff_0"
        },
        "south": {
          "uv": [
            9,
            1.5,
            9.75,
            1.75
          ],
          "texture": "#staff_0"
        },
        "west": {
          "uv": [
            2,
            9,
            2.75,
            9.25
          ],
          "texture": "#staff_0"
        },
        "up": {
          "uv": [
            7.25,
            4.75,
            6.5,
            4
          ],
          "texture": "#staff_0"
        },
        "down": {
          "uv": [
            7.75,
            0,
            7,
            0.75
          ],
          "texture": "#staff_0"
        }
      }
    },
    {
      "from": [
        7.2,
        16.6,
        7.2
      ],
      "to": [
        8.8,
        17.5,
        8.8
      ],
      "rotation": {
        "angle": 0,
        "axis": "y",
        "origin": [
          0,
          16.6,
          6
        ]
      },
      "faces": {
        "north": {
          "uv": [
            8,
            6,
            8.75,
            6.5
          ],
          "texture": "#staff_0"
        },
        "east": {
          "uv": [
            8,
            6.5,
            8.75,
            7
          ],
          "texture": "#staff_0"
        },
        "south": {
          "uv": [
            7,
            8,
            7.75,
            8.5
          ],
          "texture": "#staff_0"
        },
        "west": {
          "uv": [
            8,
            7.5,
            8.75,
            8
          ],
          "texture": "#staff_0"
        },
        "up": {
          "uv": [
            6.75,
            5.75,
            6,
            5
          ],
          "texture": "#staff_0"
        },
        "down": {
          "uv": [
            6.75,
            6,
            6,
            6.75
          ],
          "texture": "#staff_0"
        }
      }
    },
    {
      "from": [
        7.2,
        24.6,
        7.2
      ],
      "to": [
        8.8,
        25.5,
        8.8
      ],
      "rotation": {
        "angle": 0,
        "axis": "y",
        "origin": [
          0,
          24.6,
          6
        ]
      },
      "faces": {
        "north": {
          "uv": [
            4.5,
            8,
            5.25,
            8.5
          ],
          "texture": "#staff_0"
        },
        "east": {
          "uv": [
            8,
            5,
            8.75,
            5.5
          ],
          "texture": "#staff_0"
        },
        "south": {
          "uv": [
            8,
            5.5,
            8.75,
            6
          ],
          "texture": "#staff_0"
        },
        "west": {
          "uv": [
            6,
            8,
            6.75,
            8.5
          ],
          "texture": "#staff_0"
        },
        "up": {
          "uv": [
            6.75,
            1.75,
            6,
            1
          ],
          "texture": "#staff_0"
        },
        "down": {
          "uv": [
            6.75,
            2,
            6,
            2.75
          ],
          "texture": "#staff_0"
        }
      }
    },
    {
      "from": [
        7.3,
        17.5,
        7.3
      ],
      "to": [
        8.7,
        24.6,
        8.7
      ],
      "rotation": {
        "angle": 0,
        "axis": "y",
        "origin": [
          0,
          25.1,
          5.9
        ]
      },
      "faces": {
        "north": {
          "uv": [
            2,
            0,
            2.75,
            3.5
          ],
          "texture": "#staff_0"
        },
        "east": {
          "uv": [
            3,
            0,
            3.75,
            3.5
          ],
          "texture": "#staff_0"
        },
        "south": {
          "uv": [
            2,
            3.5,
            2.75,
            7
          ],
          "texture": "#staff_0"
        },
        "west": {
          "uv": [
            3,
            3.5,
            3.75,
            7
          ],
          "texture": "#staff_0"
        },
        "up": {
          "uv": [
            4.75,
            6.75,
            4,
            6
          ],
          "texture": "#staff_0"
        },
        "down": {
          "uv": [
            5.75,
            6,
            5,
            6.75
          ],
          "texture": "#staff_0"
        }
      }
    },
    {
      "from": [
        7.4,
        23,
        6.1
      ],
      "to": [
        8.6,
        24,
        8.3
      ],
      "rotation": {
        "angle": -45,
        "axis": "x",
        "origin": [
          7.4,
          23,
          7.1
        ]
      },
      "faces": {
        "north": {
          "uv": [
            8.5,
            1,
            9,
            1.5
          ],
          "texture": "#staff_0"
        },
        "east": {
          "uv": [
            7,
            3,
            8,
            3.5
          ],
          "texture": "#staff_0"
        },
        "south": {
          "uv": [
            8.5,
            1.5,
            9,
            2
          ],
          "texture": "#staff_0"
        },
        "west": {
          "uv": [
            7,
            3.5,
            8,
            4
          ],
          "texture": "#staff_0"
        },
        "up": {
          "uv": [
            4.5,
            8,
            4,
            7
          ],
          "texture": "#staff_0"
        },
        "down": {
          "uv": [
            5,
            7,
            4.5,
            8
          ],
          "texture": "#staff_0"
        }
      }
    },
    {
      "from": [
        7.4,
        23,
        7.7
      ],
      "to": [
        8.6,
        24,
        9.9
      ],
      "rotation": {
        "angle": 45,
        "axis": "x",
        "origin": [
          8.6,
          23,
          8.9
        ]
      },
      "faces": {
        "north": {
          "uv": [
            8.5,
            4.5,
            9,
            5
          ],
          "texture": "#staff_0"
        },
        "east": {
          "uv": [
            7.5,
            4,
            8.5,
            4.5
          ],
          "texture": "#staff_0"
        },
        "south": {
          "uv": [
            5,
            8.5,
            5.5,
            9
          ],
          "texture": "#staff_0"
        },
        "west": {
          "uv": [
            7.5,
            4.5,
            8.5,
            5
          ],
          "texture": "#staff_0"
        },
        "up": {
          "uv": [
            8,
            6,
            7.5,
            5
          ],
          "texture": "#staff_0"
        },
        "down": {
          "uv": [
            6,
            7.5,
            5.5,
            8.5
          ],
          "texture": "#staff_0"
        }
      }
    },
    {
      "from": [
        7.65,
        23.15,
        7.4
      ],
      "to": [
        9.85,
        24.15,
        8.6
      ],
      "rotation": {
        "angle": -45,
        "axis": "z",
        "origin": [
          8.7,
          23,
          8.6
        ]
      },
      "faces": {
        "north": {
          "uv": [
            6,
            7.5,
            7,
            8
          ],
          "texture": "#staff_0"
        },
        "east": {
          "uv": [
            0,
            9,
            0.5,
            9.5
          ],
          "texture": "#staff_0"
        },
        "south": {
          "uv": [
            7,
            7.5,
            8,
            8
          ],
          "texture": "#staff_0"
        },
        "west": {
          "uv": [
            0.5,
            9,
            1,
            9.5
          ],
          "texture": "#staff_0"
        },
        "up": {
          "uv": [
            8.5,
            7.5,
            7.5,
            7
          ],
          "texture": "#staff_0"
        },
        "down": {
          "uv": [
            1,
            8,
            0,
            8.5
          ],
          "texture": "#staff_0"
        }
      }
    },
    {
      "from": [
        6.15,
        23.15,
        7.4
      ],
      "to": [
        8.35,
        24.15,
        8.6
      ],
      "rotation": {
        "angle": 45,
        "axis": "z",
        "origin": [
          7.3,
          23,
          8.6
        ]
      },
      "faces": {
        "north": {
          "uv": [
            5.5,
            7,
            6.5,
            7.5
          ],
          "texture": "#staff_0"
        },
        "east": {
          "uv": [
            8.5,
            4,
            9,
            4.5
          ],
          "texture": "#staff_0"
        },
        "south": {
          "uv": [
            7,
            6,
            8,
            6.5
          ],
          "texture": "#staff_0"
        },
        "west": {
          "uv": [
            4.5,
            8.5,
            5,
            9
          ],
          "texture": "#staff_0"
        },
        "up": {
          "uv": [
            7.5,
            7.5,
            6.5,
            7
          ],
          "texture": "#staff_0"
        },
        "down": {
          "uv": [
            8,
            6.5,
            7,
            7
          ],
          "texture": "#staff_0"
        }
      }
    },
    {
      "from": [
        8.9,
        26.4,
        7.3
      ],
      "to": [
        9.9,
        28.5,
        8.7
      ],
      "rotation": {
        "angle": 0,
        "axis": "y",
        "origin": [
          7.8,
          24.9,
          7
        ]
      },
      "faces": {
        "north": {
          "uv": [
            5,
            7,
            5.5,
            8
          ],
          "texture": "#staff_0"
        },
        "east": {
          "uv": [
            4,
            5,
            4.75,
            6
          ],
          "texture": "#staff_0"
        },
        "south": {
          "uv": [
            7,
            5,
            7.5,
            6
          ],
          "texture": "#staff_0"
        },
        "west": {
          "uv": [
            5,
            5,
            5.75,
            6
          ],
          "texture": "#staff_0"
        },
        "up": {
          "uv": [
            8.5,
            3.75,
            8,
            3
          ],
          "texture": "#staff_0"
        },
        "down": {
          "uv": [
            4.5,
            8,
            4,
            8.75
          ],
          "texture": "#staff_0"
        }
      }
    },
    {
      "from": [
        6.1,
        26.9,
        7.3
      ],
      "to": [
        7.1,
        28.5,
        8.7
      ],
      "rotation": {
        "angle": 0,
        "axis": "y",
        "origin": [
          7.8,
          24.9,
          7
        ]
      },
      "faces": {
        "north": {
          "uv": [
            8,
            0,
            8.5,
            0.75
          ],
          "texture": "#staff_0"
        },
        "east": {
          "uv": [
            5.5,
            4,
            6.25,
            4.75
          ],
          "texture": "#staff_0"
        },
        "south": {
          "uv": [
            1,
            8,
            1.5,
            8.75
          ],
          "texture": "#staff_0"
        },
        "west": {
          "uv": [
            6,
            0,
            6.75,
            0.75
          ],
          "texture": "#staff_0"
        },
        "up": {
          "uv": [
            8.5,
            1.75,
            8,
            1
          ],
          "texture": "#staff_0"
        },
        "down": {
          "uv": [
            2,
            8,
            1.5,
            8.75
          ],
          "texture": "#staff_0"
        }
      }
    },
    {
      "from": [
        7.3,
        25.5,
        7.3
      ],
      "to": [
        9.9,
        26.4,
        8.7
      ],
      "rotation": {
        "angle": 0,
        "axis": "y",
        "origin": [
          7.8,
          24.9,
          7
        ]
      },
      "faces": {
        "north": {
          "uv": [
            5.5,
            3,
            6.75,
            3.5
          ],
          "texture": "#staff_0"
        },
        "east": {
          "uv": [
            8,
            2.5,
            8.75,
            3
          ],
          "texture": "#staff_0"
        },
        "south": {
          "uv": [
            5.5,
            3.5,
            6.75,
            4
          ],
          "texture": "#staff_0"
        },
        "west": {
          "uv": [
            3,
            8,
            3.75,
            8.5
          ],
          "texture": "#staff_0"
        },
        "up": {
          "uv": [
            5.25,
            3.75,
            4,
            3
          ],
          "texture": "#staff_0"
        },
        "down": {
          "uv": [
            5.25,
            4,
            4,
            4.75
          ],
          "texture": "#staff_0"
        }
      }
    },
    {
      "from": [
        6.1,
        28.5,
        7.3
      ],
      "to": [
        9.9,
        29.6,
        8.7
      ],
      "rotation": {
        "angle": 0,
        "axis": "y",
        "origin": [
          7.8,
          24.9,
          7
        ]
      },
      "faces": {
        "north": {
          "uv": [
            4,
            2,
            6,
            2.5
          ],
          "texture": "#staff_0"
        },
        "east": {
          "uv": [
            2,
            8,
            2.75,
            8.5
          ],
          "texture": "#staff_0"
        },
        "south": {
          "uv": [
            4,
            2.5,
            6,
            3
          ],
          "texture": "#staff_0"
        },
        "west": {
          "uv": [
            8,
            2,
            8.75,
            2.5
          ],
          "texture": "#staff_0"
        },
        "up": {
          "uv": [
            6,
            0.75,
            4,
            0
          ],
          "texture": "#staff_0"
        },
        "down": {
          "uv": [
            6,
            1,
            4,
            1.75
          ],
          "texture": "#staff_0"
        }
      }
    }
  ],
  "display": {
    "thirdperson_righthand": {
      "rotation": [
        5,
        -90,
        0
      ],
      "translation": [
        0,
        -3,
        0.25
      ]
    },
    "thirdperson_lefthand": {
      "rotation": [
        5,
        90,
        0
      ],
      "translation": [
        0,
        -3,
        0.25
      ]
    },
    "firstperson_righthand": {
      "rotation": [
        -3,
        -90,
        0
      ],
      "translation": [
        2.75,
        -8.5,
        0
      ]
    },
    "firstperson_lefthand": {
      "rotation": [
        -3,
        90,
        0
      ],
      "translation": [
        2.75,
        -8.5,
        0
      ]
    },
    "ground": {
      "rotation": [
        -90,
        0,
        -90
      ],
      "translation": [
        -6.5,
        -2.25,
        0
      ]
    },
    "gui": {
      "rotation": [
        0,
        0,
        45
      ],
      "translation": [
        3.75,
        -3.75,
        0
      ],
      "scale": [
        0.76563,
        0.64844,
        1
      ]
    },
    "fixed": {
      "rotation": [
        0,
        0,
        44.25
      ],
      "translation": [
        4.25,
        -4.25,
        0
      ],
      "scale": [
        0.7,
        0.7,
        0.7
      ]
    }
  }
}