{
  "credit": "Made By AtPoe",
  "ambientocclusion": false,
  "texture_size": [
    48,
    48
  ],
  "elements": [
    {
      "from": [
        7.5,
        0,
        7.5
      ],
      "to": [
        8.5,
        23,
        8.5
      ],
      "faces": {
        "north": {
          "uv": [
            3.33333,
            3.66667,
            3.66667,
            11.33333
          ],
          "texture": "#staff_5"
        },
        "east": {
          "uv": [
            3.66667,
            3.66667,
            4,
            11.33333
          ],
          "texture": "#staff_5"
        },
        "south": {
          "uv": [
            4,
            3.66667,
            4.33333,
            11.33333
          ],
          "texture": "#staff_5"
        },
        "west": {
          "uv": [
            4.33333,
            3.66667,
            4.66667,
            11.33333
          ],
          "texture": "#staff_5"
        },
        "up": {
          "uv": [
            7.66667,
            5,
            7.33333,
            4.66667
          ],
          "texture": "#staff_5"
        },
        "down": {
          "uv": [
            0,
            0,
            0,
            0
          ],
          "texture": "#staff_5"
        }
      }
    },
    {
      "from": [
        8,
        20.1,
        3.5
      ],
      "to": [
        8,
        31.1,
        12.5
      ],
      "rotation": {
        "angle": 0,
        "axis": "y",
        "origin": [
          0,
          -0.9,
          0
        ]
      },
      "faces": {
        "north": {
          "uv": [
            0,
            0,
            0,
            3.66667
          ],
          "texture": "#staff_5"
        },
        "east": {
          "uv": [
            0,
            0,
            3,
            4
          ],
          "texture": "#staff_5"
        },
        "south": {
          "uv": [
            0,
            0,
            0,
            3.66667
          ],
          "texture": "#staff_5"
        },
        "west": {
          "uv": [
            0,
            0,
            3,
            4
          ],
          "texture": "#staff_5"
        },
        "up": {
          "uv": [
            0,
            3,
            0,
            0
          ],
          "texture": "#staff_5"
        },
        "down": {
          "uv": [
            0,
            0,
            0,
            3
          ],
          "texture": "#staff_5"
        }
      }
    },
    {
      "from": [
        8,
        24.9,
        7.2
      ],
      "to": [
        8,
        30,
        8.8
      ],
      "rotation": {
        "angle": 0,
        "axis": "y",
        "origin": [
          0,
          -0.3,
          0
        ]
      },
      "faces": {
        "north": {
          "uv": [
            5.16666,
            1.83333,
            5.66667,
            3.66667
          ],
          "texture": "#staff_5"
        },
        "east": {
          "uv": [
            5.16666,
            1.83333,
            5.66667,
            3.66667
          ],
          "texture": "#staff_5"
        },
        "south": {
          "uv": [
            5.16666,
            1.83333,
            5.66667,
            3.66667
          ],
          "texture": "#staff_5"
        },
        "west": {
          "uv": [
            5.16666,
            1.83333,
            5.66667,
            3.66667
          ],
          "texture": "#staff_5"
        },
        "up": {
          "uv": [
            5.16666,
            1.83333,
            5.66667,
            3.66667
          ],
          "texture": "#staff_5"
        },
        "down": {
          "uv": [
            5.16666,
            1.83333,
            5.66667,
            3.66667
          ],
          "texture": "#staff_5"
        }
      }
    },
    {
      "from": [
        7.25,
        26,
        7
      ],
      "to": [
        8.75,
        29,
        9
      ],
      "faces": {
        "north": {
          "uv": [
            3.33333,
            2.33334,
            4.16667,
            3.66667
          ],
          "texture": "#staff_5"
        },
        "east": {
          "uv": [
            3.33333,
            2.33334,
            4.16667,
            3.66667
          ],
          "texture": "#staff_5"
        },
        "south": {
          "uv": [
            3.33333,
            2.33334,
            4.16667,
            3.66667
          ],
          "texture": "#staff_5"
        },
        "west": {
          "uv": [
            3.33333,
            2.33334,
            4.16667,
            3.66667
          ],
          "texture": "#staff_5"
        },
        "up": {
          "uv": [
            3.33333,
            2.33334,
            4.16667,
            3.66667
          ],
          "texture": "#staff_5"
        },
        "down": {
          "uv": [
            3.33333,
            2.33334,
            4.16667,
            3.66667
          ],
          "texture": "#staff_5"
        }
      }
    },
    {
      "from": [
        7.25,
        5.1,
        6.5
      ],
      "to": [
        8.75,
        7.1,
        8.5
      ],
      "rotation": {
        "angle": 45,
        "axis": "x",
        "origin": [
          0,
          2.1,
          -0.5
        ]
      },
      "faces": {
        "north": {
          "uv": [
            6,
            3,
            7,
            4
          ],
          "texture": "#staff_5"
        },
        "east": {
          "uv": [
            5.33333,
            5.66667,
            6.33333,
            6.66667
          ],
          "texture": "#staff_5"
        },
        "south": {
          "uv": [
            6,
            4,
            7,
            5
          ],
          "texture": "#staff_5"
        },
        "west": {
          "uv": [
            6,
            0,
            7,
            1
          ],
          "texture": "#staff_5"
        },
        "up": {
          "uv": [
            6.33333,
            7.66666,
            5.33333,
            6.66667
          ],
          "texture": "#staff_5"
        },
        "down": {
          "uv": [
            7.33333,
            5.33333,
            6.33334,
            6.33333
          ],
          "texture": "#staff_5"
        }
      }
    },
    {
      "from": [
        8,
        -4,
        5.5
      ],
      "to": [
        8,
        2,
        10.5
      ],
      "rotation": {
        "angle": 0,
        "axis": "y",
        "origin": [
          0,
          1,
          0
        ]
      },
      "faces": {
        "north": {
          "uv": [
            0,
            0,
            0,
            2
          ],
          "texture": "#staff_5"
        },
        "east": {
          "uv": [
            7.66667,
            0,
            9.33333,
            2
          ],
          "texture": "#staff_5"
        },
        "south": {
          "uv": [
            0,
            0,
            0,
            2
          ],
          "texture": "#staff_5"
        },
        "west": {
          "uv": [
            9.33333,
            0,
            11,
            2
          ],
          "texture": "#staff_5"
        },
        "up": {
          "uv": [
            0,
            1.66667,
            0,
            0
          ],
          "texture": "#staff_5"
        },
        "down": {
          "uv": [
            0,
            0,
            0,
            1.66667
          ],
          "texture": "#staff_5"
        }
      }
    },
    {
      "from": [
        7.25,
        21.25,
        7.25
      ],
      "to": [
        8.75,
        22.25,
        8.75
      ],
      "faces": {
        "north": {
          "uv": [
            7.33333,
            3.33333,
            8,
            3.66667
          ],
          "texture": "#staff_5"
        },
        "east": {
          "uv": [
            7.33333,
            3.66667,
            8,
            4
          ],
          "texture": "#staff_5"
        },
        "south": {
          "uv": [
            7.33333,
            4,
            8,
            4.33333
          ],
          "texture": "#staff_5"
        },
        "west": {
          "uv": [
            7.33333,
            4.33333,
            8,
            4.66667
          ],
          "texture": "#staff_5"
        },
        "up": {
          "uv": [
            7.33333,
            7.33333,
            6.66667,
            6.66667
          ],
          "texture": "#staff_5"
        },
        "down": {
          "uv": [
            7.66667,
            0,
            7,
            0.66667
          ],
          "texture": "#staff_5"
        }
      }
    },
    {
      "from": [
        7.25,
        14.75,
        7.25
      ],
      "to": [
        8.75,
        20.25,
        8.75
      ],
      "faces": {
        "north": {
          "uv": [
            4.66667,
            3.66667,
            5.33333,
            5.66667
          ],
          "texture": "#staff_5"
        },
        "east": {
          "uv": [
            5.33333,
            3.66667,
            6,
            5.66667
          ],
          "texture": "#staff_5"
        },
        "south": {
          "uv": [
            0,
            5.66667,
            0.66667,
            7.66667
          ],
          "texture": "#staff_5"
        },
        "west": {
          "uv": [
            0.66667,
            5.66667,
            1.33333,
            7.66667
          ],
          "texture": "#staff_5"
        },
        "up": {
          "uv": [
            7.66667,
            1.33333,
            7,
            0.66667
          ],
          "texture": "#staff_5"
        },
        "down": {
          "uv": [
            7.66667,
            1.33333,
            7,
            2
          ],
          "texture": "#staff_5"
        }
      }
    },
    {
      "from": [
        7.25,
        5.75,
        7.25
      ],
      "to": [
        8.75,
        11.25,
        8.75
      ],
      "faces": {
        "north": {
          "uv": [
            1.33333,
            5.66667,
            2,
            7.66667
          ],
          "texture": "#staff_5"
        },
        "east": {
          "uv": [
            2,
            5.66667,
            2.66667,
            7.66667
          ],
          "texture": "#staff_5"
        },
        "south": {
          "uv": [
            2.66667,
            5.66667,
            3.33333,
            7.66667
          ],
          "texture": "#staff_5"
        },
        "west": {
          "uv": [
            4.66667,
            5.66667,
            5.33333,
            7.66667
          ],
          "texture": "#staff_5"
        },
        "up": {
          "uv": [
            7.66667,
            2.66667,
            7,
            2
          ],
          "texture": "#staff_5"
        },
        "down": {
          "uv": [
            7.66667,
            2.66667,
            7,
            3.33333
          ],
          "texture": "#staff_5"
        }
      }
    }
  ],
  "display": {
    "thirdperson_righthand": {
      "rotation": [
        5,
        0,
        0
      ],
      "translation": [
        0,
        -3,
        0.25
      ]
    },
    "thirdperson_lefthand": {
      "rotation": [
        5,
        0,
        0
      ],
      "translation": [
        0,
        -3,
        0.25
      ]
    },
    "firstperson_righthand": {
      "rotation": [
        -3,
        0,
        0
      ],
      "translation": [
        2.75,
        -8.5,
        0
      ]
    },
    "firstperson_lefthand": {
      "rotation": [
        -3,
        0,
        0
      ],
      "translation": [
        2.75,
        -8.5,
        0
      ]
    },
    "ground": {
      "rotation": [
        0,
        0,
        -90
      ],
      "translation": [
        -6.5,
        -2.25,
        0
      ]
    },
    "gui": {
      "rotation": [
        97.77,
        -45.15,
        94.83
      ],
      "translation": [
        2.5,
        -2.75,
        0
      ],
      "scale": [
        0.01,
        0.56,
        0.75
      ]
    },
    "fixed": {
      "rotation": [
        87.43,
        -40.14,
        87.77
      ],
      "translation": [
        3,
        -3.5,
        -0.25
      ],
      "scale": [
        0.7,
        0.7,
        0.7
      ]
    }
  }
}