{
  "credit": "Made By AtPoe",
  "texture_size": [
    64,
    64
  ],
  "elements": [
    {
      "from": [
        7,
        -6,
        7
      ],
      "to": [
        9,
        2,
        9
      ],
      "rotation": {
        "angle": 0,
        "axis": "y",
        "origin": [
          0,
          24,
          0
        ]
      },
      "faces": {
        "north": {
          "uv": [
            12.75,
            10.5,
            12,
            13.25
          ],
          "texture": "#sword_0"
        },
        "east": {
          "uv": [
            12.75,
            10.5,
            12,
            13.25
          ],
          "texture": "#sword_0"
        },
        "south": {
          "uv": [
            12.75,
            10.5,
            12,
            13.25
          ],
          "texture": "#sword_0"
        },
        "west": {
          "uv": [
            12.75,
            10.5,
            12,
            13.25
          ],
          "texture": "#sword_0"
        }
      }
    },
    {
      "from": [
        4.5,
        2,
        7
      ],
      "to": [
        11.5,
        5,
        9
      ],
      "rotation": {
        "angle": 0,
        "axis": "y",
        "origin": [
          0.5,
          24,
          0
        ]
      },
      "faces": {
        "north": {
          "uv": [
            13.25,
            9.75,
            11.5,
            10.5
          ],
          "texture": "#sword_0"
        },
        "east": {
          "uv": [
            10.75,
            9.5,
            10.25,
            10.25
          ],
          "texture": "#sword_0"
        },
        "south": {
          "uv": [
            13.25,
            9.75,
            11.5,
            10.5
          ],
          "texture": "#sword_0"
        },
        "west": {
          "uv": [
            10.75,
            9.5,
            10.25,
            10.25
          ],
          "texture": "#sword_0"
        },
        "up": {
          "uv": [
            11.5,
            9.75,
            13.25,
            10
          ],
          "texture": "#sword_0"
        },
        "down": {
          "uv": [
            11.5,
            10.25,
            13.25,
            10.5
          ],
          "texture": "#sword_0"
        }
      }
    },
    {
      "from": [
        6.23254,
        23.2315,
        7.49
      ],
      "to": [
        9.76954,
        26.7685,
        8.51
      ],
      "rotation": {
        "angle": 45,
        "axis": "z",
        "origin": [
          8,
          25,
          8
        ]
      },
      "faces": {
        "north": {
          "uv": [
            13.25,
            1.25,
            11.5,
            3
          ],
          "texture": "#sword_0"
        },
        "east": {
          "uv": [
            11.5,
            1.25,
            13.25,
            3
          ],
          "texture": "#sword_0"
        },
        "south": {
          "uv": [
            11.5,
            1.25,
            13.25,
            3
          ],
          "texture": "#sword_0"
        },
        "up": {
          "uv": [
            11.5,
            1.25,
            13.25,
            1.75
          ],
          "texture": "#sword_0"
        },
        "down": {
          "uv": [
            11.5,
            2.5,
            13.25,
            3
          ],
          "texture": "#sword_0"
        }
      }
    },
    {
      "from": [
        5.2,
        4.7,
        7.8
      ],
      "to": [
        10.8,
        25.3,
        8.2
      ],
      "rotation": {
        "angle": 0,
        "axis": "y",
        "origin": [
          0,
          21,
          0
        ]
      },
      "faces": {
        "north": {
          "uv": [
            11.5,
            3.5,
            11.75,
            9.75
          ],
          "texture": "#sword_0"
        },
        "east": {
          "uv": [
            13,
            3,
            13.25,
            9.75
          ],
          "texture": "#sword_0"
        },
        "south": {
          "uv": [
            11.5,
            3.5,
            11.75,
            9.75
          ],
          "texture": "#sword_0"
        },
        "west": {
          "uv": [
            11.5,
            3,
            11.75,
            9.75
          ],
          "texture": "#sword_0"
        }
      }
    },
    {
      "from": [
        6.10754,
        23.2815,
        7.79
      ],
      "to": [
        10.06954,
        27.2435,
        8.21
      ],
      "rotation": {
        "angle": 45,
        "axis": "z",
        "origin": [
          8,
          25.175,
          8
        ]
      },
      "faces": {
        "north": {
          "uv": [
            11.5,
            1.25,
            13.25,
            3
          ],
          "texture": "#sword_0"
        },
        "east": {
          "uv": [
            13,
            1.25,
            13.25,
            3
          ],
          "texture": "#sword_0"
        },
        "south": {
          "uv": [
            11.5,
            1.25,
            13.25,
            3
          ],
          "texture": "#sword_0"
        },
        "up": {
          "uv": [
            11.5,
            1.25,
            13.25,
            1.5
          ],
          "texture": "#sword_0"
        }
      }
    },
    {
      "from": [
        5.5,
        5,
        7.5
      ],
      "to": [
        10.5,
        25,
        8.5
      ],
      "rotation": {
        "angle": 0,
        "axis": "y",
        "origin": [
          0,
          21,
          0
        ]
      },
      "faces": {
        "north": {
          "uv": [
            13,
            3,
            11.75,
            9.75
          ],
          "texture": "#sword_0"
        },
        "east": {
          "uv": [
            12.75,
            3,
            13,
            9.75
          ],
          "texture": "#sword_0"
        },
        "south": {
          "uv": [
            11.75,
            3,
            13,
            9.75
          ],
          "texture": "#sword_0"
        },
        "west": {
          "uv": [
            11.75,
            3,
            12,
            9.75
          ],
          "texture": "#sword_0"
        }
      }
    },
    {
      "from": [
        6.48,
        -8.52,
        6.98
      ],
      "to": [
        9.52,
        -5.48,
        9.02
      ],
      "rotation": {
        "angle": 45,
        "axis": "z",
        "origin": [
          8,
          -7,
          8
        ]
      },
      "faces": {
        "north": {
          "uv": [
            12,
            13.25,
            12.75,
            14
          ],
          "texture": "#sword_0"
        },
        "east": {
          "uv": [
            12.75,
            13.25,
            12.5,
            14
          ],
          "texture": "#sword_0"
        },
        "south": {
          "uv": [
            12,
            13.25,
            12.75,
            14
          ],
          "texture": "#sword_0"
        },
        "west": {
          "uv": [
            12,
            13.25,
            12.25,
            14
          ],
          "texture": "#sword_0"
        },
        "up": {
          "uv": [
            12.75,
            13.25,
            12,
            13.5
          ],
          "texture": "#sword_0"
        },
        "down": {
          "uv": [
            12.75,
            13.75,
            12,
            14
          ],
          "texture": "#sword_0"
        }
      }
    },
    {
      "from": [
        3.13,
        2.69,
        7.1
      ],
      "to": [
        5.03,
        5.69,
        8.9
      ],
      "rotation": {
        "angle": -22.5,
        "axis": "z",
        "origin": [
          3.025,
          3.675,
          7
        ]
      },
      "faces": {
        "north": {
          "uv": [
            10.725,
            9.5,
            10.25,
            10.25
          ],
          "texture": "#sword_0"
        },
        "east": {
          "uv": [
            11.25,
            10.5,
            11.7,
            11.25
          ],
          "texture": "#sword_0"
        },
        "south": {
          "uv": [
            10.725,
            9.5,
            10.25,
            10.25
          ],
          "texture": "#sword_0"
        },
        "west": {
          "uv": [
            10.75,
            9.5,
            10.25,
            10.25
          ],
          "texture": "#sword_0"
        },
        "up": {
          "uv": [
            10.25,
            9,
            10.75,
            9.5
          ],
          "texture": "#sword_0"
        },
        "down": {
          "uv": [
            10.25,
            11,
            10.75,
            11.5
          ],
          "texture": "#sword_0"
        }
      }
    },
    {
      "from": [
        10.97,
        2.69,
        7.1
      ],
      "to": [
        12.87,
        5.69,
        8.9
      ],
      "rotation": {
        "angle": 22.5,
        "axis": "z",
        "origin": [
          12.975,
          3.675,
          7
        ]
      },
      "faces": {
        "north": {
          "uv": [
            10.725,
            9.5,
            10.25,
            10.25
          ],
          "texture": "#sword_0"
        },
        "east": {
          "uv": [
            10.75,
            9.5,
            10.25,
            10.25
          ],
          "texture": "#sword_0"
        },
        "south": {
          "uv": [
            10.725,
            9.5,
            10.25,
            10.25
          ],
          "texture": "#sword_0"
        },
        "west": {
          "uv": [
            0.45,
            0,
            0,
            0.75
          ],
          "texture": "#sword_0"
        },
        "up": {
          "uv": [
            10.25,
            9,
            10.75,
            9.5
          ],
          "texture": "#sword_0"
        },
        "down": {
          "uv": [
            10.25,
            11,
            10.75,
            11.5
          ],
          "texture": "#sword_0"
        }
      }
    }
  ],
  "gui_light": "front",
  "display": {
    "thirdperson_righthand": {
      "rotation": [
        4,
        -90,
        0
      ],
      "translation": [
        0,
        3.25,
        0.75
      ],
      "scale": [
        0.5,
        0.55,
        0.55
      ]
    },
    "thirdperson_lefthand": {
      "rotation": [
        4,
        -90,
        0
      ],
      "translation": [
        0,
        3.25,
        0.75
      ],
      "scale": [
        0.5,
        0.55,
        0.55
      ]
    },
    "firstperson_righthand": {
      "rotation": [
        4,
        -90,
        0
      ],
      "translation": [
        2.5,
        3.5,
        0.75
      ],
      "scale": [
        0.45,
        0.55,
        0.55
      ]
    },
    "firstperson_lefthand": {
      "rotation": [
        4,
        -90,
        0
      ],
      "translation": [
        2.5,
        3.5,
        0.75
      ],
      "scale": [
        0.45,
        0.55,
        0.55
      ]
    },
    "ground": {
      "rotation": [
        0,
        0,
        -45
      ],
      "translation": [
        0,
        3,
        0
      ],
      "scale": [
        0.35,
        0.35,
        0.35
      ]
    },
    "gui": {
      "rotation": [
        0,
        0,
        -45
      ],
      "translation": [
        -1.25,
        -1.15,
        0
      ],
      "scale": [
        0.55,
        0.55,
        0.5
      ]
    },
    "head": {
      "rotation": [
        0,
        0,
        140
      ],
      "translation": [
        7,
        6.75,
        0.75
      ],
      "scale": [
        0.6,
        0.6,
        0.6
      ]
    },
    "fixed": {
      "rotation": [
        0,
        -180,
        -45
      ],
      "translation": [
        0.5,
        -0.5,
        0.75
      ],
      "scale": [
        0.5,
        0.5,
        0.5
      ]
    }
  },
  "groups": [
    {
      "name": "sword",
      "origin": [
        8,
        8,
        8
      ],
      "color": 0,
      "children": [
        0,
        1,
        2,
        3,
        4,
        5,
        6,
        7,
        8
      ]
    }
  ]
}