{
  "credit": "Made By AtPoe",
  "texture_size": [
    32,
    32
  ],
  "elements": [
    {
      "from": [
        8.37158,
        7.575,
        4.2875
      ],
      "to": [
        13.67158,
        7.975,
        11.7125
      ],
      "rotation": {
        "angle": 45,
        "axis": "z",
        "origin": [
          8.97158,
          7.475,
          8
        ]
      },
      "faces": {
        "north": {
          "uv": [
            8.5,
            1,
            11.25,
            1.25
          ],
          "texture": "#0"
        },
        "east": {
          "uv": [
            8,
            4.5,
            11.75,
            4.75
          ],
          "texture": "#0"
        },
        "south": {
          "uv": [
            8.5,
            1.5,
            11.25,
            1.75
          ],
          "texture": "#0"
        },
        "up": {
          "uv": [
            2.75,
            3.75,
            0,
            0
          ],
          "texture": "#0"
        },
        "down": {
          "uv": [
            5.75,
            0,
            3,
            3.75
          ],
          "texture": "#0"
        }
      }
    },
    {
      "from": [
        9.10191,
        6.9938,
        4.2875
      ],
      "to": [
        9.30191,
        12.2938,
        11.7125
      ],
      "rotation": {
        "angle": -22.5,
        "axis": "z",
        "origin": [
          9.50191,
          9.8438,
          8
        ]
      },
      "faces": {
        "north": {
          "uv": [
            8.5,
            8,
            8.75,
            10.75
          ],
          "texture": "#0"
        },
        "east": {
          "uv": [
            0,
            4,
            3.75,
            6.75
          ],
          "texture": "#0"
        },
        "south": {
          "uv": [
            7.5,
            9,
            7.75,
            11.75
          ],
          "texture": "#0"
        },
        "west": {
          "uv": [
            4,
            4,
            7.75,
            6.75
          ],
          "texture": "#0"
        },
        "up": {
          "uv": [
            7.25,
            11.75,
            7,
            8
          ],
          "texture": "#0"
        }
      }
    },
    {
      "from": [
        7,
        6.90538,
        4
      ],
      "to": [
        9,
        7.40538,
        12
      ],
      "rotation": {
        "angle": 0,
        "axis": "y",
        "origin": [
          16,
          6.90538,
          1
        ]
      },
      "faces": {
        "north": {
          "uv": [
            3,
            11,
            4,
            11.25
          ],
          "texture": "#0"
        },
        "south": {
          "uv": [
            11,
            3,
            12,
            3.25
          ],
          "texture": "#0"
        },
        "up": {
          "uv": [
            6,
            11,
            5,
            7
          ],
          "texture": "#0"
        },
        "down": {
          "uv": [
            7,
            7,
            6,
            11
          ],
          "texture": "#0"
        }
      }
    },
    {
      "from": [
        9,
        7.40538,
        4.3
      ],
      "to": [
        13.7,
        7.90538,
        11.7
      ],
      "rotation": {
        "angle": 22.5,
        "axis": "z",
        "origin": [
          9,
          6.90538,
          8
        ]
      },
      "faces": {
        "north": {
          "uv": [
            8.5,
            3,
            10.75,
            3.25
          ],
          "texture": "#0"
        },
        "east": {
          "uv": [
            7,
            7.5,
            10.75,
            7.75
          ],
          "texture": "#0"
        },
        "south": {
          "uv": [
            8.5,
            3.5,
            10.75,
            3.75
          ],
          "texture": "#0"
        },
        "west": {
          "uv": [
            8,
            4,
            11.75,
            4.25
          ],
          "texture": "#0"
        },
        "up": {
          "uv": [
            4.75,
            10.75,
            2.5,
            7
          ],
          "texture": "#0"
        }
      }
    },
    {
      "from": [
        9,
        6.90538,
        4
      ],
      "to": [
        14,
        7.40538,
        12
      ],
      "rotation": {
        "angle": 22.5,
        "axis": "z",
        "origin": [
          9,
          6.90538,
          8
        ]
      },
      "faces": {
        "north": {
          "uv": [
            8.5,
            2,
            11,
            2.25
          ],
          "texture": "#0"
        },
        "east": {
          "uv": [
            7,
            7,
            11,
            7.25
          ],
          "texture": "#0"
        },
        "south": {
          "uv": [
            8.5,
            2.5,
            11,
            2.75
          ],
          "texture": "#0"
        },
        "up": {
          "uv": [
            8.5,
            4,
            6,
            0
          ],
          "texture": "#0"
        },
        "down": {
          "uv": [
            2.5,
            7,
            0,
            11
          ],
          "texture": "#0"
        }
      }
    },
    {
      "from": [
        9.6849,
        7.67804,
        11.0625
      ],
      "to": [
        12.8849,
        8.17804,
        12.2625
      ],
      "rotation": {
        "angle": 22.5,
        "axis": "z",
        "origin": [
          11.4849,
          7.42804,
          5
        ]
      },
      "faces": {
        "north": {
          "uv": [
            0,
            11,
            1.5,
            11.25
          ],
          "texture": "#0"
        },
        "south": {
          "uv": [
            1.5,
            11,
            3,
            11.25
          ],
          "texture": "#0"
        },
        "up": {
          "uv": [
            9.5,
            5.5,
            8,
            5
          ],
          "texture": "#0"
        },
        "down": {
          "uv": [
            9.5,
            5.5,
            8,
            6
          ],
          "texture": "#0"
        }
      }
    },
    {
      "from": [
        12.93914,
        7.20538,
        10.8625
      ],
      "to": [
        14.53914,
        7.90538,
        12.4625
      ],
      "rotation": {
        "angle": 22.5,
        "axis": "z",
        "origin": [
          10.82664,
          7.15538,
          5
        ]
      },
      "faces": {
        "north": {
          "uv": [
            5,
            11,
            5.75,
            11.25
          ],
          "texture": "#0"
        },
        "east": {
          "uv": [
            6,
            11,
            6.75,
            11.25
          ],
          "texture": "#0"
        },
        "south": {
          "uv": [
            11,
            7,
            11.75,
            7.25
          ],
          "texture": "#0"
        },
        "west": {
          "uv": [
            11,
            7.5,
            11.75,
            7.75
          ],
          "texture": "#0"
        },
        "up": {
          "uv": [
            9.75,
            8.75,
            9,
            8
          ],
          "texture": "#0"
        },
        "down": {
          "uv": [
            9.75,
            9,
            9,
            9.75
          ],
          "texture": "#0"
        }
      }
    },
    {
      "from": [
        8.13914,
        7.20538,
        10.8625
      ],
      "to": [
        9.73914,
        7.90538,
        12.4625
      ],
      "rotation": {
        "angle": 22.5,
        "axis": "z",
        "origin": [
          10.82664,
          7.15538,
          5
        ]
      },
      "faces": {
        "north": {
          "uv": [
            8,
            11,
            8.75,
            11.25
          ],
          "texture": "#0"
        },
        "east": {
          "uv": [
            11,
            8,
            11.75,
            8.25
          ],
          "texture": "#0"
        },
        "south": {
          "uv": [
            11,
            8.5,
            11.75,
            8.75
          ],
          "texture": "#0"
        },
        "west": {
          "uv": [
            9,
            11,
            9.75,
            11.25
          ],
          "texture": "#0"
        },
        "up": {
          "uv": [
            10.25,
            0.75,
            9.5,
            0
          ],
          "texture": "#0"
        },
        "down": {
          "uv": [
            10.25,
            5,
            9.5,
            5.75
          ],
          "texture": "#0"
        }
      }
    },
    {
      "from": [
        8.13914,
        7.50538,
        7.0625
      ],
      "to": [
        9.73914,
        7.90538,
        8.9625
      ],
      "rotation": {
        "angle": 22.5,
        "axis": "z",
        "origin": [
          10.82664,
          7.15538,
          4
        ]
      },
      "faces": {
        "north": {
          "uv": [
            11.5,
            0.5,
            12.25,
            0.75
          ],
          "texture": "#0"
        },
        "east": {
          "uv": [
            11,
            3.5,
            12,
            3.75
          ],
          "texture": "#0"
        },
        "south": {
          "uv": [
            1,
            11.5,
            1.75,
            11.75
          ],
          "texture": "#0"
        },
        "west": {
          "uv": [
            4,
            11,
            5,
            11.25
          ],
          "texture": "#0"
        },
        "up": {
          "uv": [
            8.25,
            9,
            7.5,
            8
          ],
          "texture": "#0"
        },
        "down": {
          "uv": [
            9.25,
            0,
            8.5,
            1
          ],
          "texture": "#0"
        }
      }
    },
    {
      "from": [
        12.32114,
        8.40405,
        7.2625
      ],
      "to": [
        13.92114,
        8.80405,
        8.8625
      ],
      "rotation": {
        "angle": 0,
        "axis": "y",
        "origin": [
          11.92114,
          8.20405,
          8.0125
        ]
      },
      "faces": {
        "north": {
          "uv": [
            11.5,
            1,
            12.25,
            1.25
          ],
          "texture": "#0"
        },
        "south": {
          "uv": [
            11.5,
            1.5,
            12.25,
            1.75
          ],
          "texture": "#0"
        },
        "up": {
          "uv": [
            10.75,
            10.75,
            10,
            10
          ],
          "texture": "#0"
        },
        "down": {
          "uv": [
            11.25,
            0,
            10.5,
            0.75
          ],
          "texture": "#0"
        }
      }
    },
    {
      "from": [
        13.54541,
        7.89694,
        7.2625
      ],
      "to": [
        15.14541,
        8.29694,
        8.8625
      ],
      "rotation": {
        "angle": -45,
        "axis": "z",
        "origin": [
          14.34541,
          8.09694,
          8.0625
        ]
      },
      "faces": {
        "north": {
          "uv": [
            2,
            11.5,
            2.75,
            11.75
          ],
          "texture": "#0"
        },
        "east": {
          "uv": [
            3,
            11.5,
            3.75,
            11.75
          ],
          "texture": "#0"
        },
        "south": {
          "uv": [
            4,
            11.5,
            4.75,
            11.75
          ],
          "texture": "#0"
        },
        "up": {
          "uv": [
            11.25,
            5.75,
            10.5,
            5
          ],
          "texture": "#0"
        },
        "down": {
          "uv": [
            11.25,
            6,
            10.5,
            6.75
          ],
          "texture": "#0"
        }
      }
    },
    {
      "from": [
        8.13914,
        7.20538,
        3.5625
      ],
      "to": [
        9.73914,
        7.90538,
        5.1625
      ],
      "rotation": {
        "angle": 22.5,
        "axis": "z",
        "origin": [
          10.82664,
          7.15538,
          5
        ]
      },
      "faces": {
        "north": {
          "uv": [
            11,
            10.5,
            11.75,
            10.75
          ],
          "texture": "#0"
        },
        "east": {
          "uv": [
            11,
            11,
            11.75,
            11.25
          ],
          "texture": "#0"
        },
        "south": {
          "uv": [
            0,
            11.5,
            0.75,
            11.75
          ],
          "texture": "#0"
        },
        "west": {
          "uv": [
            11.5,
            0,
            12.25,
            0.25
          ],
          "texture": "#0"
        },
        "up": {
          "uv": [
            9.75,
            10.75,
            9,
            10
          ],
          "texture": "#0"
        },
        "down": {
          "uv": [
            10.75,
            9,
            10,
            9.75
          ],
          "texture": "#0"
        }
      }
    },
    {
      "from": [
        9.6849,
        7.67804,
        3.7625
      ],
      "to": [
        12.8849,
        8.17804,
        4.9625
      ],
      "rotation": {
        "angle": 22.5,
        "axis": "z",
        "origin": [
          11.4849,
          7.42804,
          5
        ]
      },
      "faces": {
        "north": {
          "uv": [
            11,
            2,
            12.5,
            2.25
          ],
          "texture": "#0"
        },
        "south": {
          "uv": [
            11,
            2.5,
            12.5,
            2.75
          ],
          "texture": "#0"
        },
        "up": {
          "uv": [
            9.5,
            6.5,
            8,
            6
          ],
          "texture": "#0"
        },
        "down": {
          "uv": [
            9.5,
            6.5,
            8,
            7
          ],
          "texture": "#0"
        }
      }
    },
    {
      "from": [
        12.93914,
        7.20538,
        3.5625
      ],
      "to": [
        14.53914,
        7.90538,
        5.1625
      ],
      "rotation": {
        "angle": 22.5,
        "axis": "z",
        "origin": [
          10.82664,
          7.15538,
          5
        ]
      },
      "faces": {
        "north": {
          "uv": [
            11,
            9,
            11.75,
            9.25
          ],
          "texture": "#0"
        },
        "east": {
          "uv": [
            11,
            9.5,
            11.75,
            9.75
          ],
          "texture": "#0"
        },
        "south": {
          "uv": [
            10,
            11,
            10.75,
            11.25
          ],
          "texture": "#0"
        },
        "west": {
          "uv": [
            11,
            10,
            11.75,
            10.25
          ],
          "texture": "#0"
        },
        "up": {
          "uv": [
            10.25,
            6.75,
            9.5,
            6
          ],
          "texture": "#0"
        },
        "down": {
          "uv": [
            10.75,
            8,
            10,
            8.75
          ],
          "texture": "#0"
        }
      }
    },
    {
      "from": [
        6.26086,
        7.20538,
        3.5625
      ],
      "to": [
        7.86086,
        7.90538,
        5.1625
      ],
      "rotation": {
        "angle": -22.5,
        "axis": "z",
        "origin": [
          5.17336,
          7.15538,
          5
        ]
      },
      "faces": {
        "north": {
          "uv": [
            11.75,
            10.5,
            11,
            10.75
          ],
          "texture": "#0"
        },
        "east": {
          "uv": [
            12.25,
            0,
            11.5,
            0.25
          ],
          "texture": "#0"
        },
        "south": {
          "uv": [
            0.75,
            11.5,
            0,
            11.75
          ],
          "texture": "#0"
        },
        "west": {
          "uv": [
            11.75,
            11,
            11,
            11.25
          ],
          "texture": "#0"
        },
        "up": {
          "uv": [
            9,
            10.75,
            9.75,
            10
          ],
          "texture": "#0"
        },
        "down": {
          "uv": [
            10,
            9,
            10.75,
            9.75
          ],
          "texture": "#0"
        }
      }
    },
    {
      "from": [
        1.46086,
        7.20538,
        3.5625
      ],
      "to": [
        3.06086,
        7.90538,
        5.1625
      ],
      "rotation": {
        "angle": -22.5,
        "axis": "z",
        "origin": [
          5.17336,
          7.15538,
          5
        ]
      },
      "faces": {
        "north": {
          "uv": [
            11.75,
            9,
            11,
            9.25
          ],
          "texture": "#0"
        },
        "east": {
          "uv": [
            11.75,
            10,
            11,
            10.25
          ],
          "texture": "#0"
        },
        "south": {
          "uv": [
            10.75,
            11,
            10,
            11.25
          ],
          "texture": "#0"
        },
        "west": {
          "uv": [
            11.75,
            9.5,
            11,
            9.75
          ],
          "texture": "#0"
        },
        "up": {
          "uv": [
            9.5,
            6.75,
            10.25,
            6
          ],
          "texture": "#0"
        },
        "down": {
          "uv": [
            10,
            8,
            10.75,
            8.75
          ],
          "texture": "#0"
        }
      }
    },
    {
      "from": [
        3.1151,
        7.67804,
        3.7625
      ],
      "to": [
        6.3151,
        8.17804,
        4.9625
      ],
      "rotation": {
        "angle": -22.5,
        "axis": "z",
        "origin": [
          4.5151,
          7.42804,
          5
        ]
      },
      "faces": {
        "north": {
          "uv": [
            12.5,
            2,
            11,
            2.25
          ],
          "texture": "#0"
        },
        "south": {
          "uv": [
            12.5,
            2.5,
            11,
            2.75
          ],
          "texture": "#0"
        },
        "up": {
          "uv": [
            8,
            6.5,
            9.5,
            6
          ],
          "texture": "#0"
        },
        "down": {
          "uv": [
            8,
            6.5,
            9.5,
            7
          ],
          "texture": "#0"
        }
      }
    },
    {
      "from": [
        2,
        6.90538,
        4
      ],
      "to": [
        7,
        7.40538,
        12
      ],
      "rotation": {
        "angle": -22.5,
        "axis": "z",
        "origin": [
          7,
          6.90538,
          8
        ]
      },
      "faces": {
        "north": {
          "uv": [
            11,
            2,
            8.5,
            2.25
          ],
          "texture": "#0"
        },
        "south": {
          "uv": [
            11,
            2.5,
            8.5,
            2.75
          ],
          "texture": "#0"
        },
        "west": {
          "uv": [
            11,
            7,
            7,
            7.25
          ],
          "texture": "#0"
        },
        "up": {
          "uv": [
            6,
            4,
            8.5,
            0
          ],
          "texture": "#0"
        },
        "down": {
          "uv": [
            0,
            7,
            2.5,
            11
          ],
          "texture": "#0"
        }
      }
    },
    {
      "from": [
        6.26086,
        7.50538,
        7.0625
      ],
      "to": [
        7.86086,
        7.90538,
        8.9625
      ],
      "rotation": {
        "angle": -22.5,
        "axis": "z",
        "origin": [
          5.17336,
          7.15538,
          4
        ]
      },
      "faces": {
        "north": {
          "uv": [
            12.25,
            0.5,
            11.5,
            0.75
          ],
          "texture": "#0"
        },
        "east": {
          "uv": [
            5,
            11,
            4,
            11.25
          ],
          "texture": "#0"
        },
        "south": {
          "uv": [
            1.75,
            11.5,
            1,
            11.75
          ],
          "texture": "#0"
        },
        "west": {
          "uv": [
            12,
            3.5,
            11,
            3.75
          ],
          "texture": "#0"
        },
        "up": {
          "uv": [
            7.5,
            9,
            8.25,
            8
          ],
          "texture": "#0"
        },
        "down": {
          "uv": [
            8.5,
            0,
            9.25,
            1
          ],
          "texture": "#0"
        }
      }
    },
    {
      "from": [
        6.26086,
        7.20538,
        10.8625
      ],
      "to": [
        7.86086,
        7.90538,
        12.4625
      ],
      "rotation": {
        "angle": -22.5,
        "axis": "z",
        "origin": [
          5.17336,
          7.15538,
          5
        ]
      },
      "faces": {
        "north": {
          "uv": [
            8.75,
            11,
            8,
            11.25
          ],
          "texture": "#0"
        },
        "east": {
          "uv": [
            9.75,
            11,
            9,
            11.25
          ],
          "texture": "#0"
        },
        "south": {
          "uv": [
            11.75,
            8.5,
            11,
            8.75
          ],
          "texture": "#0"
        },
        "west": {
          "uv": [
            11.75,
            8,
            11,
            8.25
          ],
          "texture": "#0"
        },
        "up": {
          "uv": [
            9.5,
            0.75,
            10.25,
            0
          ],
          "texture": "#0"
        },
        "down": {
          "uv": [
            9.5,
            5,
            10.25,
            5.75
          ],
          "texture": "#0"
        }
      }
    },
    {
      "from": [
        3.1151,
        7.67804,
        11.0625
      ],
      "to": [
        6.3151,
        8.17804,
        12.2625
      ],
      "rotation": {
        "angle": -22.5,
        "axis": "z",
        "origin": [
          4.5151,
          7.42804,
          5
        ]
      },
      "faces": {
        "north": {
          "uv": [
            1.5,
            11,
            0,
            11.25
          ],
          "texture": "#0"
        },
        "south": {
          "uv": [
            3,
            11,
            1.5,
            11.25
          ],
          "texture": "#0"
        },
        "up": {
          "uv": [
            8,
            5.5,
            9.5,
            5
          ],
          "texture": "#0"
        },
        "down": {
          "uv": [
            8,
            5.5,
            9.5,
            6
          ],
          "texture": "#0"
        }
      }
    },
    {
      "from": [
        1.46086,
        7.20538,
        10.8625
      ],
      "to": [
        3.06086,
        7.90538,
        12.4625
      ],
      "rotation": {
        "angle": -22.5,
        "axis": "z",
        "origin": [
          5.17336,
          7.15538,
          5
        ]
      },
      "faces": {
        "north": {
          "uv": [
            5.75,
            11,
            5,
            11.25
          ],
          "texture": "#0"
        },
        "east": {
          "uv": [
            11.75,
            7.5,
            11,
            7.75
          ],
          "texture": "#0"
        },
        "south": {
          "uv": [
            11.75,
            7,
            11,
            7.25
          ],
          "texture": "#0"
        },
        "west": {
          "uv": [
            6.75,
            11,
            6,
            11.25
          ],
          "texture": "#0"
        },
        "up": {
          "uv": [
            9,
            8.75,
            9.75,
            8
          ],
          "texture": "#0"
        },
        "down": {
          "uv": [
            9,
            9,
            9.75,
            9.75
          ],
          "texture": "#0"
        }
      }
    },
    {
      "from": [
        2.07886,
        8.40405,
        7.2625
      ],
      "to": [
        3.67886,
        8.80405,
        8.8625
      ],
      "rotation": {
        "angle": 0,
        "axis": "y",
        "origin": [
          4.07886,
          8.20405,
          8.0125
        ]
      },
      "faces": {
        "north": {
          "uv": [
            12.25,
            1,
            11.5,
            1.25
          ],
          "texture": "#0"
        },
        "south": {
          "uv": [
            12.25,
            1.5,
            11.5,
            1.75
          ],
          "texture": "#0"
        },
        "west": {
          "uv": [
            10.5,
            5.5,
            11.25,
            5.75
          ],
          "rotation": 180,
          "texture": "#0"
        },
        "up": {
          "uv": [
            10,
            10.75,
            10.75,
            10
          ],
          "texture": "#0"
        },
        "down": {
          "uv": [
            10.5,
            0,
            11.25,
            0.75
          ],
          "texture": "#0"
        }
      }
    },
    {
      "from": [
        6.69809,
        6.9938,
        4.2875
      ],
      "to": [
        6.89809,
        12.2938,
        11.7125
      ],
      "rotation": {
        "angle": 22.5,
        "axis": "z",
        "origin": [
          6.49809,
          9.8438,
          8
        ]
      },
      "faces": {
        "north": {
          "uv": [
            8.75,
            8,
            8.5,
            10.75
          ],
          "texture": "#0"
        },
        "east": {
          "uv": [
            7.75,
            4,
            4,
            6.75
          ],
          "texture": "#0"
        },
        "south": {
          "uv": [
            7.75,
            9,
            7.5,
            11.75
          ],
          "texture": "#0"
        },
        "west": {
          "uv": [
            3.75,
            4,
            0,
            6.75
          ],
          "texture": "#0"
        },
        "up": {
          "uv": [
            7,
            11.75,
            7.25,
            8
          ],
          "texture": "#0"
        }
      }
    },
    {
      "from": [
        2.32842,
        7.575,
        4.2875
      ],
      "to": [
        7.62842,
        7.975,
        11.7125
      ],
      "rotation": {
        "angle": -45,
        "axis": "z",
        "origin": [
          7.02842,
          7.475,
          8
        ]
      },
      "faces": {
        "north": {
          "uv": [
            11.25,
            1,
            8.5,
            1.25
          ],
          "texture": "#0"
        },
        "south": {
          "uv": [
            11.25,
            1.5,
            8.5,
            1.75
          ],
          "texture": "#0"
        },
        "west": {
          "uv": [
            11.75,
            4.5,
            8,
            4.75
          ],
          "texture": "#0"
        },
        "up": {
          "uv": [
            0,
            3.75,
            2.75,
            0
          ],
          "texture": "#0"
        },
        "down": {
          "uv": [
            3,
            0,
            5.75,
            3.75
          ],
          "texture": "#0"
        }
      }
    },
    {
      "from": [
        2.3,
        7.40538,
        4.3
      ],
      "to": [
        7,
        7.90538,
        11.7
      ],
      "rotation": {
        "angle": -22.5,
        "axis": "z",
        "origin": [
          7,
          6.90538,
          8
        ]
      },
      "faces": {
        "north": {
          "uv": [
            10.75,
            3,
            8.5,
            3.25
          ],
          "texture": "#0"
        },
        "east": {
          "uv": [
            11.75,
            4,
            8,
            4.25
          ],
          "texture": "#0"
        },
        "south": {
          "uv": [
            10.75,
            3.5,
            8.5,
            3.75
          ],
          "texture": "#0"
        },
        "west": {
          "uv": [
            10.75,
            7.5,
            7,
            7.75
          ],
          "texture": "#0"
        },
        "up": {
          "uv": [
            2.5,
            10.75,
            4.75,
            7
          ],
          "texture": "#0"
        }
      }
    }
  ],
  "gui_light": "front",
  "display": {
    "thirdperson_righthand": {
      "rotation": [
        76.25,
        0,
        0
      ],
      "translation": [
        0,
        3.5,
        0
      ],
      "scale": [
        0.8,
        0.8,
        0.8
      ]
    },
    "thirdperson_lefthand": {
      "rotation": [
        76.25,
        0,
        0
      ],
      "translation": [
        0,
        2.5,
        -0.5
      ],
      "scale": [
        0.8,
        0.8,
        0.8
      ]
    },
    "firstperson_righthand": {
      "rotation": [
        76.25,
        0,
        0
      ],
      "translation": [
        0,
        3.5,
        0
      ],
      "scale": [
        0.8,
        0.8,
        0.8
      ]
    },
    "firstperson_lefthand": {
      "rotation": [
        76.25,
        0,
        0
      ],
      "translation": [
        14.25,
        1,
        0
      ],
      "scale": [
        0.8,
        0.8,
        0.8
      ]
    },
    "ground": {
      "scale": [
        0.65,
        0.65,
        0.65
      ]
    },
    "gui": {
      "rotation": [
        122.15,
        -33.37,
        -131.17
      ]
    },
    "head": {
      "translation": [
        0,
        8.25,
        0
      ]
    },
    "fixed": {
      "rotation": [
        -90,
        45,
        0
      ],
      "translation": [
        0,
        0,
        -0.75
      ]
    }
  }
}