{
  "credit": "Made By AtPoe",
  "texture_size": [
    64,
    64
  ],
  "elements": [
    {
      "name": "bracelet",
      "from": [
        7.5,
        8.7,
        13.6
      ],
      "to": [
        8.5,
        13.3,
        18.4
      ],
      "rotation": {
        "angle": 0,
        "axis": "y",
        "origin": [
          14,
          15.5,
          13.5
        ]
      },
      "faces": {
        "north": {
          "uv": [
            2.5,
            6,
            3.25,
            9
          ],
          "texture": "#0"
        },
        "east": {
          "uv": [
            0,
            6,
            3,
            9
          ],
          "texture": "#0"
        },
        "south": {
          "uv": [
            2.5,
            6,
            3.25,
            9
          ],
          "texture": "#0"
        },
        "west": {
          "uv": [
            0,
            6,
            3,
            9
          ],
          "texture": "#0"
        },
        "up": {
          "uv": [
            2.5,
            6,
            3.25,
            9
          ],
          "texture": "#0"
        },
        "down": {
          "uv": [
            2.5,
            6,
            3.25,
            9
          ],
          "texture": "#0"
        }
      }
    },
    {
      "from": [
        6.3,
        8.2,
        15.1
      ],
      "to": [
        7.9,
        9.6,
        16.9
      ],
      "rotation": {
        "angle": 0,
        "axis": "y",
        "origin": [
          5.6,
          11.4,
          17.5
        ]
      },
      "faces": {
        "north": {
          "uv": [
            1.75,
            1.75,
            0.25,
            3.25
          ],
          "rotation": 180,
          "texture": "#0"
        },
        "east": {
          "uv": [
            0.5,
            1.75,
            0.25,
            0.25
          ],
          "rotation": 180,
          "texture": "#0"
        },
        "south": {
          "uv": [
            0.25,
            1.75,
            1.75,
            3.25
          ],
          "rotation": 180,
          "texture": "#0"
        },
        "west": {
          "uv": [
            0.25,
            1.75,
            1.75,
            3.25
          ],
          "rotation": 180,
          "texture": "#0"
        },
        "up": {
          "uv": [
            0.25,
            3.25,
            1.75,
            1.75
          ],
          "texture": "#0"
        },
        "down": {
          "uv": [
            0.25,
            0.25,
            1.75,
            1.75
          ],
          "texture": "#0"
        }
      }
    },
    {
      "from": [
        6.2,
        8.3,
        15.2
      ],
      "to": [
        6.3,
        9.5,
        16.8
      ],
      "rotation": {
        "angle": 0,
        "axis": "y",
        "origin": [
          5.1,
          11.4,
          17.5
        ]
      },
      "faces": {
        "north": {
          "uv": [
            0,
            0.5,
            0.25,
            1.5
          ],
          "rotation": 180,
          "texture": "#0"
        },
        "east": {
          "uv": [
            0,
            0,
            0.25,
            0.2
          ],
          "rotation": 180,
          "texture": "#0"
        },
        "south": {
          "uv": [
            0,
            0.5,
            0.25,
            1.5
          ],
          "rotation": 180,
          "texture": "#0"
        },
        "west": {
          "uv": [
            0,
            0.5,
            0.25,
            1.5
          ],
          "rotation": 180,
          "texture": "#0"
        },
        "up": {
          "uv": [
            0,
            0.5,
            0.25,
            1.5
          ],
          "texture": "#0"
        },
        "down": {
          "uv": [
            0,
            0.5,
            0.25,
            1.5
          ],
          "texture": "#0"
        }
      }
    },
    {
      "from": [
        7.9,
        8.5,
        15.2
      ],
      "to": [
        9,
        9.2,
        16.8
      ],
      "rotation": {
        "angle": 0,
        "axis": "y",
        "origin": [
          6.9,
          11.4,
          17.5
        ]
      },
      "faces": {
        "north": {
          "uv": [
            1.75,
            0.25,
            3.25,
            2
          ],
          "rotation": 180,
          "texture": "#0"
        },
        "east": {
          "uv": [
            2,
            2.25,
            2.75,
            2.5
          ],
          "rotation": 180,
          "texture": "#0"
        },
        "south": {
          "uv": [
            1.75,
            0.25,
            3,
            1.25
          ],
          "rotation": 180,
          "texture": "#0"
        },
        "west": {
          "uv": [
            0,
            0,
            0.3,
            0.05
          ],
          "rotation": 180,
          "texture": "#0"
        },
        "up": {
          "uv": [
            3.25,
            0.25,
            1.75,
            2
          ],
          "texture": "#0"
        },
        "down": {
          "uv": [
            1.75,
            0.25,
            3.25,
            2
          ],
          "texture": "#0"
        }
      }
    },
    {
      "from": [
        9,
        8.5,
        15.4
      ],
      "to": [
        9.5,
        9.2,
        16.6
      ],
      "rotation": {
        "angle": 0,
        "axis": "y",
        "origin": [
          8,
          11.4,
          17.5
        ]
      },
      "faces": {
        "north": {
          "uv": [
            3.25,
            0.5,
            4,
            1.75
          ],
          "rotation": 180,
          "texture": "#0"
        },
        "east": {
          "uv": [
            3.25,
            0.5,
            4,
            0.75
          ],
          "rotation": 180,
          "texture": "#0"
        },
        "south": {
          "uv": [
            3.25,
            0.5,
            4,
            1.75
          ],
          "rotation": 180,
          "texture": "#0"
        },
        "west": {
          "uv": [
            0,
            0,
            0.3,
            0.05
          ],
          "rotation": 180,
          "texture": "#0"
        },
        "up": {
          "uv": [
            4,
            1.75,
            3.25,
            0.5
          ],
          "texture": "#0"
        },
        "down": {
          "uv": [
            3.25,
            0.5,
            4,
            1.75
          ],
          "texture": "#0"
        }
      }
    },
    {
      "from": [
        9.5,
        8.5,
        15.6
      ],
      "to": [
        9.9,
        9.2,
        16.4
      ],
      "rotation": {
        "angle": 0,
        "axis": "y",
        "origin": [
          8.5,
          11.4,
          17.5
        ]
      },
      "faces": {
        "north": {
          "uv": [
            4,
            1,
            4.5,
            0.75
          ],
          "rotation": 180,
          "texture": "#0"
        },
        "east": {
          "uv": [
            4.25,
            0.75,
            4.5,
            1.5
          ],
          "rotation": 180,
          "texture": "#0"
        },
        "south": {
          "uv": [
            4.5,
            1,
            4,
            0.75
          ],
          "rotation": 180,
          "texture": "#0"
        },
        "west": {
          "uv": [
            0,
            0,
            0.3,
            0.05
          ],
          "rotation": 180,
          "texture": "#0"
        },
        "up": {
          "uv": [
            4,
            0.75,
            4.5,
            1.5
          ],
          "texture": "#0"
        },
        "down": {
          "uv": [
            4,
            0.75,
            4.5,
            1.5
          ],
          "texture": "#0"
        }
      }
    },
    {
      "from": [
        7.9,
        8.6,
        16.8
      ],
      "to": [
        8.3,
        9.1,
        17.6
      ],
      "rotation": {
        "angle": 0,
        "axis": "y",
        "origin": [
          6.9,
          11.5,
          19.3
        ]
      },
      "faces": {
        "north": {
          "uv": [
            0,
            0,
            0.1,
            0.05
          ],
          "rotation": 180,
          "texture": "#0"
        },
        "east": {
          "uv": [
            2.5,
            2,
            2.75,
            3
          ],
          "rotation": 180,
          "texture": "#0"
        },
        "south": {
          "uv": [
            2.75,
            2.25,
            2.25,
            2
          ],
          "rotation": 180,
          "texture": "#0"
        },
        "west": {
          "uv": [
            2.75,
            3,
            2.25,
            2
          ],
          "rotation": 180,
          "texture": "#0"
        },
        "up": {
          "uv": [
            2.75,
            3,
            2.25,
            2
          ],
          "texture": "#0"
        },
        "down": {
          "uv": [
            2.25,
            2,
            2.75,
            3
          ],
          "texture": "#0"
        }
      }
    },
    {
      "from": [
        7.9,
        8.6,
        14.4
      ],
      "to": [
        8.3,
        9.1,
        15.2
      ],
      "rotation": {
        "angle": 0,
        "axis": "y",
        "origin": [
          6.9,
          11.5,
          16.9
        ]
      },
      "faces": {
        "north": {
          "uv": [
            2.25,
            2.25,
            2.75,
            2
          ],
          "rotation": 180,
          "texture": "#0"
        },
        "east": {
          "uv": [
            2.5,
            2,
            2.75,
            3
          ],
          "rotation": 180,
          "texture": "#0"
        },
        "south": {
          "uv": [
            0,
            0,
            0.1,
            0.05
          ],
          "rotation": 180,
          "texture": "#0"
        },
        "west": {
          "uv": [
            2.25,
            3,
            2.75,
            2
          ],
          "rotation": 180,
          "texture": "#0"
        },
        "up": {
          "uv": [
            2.75,
            2,
            2.25,
            3
          ],
          "texture": "#0"
        },
        "down": {
          "uv": [
            2.25,
            3,
            2.75,
            2
          ],
          "texture": "#0"
        }
      }
    },
    {
      "from": [
        7.5,
        8.05,
        15.825
      ],
      "to": [
        8,
        8.25,
        16.175
      ],
      "rotation": {
        "angle": 0,
        "axis": "y",
        "origin": [
          7.7,
          8.15,
          16.025
        ]
      },
      "faces": {
        "north": {
          "uv": [
            0.25,
            3,
            0.5,
            3.25
          ],
          "rotation": 180,
          "texture": "#0"
        },
        "east": {
          "uv": [
            0.25,
            3,
            0.5,
            3.25
          ],
          "rotation": 180,
          "texture": "#0"
        },
        "south": {
          "uv": [
            0.25,
            3,
            0.5,
            3.25
          ],
          "rotation": 180,
          "texture": "#0"
        },
        "west": {
          "uv": [
            0.25,
            2.75,
            0.5,
            3
          ],
          "rotation": 180,
          "texture": "#0"
        },
        "up": {
          "uv": [
            0.25,
            3,
            0.5,
            3.25
          ],
          "texture": "#0"
        },
        "down": {
          "uv": [
            0.25,
            3.5,
            1,
            4
          ],
          "texture": "#0"
        }
      }
    },
    {
      "from": [
        8.3,
        8.6,
        16.8
      ],
      "to": [
        8.7,
        9.1,
        17.2
      ],
      "rotation": {
        "angle": 0,
        "axis": "y",
        "origin": [
          7.3,
          11.5,
          19
        ]
      },
      "faces": {
        "north": {
          "uv": [
            0,
            0,
            0.1,
            0.05
          ],
          "rotation": 180,
          "texture": "#0"
        },
        "east": {
          "uv": [
            2,
            2.5,
            2.25,
            2
          ],
          "rotation": 180,
          "texture": "#0"
        },
        "south": {
          "uv": [
            2.5,
            2.25,
            2.75,
            2.5
          ],
          "rotation": 180,
          "texture": "#0"
        },
        "west": {
          "uv": [
            0,
            0,
            0.1,
            0.05
          ],
          "rotation": 180,
          "texture": "#0"
        },
        "up": {
          "uv": [
            1.75,
            2,
            2.25,
            2.5
          ],
          "texture": "#0"
        },
        "down": {
          "uv": [
            1.75,
            2,
            2.25,
            2.5
          ],
          "texture": "#0"
        }
      }
    },
    {
      "from": [
        8.3,
        8.6,
        14.8
      ],
      "to": [
        8.7,
        9.1,
        15.2
      ],
      "rotation": {
        "angle": 0,
        "axis": "y",
        "origin": [
          7.3,
          11.5,
          17
        ]
      },
      "faces": {
        "north": {
          "uv": [
            2.5,
            2.25,
            2.75,
            2.5
          ],
          "rotation": 180,
          "texture": "#0"
        },
        "east": {
          "uv": [
            2,
            2.5,
            2.25,
            2
          ],
          "rotation": 180,
          "texture": "#0"
        },
        "south": {
          "uv": [
            0,
            0,
            0.1,
            0.05
          ],
          "rotation": 180,
          "texture": "#0"
        },
        "west": {
          "uv": [
            0,
            0,
            0.1,
            0.05
          ],
          "rotation": 180,
          "texture": "#0"
        },
        "up": {
          "uv": [
            1.75,
            2,
            2.25,
            2.5
          ],
          "texture": "#0"
        },
        "down": {
          "uv": [
            1.75,
            2.5,
            2.25,
            2
          ],
          "texture": "#0"
        }
      }
    },
    {
      "from": [
        6.3,
        10.1,
        13.1
      ],
      "to": [
        7.9,
        11.9,
        14.5
      ],
      "rotation": {
        "angle": 0,
        "axis": "y",
        "origin": [
          5.6,
          9.5,
          16.3
        ]
      },
      "faces": {
        "north": {
          "uv": [
            0.25,
            0.25,
            1.75,
            1.75
          ],
          "rotation": 180,
          "texture": "#0"
        },
        "east": {
          "uv": [
            0.5,
            1.75,
            0.25,
            0.25
          ],
          "rotation": 90,
          "texture": "#0"
        },
        "south": {
          "uv": [
            0.25,
            3.25,
            1.75,
            1.75
          ],
          "texture": "#0"
        },
        "west": {
          "uv": [
            0.25,
            1.75,
            1.75,
            3.25
          ],
          "rotation": 270,
          "texture": "#0"
        },
        "up": {
          "uv": [
            1.75,
            1.75,
            0.25,
            3.25
          ],
          "texture": "#0"
        },
        "down": {
          "uv": [
            0.25,
            1.75,
            1.75,
            3.25
          ],
          "rotation": 180,
          "texture": "#0"
        }
      }
    },
    {
      "from": [
        6.2,
        10.2,
        13.2
      ],
      "to": [
        6.3,
        11.8,
        14.4
      ],
      "rotation": {
        "angle": 0,
        "axis": "y",
        "origin": [
          5.1,
          9.5,
          16.3
        ]
      },
      "faces": {
        "north": {
          "uv": [
            0,
            0.5,
            0.25,
            1.5
          ],
          "rotation": 180,
          "texture": "#0"
        },
        "east": {
          "uv": [
            0,
            0,
            0.25,
            0.2
          ],
          "rotation": 90,
          "texture": "#0"
        },
        "south": {
          "uv": [
            0,
            0.5,
            0.25,
            1.5
          ],
          "texture": "#0"
        },
        "west": {
          "uv": [
            0,
            0.5,
            0.25,
            1.5
          ],
          "rotation": 270,
          "texture": "#0"
        },
        "up": {
          "uv": [
            0,
            0.5,
            0.25,
            1.5
          ],
          "texture": "#0"
        },
        "down": {
          "uv": [
            0,
            0.5,
            0.25,
            1.5
          ],
          "rotation": 180,
          "texture": "#0"
        }
      }
    },
    {
      "from": [
        7.9,
        10.2,
        13.4
      ],
      "to": [
        9,
        11.8,
        14.1
      ],
      "rotation": {
        "angle": 0,
        "axis": "y",
        "origin": [
          6.9,
          9.5,
          16.3
        ]
      },
      "faces": {
        "north": {
          "uv": [
            1.75,
            0.25,
            3.25,
            2
          ],
          "rotation": 180,
          "texture": "#0"
        },
        "east": {
          "uv": [
            2,
            2.25,
            2.75,
            2.5
          ],
          "rotation": 90,
          "texture": "#0"
        },
        "south": {
          "uv": [
            3.25,
            0.25,
            1.75,
            2
          ],
          "texture": "#0"
        },
        "west": {
          "uv": [
            0,
            0,
            0.3,
            0.05
          ],
          "rotation": 270,
          "texture": "#0"
        },
        "up": {
          "uv": [
            1.75,
            0.25,
            3.25,
            2
          ],
          "texture": "#0"
        },
        "down": {
          "uv": [
            1.75,
            0.25,
            3,
            1.25
          ],
          "rotation": 180,
          "texture": "#0"
        }
      }
    },
    {
      "from": [
        9,
        10.4,
        13.4
      ],
      "to": [
        9.5,
        11.6,
        14.1
      ],
      "rotation": {
        "angle": 0,
        "axis": "y",
        "origin": [
          8,
          9.5,
          16.3
        ]
      },
      "faces": {
        "north": {
          "uv": [
            3.25,
            0.5,
            4,
            1.75
          ],
          "rotation": 180,
          "texture": "#0"
        },
        "east": {
          "uv": [
            3.25,
            0.5,
            4,
            0.75
          ],
          "rotation": 90,
          "texture": "#0"
        },
        "south": {
          "uv": [
            4,
            1.75,
            3.25,
            0.5
          ],
          "texture": "#0"
        },
        "west": {
          "uv": [
            0,
            0,
            0.3,
            0.05
          ],
          "rotation": 270,
          "texture": "#0"
        },
        "up": {
          "uv": [
            3.25,
            0.5,
            4,
            1.75
          ],
          "texture": "#0"
        },
        "down": {
          "uv": [
            3.25,
            0.5,
            4,
            1.75
          ],
          "rotation": 180,
          "texture": "#0"
        }
      }
    },
    {
      "from": [
        9.5,
        10.6,
        13.4
      ],
      "to": [
        9.9,
        11.4,
        14.1
      ],
      "rotation": {
        "angle": 0,
        "axis": "y",
        "origin": [
          8.5,
          9.5,
          16.3
        ]
      },
      "faces": {
        "north": {
          "uv": [
            4,
            0.75,
            4.5,
            1.5
          ],
          "rotation": 180,
          "texture": "#0"
        },
        "east": {
          "uv": [
            4.25,
            0.75,
            4.5,
            1.5
          ],
          "rotation": 90,
          "texture": "#0"
        },
        "south": {
          "uv": [
            4,
            0.75,
            4.5,
            1.5
          ],
          "texture": "#0"
        },
        "west": {
          "uv": [
            0,
            0,
            0.3,
            0.05
          ],
          "rotation": 270,
          "texture": "#0"
        },
        "up": {
          "uv": [
            4,
            1,
            4.5,
            0.75
          ],
          "texture": "#0"
        },
        "down": {
          "uv": [
            4.5,
            1,
            4,
            0.75
          ],
          "rotation": 180,
          "texture": "#0"
        }
      }
    },
    {
      "from": [
        7.9,
        9.4,
        13.5
      ],
      "to": [
        8.3,
        10.2,
        14
      ],
      "rotation": {
        "angle": 0,
        "axis": "y",
        "origin": [
          6.9,
          7.7,
          16.4
        ]
      },
      "faces": {
        "north": {
          "uv": [
            2.25,
            2,
            2.75,
            3
          ],
          "rotation": 180,
          "texture": "#0"
        },
        "east": {
          "uv": [
            2.5,
            2,
            2.75,
            3
          ],
          "rotation": 90,
          "texture": "#0"
        },
        "south": {
          "uv": [
            2.75,
            3,
            2.25,
            2
          ],
          "texture": "#0"
        },
        "west": {
          "uv": [
            2.75,
            3,
            2.25,
            2
          ],
          "rotation": 270,
          "texture": "#0"
        },
        "up": {
          "uv": [
            0,
            0,
            0.1,
            0.05
          ],
          "texture": "#0"
        },
        "down": {
          "uv": [
            2.75,
            2.25,
            2.25,
            2
          ],
          "rotation": 180,
          "texture": "#0"
        }
      }
    },
    {
      "from": [
        7.9,
        11.8,
        13.5
      ],
      "to": [
        8.3,
        12.6,
        14
      ],
      "rotation": {
        "angle": 0,
        "axis": "y",
        "origin": [
          6.9,
          10.1,
          16.4
        ]
      },
      "faces": {
        "north": {
          "uv": [
            2.25,
            3,
            2.75,
            2
          ],
          "rotation": 180,
          "texture": "#0"
        },
        "east": {
          "uv": [
            2.5,
            2,
            2.75,
            3
          ],
          "rotation": 90,
          "texture": "#0"
        },
        "south": {
          "uv": [
            2.75,
            2,
            2.25,
            3
          ],
          "texture": "#0"
        },
        "west": {
          "uv": [
            2.25,
            3,
            2.75,
            2
          ],
          "rotation": 270,
          "texture": "#0"
        },
        "up": {
          "uv": [
            2.25,
            2.25,
            2.75,
            2
          ],
          "texture": "#0"
        },
        "down": {
          "uv": [
            0,
            0,
            0.1,
            0.05
          ],
          "rotation": 180,
          "texture": "#0"
        }
      }
    },
    {
      "from": [
        7.5,
        10.825,
        12.95
      ],
      "to": [
        8,
        11.175,
        13.15
      ],
      "rotation": {
        "angle": 0,
        "axis": "y",
        "origin": [
          7.7,
          10.975,
          13.05
        ]
      },
      "faces": {
        "north": {
          "uv": [
            0.25,
            3.5,
            1,
            4
          ],
          "rotation": 180,
          "texture": "#0"
        },
        "east": {
          "uv": [
            0.25,
            3,
            0.5,
            3.25
          ],
          "rotation": 90,
          "texture": "#0"
        },
        "south": {
          "uv": [
            0.25,
            3,
            0.5,
            3.25
          ],
          "texture": "#0"
        },
        "west": {
          "uv": [
            0.25,
            2.75,
            0.5,
            3
          ],
          "rotation": 270,
          "texture": "#0"
        },
        "up": {
          "uv": [
            0.25,
            3,
            0.5,
            3.25
          ],
          "texture": "#0"
        },
        "down": {
          "uv": [
            0.25,
            3,
            0.5,
            3.25
          ],
          "rotation": 180,
          "texture": "#0"
        }
      }
    },
    {
      "from": [
        8.3,
        9.8,
        13.5
      ],
      "to": [
        8.7,
        10.2,
        14
      ],
      "rotation": {
        "angle": 0,
        "axis": "y",
        "origin": [
          7.3,
          8,
          16.4
        ]
      },
      "faces": {
        "north": {
          "uv": [
            1.75,
            2,
            2.25,
            2.5
          ],
          "rotation": 180,
          "texture": "#0"
        },
        "east": {
          "uv": [
            2,
            2.5,
            2.25,
            2
          ],
          "rotation": 90,
          "texture": "#0"
        },
        "south": {
          "uv": [
            1.75,
            2,
            2.25,
            2.5
          ],
          "texture": "#0"
        },
        "west": {
          "uv": [
            0,
            0,
            0.1,
            0.05
          ],
          "rotation": 270,
          "texture": "#0"
        },
        "up": {
          "uv": [
            0,
            0,
            0.1,
            0.05
          ],
          "texture": "#0"
        },
        "down": {
          "uv": [
            2.5,
            2.25,
            2.75,
            2.5
          ],
          "rotation": 180,
          "texture": "#0"
        }
      }
    },
    {
      "from": [
        8.3,
        11.8,
        13.5
      ],
      "to": [
        8.7,
        12.2,
        14
      ],
      "rotation": {
        "angle": 0,
        "axis": "y",
        "origin": [
          7.3,
          10,
          16.4
        ]
      },
      "faces": {
        "north": {
          "uv": [
            1.75,
            2.5,
            2.25,
            2
          ],
          "rotation": 180,
          "texture": "#0"
        },
        "east": {
          "uv": [
            2,
            2.5,
            2.25,
            2
          ],
          "rotation": 90,
          "texture": "#0"
        },
        "south": {
          "uv": [
            1.75,
            2,
            2.25,
            2.5
          ],
          "texture": "#0"
        },
        "west": {
          "uv": [
            0,
            0,
            0.1,
            0.05
          ],
          "rotation": 270,
          "texture": "#0"
        },
        "up": {
          "uv": [
            2.5,
            2.25,
            2.75,
            2.5
          ],
          "texture": "#0"
        },
        "down": {
          "uv": [
            0,
            0,
            0.1,
            0.05
          ],
          "rotation": 180,
          "texture": "#0"
        }
      }
    },
    {
      "from": [
        6.3,
        12.4,
        15.1
      ],
      "to": [
        7.9,
        13.8,
        16.9
      ],
      "rotation": {
        "angle": 0,
        "axis": "y",
        "origin": [
          5.6,
          10.6,
          14.5
        ]
      },
      "faces": {
        "north": {
          "uv": [
            0.25,
            1.75,
            1.75,
            3.25
          ],
          "texture": "#0"
        },
        "east": {
          "uv": [
            0.5,
            1.75,
            0.25,
            0.25
          ],
          "texture": "#0"
        },
        "south": {
          "uv": [
            1.75,
            1.75,
            0.25,
            3.25
          ],
          "texture": "#0"
        },
        "west": {
          "uv": [
            0.25,
            1.75,
            1.75,
            3.25
          ],
          "texture": "#0"
        },
        "up": {
          "uv": [
            0.25,
            0.25,
            1.75,
            1.75
          ],
          "texture": "#0"
        },
        "down": {
          "uv": [
            0.25,
            3.25,
            1.75,
            1.75
          ],
          "texture": "#0"
        }
      }
    },
    {
      "from": [
        6.2,
        12.5,
        15.2
      ],
      "to": [
        6.3,
        13.7,
        16.8
      ],
      "rotation": {
        "angle": 0,
        "axis": "y",
        "origin": [
          5.1,
          10.6,
          14.5
        ]
      },
      "faces": {
        "north": {
          "uv": [
            0,
            0.5,
            0.25,
            1.5
          ],
          "texture": "#0"
        },
        "east": {
          "uv": [
            0,
            0,
            0.25,
            0.2
          ],
          "texture": "#0"
        },
        "south": {
          "uv": [
            0,
            0.5,
            0.25,
            1.5
          ],
          "texture": "#0"
        },
        "west": {
          "uv": [
            0,
            0.5,
            0.25,
            1.5
          ],
          "texture": "#0"
        },
        "up": {
          "uv": [
            0,
            0.5,
            0.25,
            1.5
          ],
          "texture": "#0"
        },
        "down": {
          "uv": [
            0,
            0.5,
            0.25,
            1.5
          ],
          "texture": "#0"
        }
      }
    },
    {
      "from": [
        7.9,
        12.8,
        15.2
      ],
      "to": [
        9,
        13.5,
        16.8
      ],
      "rotation": {
        "angle": 0,
        "axis": "y",
        "origin": [
          6.9,
          10.6,
          14.5
        ]
      },
      "faces": {
        "north": {
          "uv": [
            1.75,
            0.25,
            3,
            1.25
          ],
          "texture": "#0"
        },
        "east": {
          "uv": [
            2,
            2.25,
            2.75,
            2.5
          ],
          "texture": "#0"
        },
        "south": {
          "uv": [
            1.75,
            0.25,
            3.25,
            2
          ],
          "texture": "#0"
        },
        "west": {
          "uv": [
            0,
            0,
            0.3,
            0.05
          ],
          "texture": "#0"
        },
        "up": {
          "uv": [
            1.75,
            0.25,
            3.25,
            2
          ],
          "texture": "#0"
        },
        "down": {
          "uv": [
            3.25,
            0.25,
            1.75,
            2
          ],
          "texture": "#0"
        }
      }
    },
    {
      "from": [
        9,
        12.8,
        15.4
      ],
      "to": [
        9.5,
        13.5,
        16.6
      ],
      "rotation": {
        "angle": 0,
        "axis": "y",
        "origin": [
          8,
          10.6,
          14.5
        ]
      },
      "faces": {
        "north": {
          "uv": [
            3.25,
            0.5,
            4,
            1.75
          ],
          "texture": "#0"
        },
        "east": {
          "uv": [
            3.25,
            0.5,
            4,
            0.75
          ],
          "texture": "#0"
        },
        "south": {
          "uv": [
            3.25,
            0.5,
            4,
            1.75
          ],
          "texture": "#0"
        },
        "west": {
          "uv": [
            0,
            0,
            0.3,
            0.05
          ],
          "texture": "#0"
        },
        "up": {
          "uv": [
            3.25,
            0.5,
            4,
            1.75
          ],
          "texture": "#0"
        },
        "down": {
          "uv": [
            4,
            1.75,
            3.25,
            0.5
          ],
          "texture": "#0"
        }
      }
    },
    {
      "from": [
        9.5,
        12.8,
        15.6
      ],
      "to": [
        9.9,
        13.5,
        16.4
      ],
      "rotation": {
        "angle": 0,
        "axis": "y",
        "origin": [
          8.5,
          10.6,
          14.5
        ]
      },
      "faces": {
        "north": {
          "uv": [
            4.5,
            1,
            4,
            0.75
          ],
          "texture": "#0"
        },
        "east": {
          "uv": [
            4.25,
            0.75,
            4.5,
            1.5
          ],
          "texture": "#0"
        },
        "south": {
          "uv": [
            4,
            1,
            4.5,
            0.75
          ],
          "texture": "#0"
        },
        "west": {
          "uv": [
            0,
            0,
            0.3,
            0.05
          ],
          "texture": "#0"
        },
        "up": {
          "uv": [
            4,
            0.75,
            4.5,
            1.5
          ],
          "texture": "#0"
        },
        "down": {
          "uv": [
            4,
            0.75,
            4.5,
            1.5
          ],
          "texture": "#0"
        }
      }
    },
    {
      "from": [
        7.9,
        12.9,
        14.4
      ],
      "to": [
        8.3,
        13.4,
        15.2
      ],
      "rotation": {
        "angle": 0,
        "axis": "y",
        "origin": [
          6.9,
          10.5,
          12.7
        ]
      },
      "faces": {
        "north": {
          "uv": [
            2.75,
            2.25,
            2.25,
            2
          ],
          "texture": "#0"
        },
        "east": {
          "uv": [
            2.5,
            2,
            2.75,
            3
          ],
          "texture": "#0"
        },
        "south": {
          "uv": [
            0,
            0,
            0.1,
            0.05
          ],
          "texture": "#0"
        },
        "west": {
          "uv": [
            2.75,
            3,
            2.25,
            2
          ],
          "texture": "#0"
        },
        "up": {
          "uv": [
            2.25,
            2,
            2.75,
            3
          ],
          "texture": "#0"
        },
        "down": {
          "uv": [
            2.75,
            3,
            2.25,
            2
          ],
          "texture": "#0"
        }
      }
    },
    {
      "from": [
        7.9,
        12.9,
        16.8
      ],
      "to": [
        8.3,
        13.4,
        17.6
      ],
      "rotation": {
        "angle": 0,
        "axis": "y",
        "origin": [
          6.9,
          10.5,
          15.1
        ]
      },
      "faces": {
        "north": {
          "uv": [
            0,
            0,
            0.1,
            0.05
          ],
          "texture": "#0"
        },
        "east": {
          "uv": [
            2.5,
            2,
            2.75,
            3
          ],
          "texture": "#0"
        },
        "south": {
          "uv": [
            2.25,
            2.25,
            2.75,
            2
          ],
          "texture": "#0"
        },
        "west": {
          "uv": [
            2.25,
            3,
            2.75,
            2
          ],
          "texture": "#0"
        },
        "up": {
          "uv": [
            2.25,
            3,
            2.75,
            2
          ],
          "texture": "#0"
        },
        "down": {
          "uv": [
            2.75,
            2,
            2.25,
            3
          ],
          "texture": "#0"
        }
      }
    },
    {
      "from": [
        7.5,
        13.75,
        15.825
      ],
      "to": [
        8,
        13.95,
        16.175
      ],
      "rotation": {
        "angle": 0,
        "axis": "y",
        "origin": [
          7.7,
          13.85,
          15.975
        ]
      },
      "faces": {
        "north": {
          "uv": [
            0.25,
            3,
            0.5,
            3.25
          ],
          "texture": "#0"
        },
        "east": {
          "uv": [
            0.25,
            3,
            0.5,
            3.25
          ],
          "texture": "#0"
        },
        "south": {
          "uv": [
            0.25,
            3,
            0.5,
            3.25
          ],
          "texture": "#0"
        },
        "west": {
          "uv": [
            0.25,
            2.75,
            0.5,
            3
          ],
          "texture": "#0"
        },
        "up": {
          "uv": [
            0.25,
            3.5,
            1,
            4
          ],
          "texture": "#0"
        },
        "down": {
          "uv": [
            0.25,
            3,
            0.5,
            3.25
          ],
          "texture": "#0"
        }
      }
    },
    {
      "from": [
        8.3,
        12.9,
        14.8
      ],
      "to": [
        8.7,
        13.4,
        15.2
      ],
      "rotation": {
        "angle": 0,
        "axis": "y",
        "origin": [
          7.3,
          10.5,
          13
        ]
      },
      "faces": {
        "north": {
          "uv": [
            2.5,
            2.25,
            2.75,
            2.5
          ],
          "texture": "#0"
        },
        "east": {
          "uv": [
            2,
            2.5,
            2.25,
            2
          ],
          "texture": "#0"
        },
        "south": {
          "uv": [
            0,
            0,
            0.1,
            0.05
          ],
          "texture": "#0"
        },
        "west": {
          "uv": [
            0,
            0,
            0.1,
            0.05
          ],
          "texture": "#0"
        },
        "up": {
          "uv": [
            1.75,
            2,
            2.25,
            2.5
          ],
          "texture": "#0"
        },
        "down": {
          "uv": [
            1.75,
            2,
            2.25,
            2.5
          ],
          "texture": "#0"
        }
      }
    },
    {
      "from": [
        8.3,
        12.9,
        16.8
      ],
      "to": [
        8.7,
        13.4,
        17.2
      ],
      "rotation": {
        "angle": 0,
        "axis": "y",
        "origin": [
          7.3,
          10.5,
          15
        ]
      },
      "faces": {
        "north": {
          "uv": [
            0,
            0,
            0.1,
            0.05
          ],
          "texture": "#0"
        },
        "east": {
          "uv": [
            2,
            2.5,
            2.25,
            2
          ],
          "texture": "#0"
        },
        "south": {
          "uv": [
            2.5,
            2.25,
            2.75,
            2.5
          ],
          "texture": "#0"
        },
        "west": {
          "uv": [
            0,
            0,
            0.1,
            0.05
          ],
          "texture": "#0"
        },
        "up": {
          "uv": [
            1.75,
            2.5,
            2.25,
            2
          ],
          "texture": "#0"
        },
        "down": {
          "uv": [
            1.75,
            2,
            2.25,
            2.5
          ],
          "texture": "#0"
        }
      }
    }
  ],
  "display": {
    "thirdperson_righthand": {
      "rotation": [
        -90,
        -90,
        90
      ],
      "translation": [
        8,
        1,
        2.5
      ]
    },
    "thirdperson_lefthand": {
      "rotation": [
        90,
        -90,
        90
      ],
      "translation": [
        8,
        -5,
        2.5
      ]
    },
    "firstperson_righthand": {
      "rotation": [
        0,
        19,
        -90
      ],
      "translation": [
        -5.75,
        4.75,
        -2.5
      ]
    },
    "firstperson_lefthand": {
      "rotation": [
        75,
        -90,
        90
      ],
      "translation": [
        8,
        -7,
        3
      ]
    },
    "ground": {
      "rotation": [
        45,
        0,
        0
      ],
      "translation": [
        0,
        3,
        0
      ]
    },
    "gui": {
      "rotation": [
        -178.75,
        1.58,
        50.5
      ],
      "translation": [
        5.5,
        4.25,
        0
      ],
      "scale": [
        2.6,
        2.5,
        2.23
      ]
    },
    "head": {
      "rotation": [
        0,
        0,
        -90
      ],
      "translation": [
        -9.5,
        4,
        -29
      ],
      "scale": [
        3,
        3.15,
        3.6
      ]
    },
    "fixed": {
      "rotation": [
        0,
        0,
        -90.5
      ],
      "translation": [
        -11.75,
        0.5,
        -24.25
      ],
      "scale": [
        4,
        4,
        4
      ]
    }
  },
  "groups": [
    {
      "name": "bracelet",
      "origin": [
        0,
        11,
        1
      ],
      "color": 0,
      "children": [
        0,
        {
          "name": "totem",
          "origin": [
            6.6,
            10.6,
            14.8
          ],
          "color": 0,
          "children": [
            1,
            2,
            3,
            4,
            5,
            6,
            7,
            8,
            9,
            10
          ]
        },
        {
          "name": "totem",
          "origin": [
            6.6,
            10.6,
            14.8
          ],
          "color": 0,
          "children": [
            11,
            12,
            13,
            14,
            15,
            16,
            17,
            18,
            19,
            20
          ]
        },
        {
          "name": "totem",
          "origin": [
            6.6,
            10.6,
            14.8
          ],
          "color": 0,
          "children": [
            21,
            22,
            23,
            24,
            25,
            26,
            27,
            28,
            29,
            30
          ]
        }
      ]
    }
  ]
}