{
  "credit": "Made By AtPoe",
  "texture_size": [
    64,
    64
  ],
  "elements": [
    {
      "name": "shield",
      "from": [
        2.425,
        2.5,
        10
      ],
      "to": [
        8.425,
        17.5,
        11
      ],
      "rotation": {
        "angle": 22.5,
        "axis": "y",
        "origin": [
          5.425,
          10,
          10.5
        ]
      },
      "faces": {
        "north": {
          "uv": [
            2,
            0.5,
            3.5,
            4.25
          ],
          "texture": "#0"
        },
        "east": {
          "uv": [
            0.25,
            0.25,
            0.5,
            4
          ],
          "texture": "#0"
        },
        "south": {
          "uv": [
            0.25,
            0.25,
            3.75,
            4.25
          ],
          "texture": "#0"
        },
        "west": {
          "uv": [
            3.5,
            0.25,
            3.75,
            4
          ],
          "texture": "#0"
        },
        "up": {
          "uv": [
            3.75,
            0.25,
            0.25,
            0.5
          ],
          "texture": "#0"
        },
        "down": {
          "uv": [
            3.75,
            0.25,
            0.25,
            0.5
          ],
          "texture": "#0"
        }
      }
    },
    {
      "name": "shield",
      "from": [
        7.58559,
        2.5,
        10
      ],
      "to": [
        13.58559,
        17.5,
        11
      ],
      "rotation": {
        "angle": -22.5,
        "axis": "y",
        "origin": [
          10.58559,
          10,
          10.5
        ]
      },
      "faces": {
        "north": {
          "uv": [
            0.5,
            0.5,
            2,
            4.25
          ],
          "texture": "#0"
        },
        "east": {
          "uv": [
            0.25,
            0.25,
            0.5,
            4
          ],
          "texture": "#0"
        },
        "south": {
          "uv": [
            0.25,
            0.25,
            3.75,
            4.25
          ],
          "texture": "#0"
        },
        "west": {
          "uv": [
            3.5,
            0.25,
            3.75,
            4
          ],
          "texture": "#0"
        },
        "up": {
          "uv": [
            3.75,
            0.25,
            0.25,
            0.5
          ],
          "texture": "#0"
        },
        "down": {
          "uv": [
            3.75,
            0.25,
            0.25,
            0.5
          ],
          "texture": "#0"
        }
      }
    },
    {
      "name": "shield",
      "from": [
        2.425,
        -0.5,
        10
      ],
      "to": [
        8.425,
        2.5,
        11
      ],
      "rotation": {
        "angle": 22.5,
        "axis": "y",
        "origin": [
          5.425,
          1,
          10.5
        ]
      },
      "faces": {
        "north": {
          "uv": [
            2,
            4.25,
            3.25,
            5
          ],
          "texture": "#0"
        },
        "east": {
          "uv": [
            3,
            4.5,
            3.25,
            4.75
          ],
          "texture": "#0"
        },
        "south": {
          "uv": [
            0.5,
            4.25,
            3.5,
            4.5
          ],
          "texture": "#0"
        },
        "west": {
          "uv": [
            3,
            4.5,
            3.25,
            4.75
          ],
          "texture": "#0"
        },
        "up": {
          "uv": [
            12.5,
            6.75,
            9,
            7
          ],
          "texture": "#0"
        },
        "down": {
          "uv": [
            3,
            4.5,
            3.25,
            4.75
          ],
          "texture": "#0"
        }
      }
    },
    {
      "name": "shield",
      "from": [
        7.62365,
        -0.5,
        9.80866
      ],
      "to": [
        13.62365,
        2.5,
        10.80866
      ],
      "rotation": {
        "angle": -22.5,
        "axis": "y",
        "origin": [
          10.12365,
          1,
          10.30866
        ]
      },
      "faces": {
        "north": {
          "uv": [
            0.75,
            4.25,
            2,
            5
          ],
          "texture": "#0"
        },
        "east": {
          "uv": [
            3,
            4.5,
            3.25,
            4.75
          ],
          "texture": "#0"
        },
        "south": {
          "uv": [
            0.5,
            4.25,
            3.5,
            4.5
          ],
          "texture": "#0"
        },
        "west": {
          "uv": [
            3,
            4.5,
            3.25,
            4.75
          ],
          "texture": "#0"
        },
        "up": {
          "uv": [
            12.5,
            6.75,
            9,
            7
          ],
          "texture": "#0"
        },
        "down": {
          "uv": [
            3,
            4.5,
            3.25,
            4.75
          ],
          "texture": "#0"
        }
      }
    },
    {
      "name": "shield",
      "from": [
        2.89888,
        -2.5,
        9.61732
      ],
      "to": [
        8.34888,
        -0.5,
        10.61732
      ],
      "rotation": {
        "angle": 22.5,
        "axis": "y",
        "origin": [
          6.34888,
          -1.5,
          10.11732
        ]
      },
      "faces": {
        "north": {
          "uv": [
            2,
            5,
            3,
            5.5
          ],
          "texture": "#0"
        },
        "east": {
          "uv": [
            3,
            4.5,
            3.25,
            4.75
          ],
          "texture": "#0"
        },
        "south": {
          "uv": [
            0.75,
            4.5,
            3.25,
            4.75
          ],
          "texture": "#0"
        },
        "west": {
          "uv": [
            3,
            4.5,
            3.25,
            4.75
          ],
          "texture": "#0"
        },
        "up": {
          "uv": [
            12.5,
            6.75,
            9,
            7
          ],
          "texture": "#0"
        },
        "down": {
          "uv": [
            3,
            4.5,
            3.25,
            4.75
          ],
          "texture": "#0"
        }
      }
    },
    {
      "name": "shield",
      "from": [
        7.62365,
        -2.5,
        9.80866
      ],
      "to": [
        13.04865,
        -0.5,
        10.80866
      ],
      "rotation": {
        "angle": -22.5,
        "axis": "y",
        "origin": [
          10.12365,
          -1.5,
          10.30866
        ]
      },
      "faces": {
        "north": {
          "uv": [
            1,
            5,
            2,
            5.5
          ],
          "texture": "#0"
        },
        "east": {
          "uv": [
            3,
            4.5,
            3.25,
            4.75
          ],
          "texture": "#0"
        },
        "south": {
          "uv": [
            0.75,
            4.5,
            3.25,
            4.75
          ],
          "texture": "#0"
        },
        "west": {
          "uv": [
            3,
            4.5,
            3.25,
            4.75
          ],
          "texture": "#0"
        },
        "up": {
          "uv": [
            12.5,
            6.75,
            9,
            7
          ],
          "texture": "#0"
        },
        "down": {
          "uv": [
            3,
            4.5,
            3.25,
            4.75
          ],
          "texture": "#0"
        }
      }
    },
    {
      "name": "shield",
      "from": [
        3.84888,
        -4.5,
        9.61732
      ],
      "to": [
        8.34888,
        -2.5,
        10.61732
      ],
      "rotation": {
        "angle": 22.5,
        "axis": "y",
        "origin": [
          6.34888,
          -3.5,
          10.11732
        ]
      },
      "faces": {
        "north": {
          "uv": [
            2,
            5.5,
            3,
            6
          ],
          "texture": "#0"
        },
        "east": {
          "uv": [
            3,
            4.5,
            3.25,
            4.75
          ],
          "texture": "#0"
        },
        "south": {
          "uv": [
            0.75,
            4.75,
            3.25,
            5
          ],
          "texture": "#0"
        },
        "west": {
          "uv": [
            3,
            4.5,
            3.25,
            4.75
          ],
          "texture": "#0"
        },
        "up": {
          "uv": [
            12.5,
            6.75,
            9,
            7
          ],
          "texture": "#0"
        },
        "down": {
          "uv": [
            3,
            4.5,
            3.25,
            4.75
          ],
          "texture": "#0"
        }
      }
    },
    {
      "name": "shield",
      "from": [
        7.66171,
        -4.5,
        9.61732
      ],
      "to": [
        12.16171,
        -2.5,
        10.61732
      ],
      "rotation": {
        "angle": -22.5,
        "axis": "y",
        "origin": [
          9.66171,
          -3.5,
          10.11732
        ]
      },
      "faces": {
        "north": {
          "uv": [
            1,
            5.5,
            2,
            6
          ],
          "texture": "#0"
        },
        "east": {
          "uv": [
            3,
            4.5,
            3.25,
            4.75
          ],
          "texture": "#0"
        },
        "south": {
          "uv": [
            0.75,
            4.75,
            3.25,
            5
          ],
          "texture": "#0"
        },
        "west": {
          "uv": [
            3,
            4.5,
            3.25,
            4.75
          ],
          "texture": "#0"
        },
        "up": {
          "uv": [
            12.5,
            6.75,
            9,
            7
          ],
          "texture": "#0"
        },
        "down": {
          "uv": [
            3,
            4.5,
            3.25,
            4.75
          ],
          "texture": "#0"
        }
      }
    },
    {
      "name": "shield",
      "from": [
        3.81082,
        -5.47,
        9.42597
      ],
      "to": [
        8.31082,
        -4.5,
        11.42597
      ],
      "rotation": {
        "angle": 22.5,
        "axis": "y",
        "origin": [
          6.81082,
          -5.495,
          9.92597
        ]
      },
      "faces": {
        "north": {
          "uv": [
            1.25,
            6,
            2.75,
            6.5
          ],
          "texture": "#0"
        },
        "east": {
          "uv": [
            3,
            4.5,
            3.25,
            4.75
          ],
          "texture": "#0"
        },
        "south": {
          "uv": [
            0.75,
            5,
            3.25,
            5.25
          ],
          "texture": "#0"
        },
        "west": {
          "uv": [
            3,
            4.5,
            3.25,
            4.75
          ],
          "texture": "#0"
        },
        "up": {
          "uv": [
            12.5,
            6.75,
            9,
            7
          ],
          "texture": "#0"
        },
        "down": {
          "uv": [
            3,
            4.5,
            3.25,
            4.75
          ],
          "texture": "#0"
        }
      }
    },
    {
      "name": "shield",
      "from": [
        7.69977,
        -5.975,
        9.57597
      ],
      "to": [
        12.09977,
        -5,
        11.57597
      ],
      "rotation": {
        "angle": -22.5,
        "axis": "y",
        "origin": [
          9.19977,
          -6,
          10.07597
        ]
      },
      "faces": {
        "north": {
          "uv": [
            1.25,
            6,
            2.75,
            6.5
          ],
          "texture": "#0"
        },
        "east": {
          "uv": [
            3,
            4.5,
            3.25,
            4.75
          ],
          "texture": "#0"
        },
        "south": {
          "uv": [
            0.75,
            5,
            3.25,
            5.25
          ],
          "texture": "#0"
        },
        "west": {
          "uv": [
            3,
            4.5,
            3.25,
            4.75
          ],
          "texture": "#0"
        },
        "up": {
          "uv": [
            12.5,
            6.75,
            9,
            7
          ],
          "texture": "#0"
        },
        "down": {
          "uv": [
            3,
            4.5,
            3.25,
            4.75
          ],
          "texture": "#0"
        }
      }
    },
    {
      "name": "shield",
      "from": [
        3.93582,
        -5.97,
        9.57597
      ],
      "to": [
        8.31082,
        -5,
        11.57597
      ],
      "rotation": {
        "angle": 22.5,
        "axis": "y",
        "origin": [
          6.81082,
          -5.995,
          10.07597
        ]
      },
      "faces": {
        "north": {
          "uv": [
            1.25,
            6,
            2.75,
            6.5
          ],
          "texture": "#0"
        },
        "east": {
          "uv": [
            3,
            4.5,
            3.25,
            4.75
          ],
          "texture": "#0"
        },
        "south": {
          "uv": [
            0.75,
            5,
            3.25,
            5.25
          ],
          "texture": "#0"
        },
        "west": {
          "uv": [
            3,
            4.5,
            3.25,
            4.75
          ],
          "texture": "#0"
        },
        "up": {
          "uv": [
            12.5,
            6.75,
            9,
            7
          ],
          "texture": "#0"
        },
        "down": {
          "uv": [
            3,
            4.5,
            3.25,
            4.75
          ],
          "texture": "#0"
        }
      }
    },
    {
      "name": "shield",
      "from": [
        7.69977,
        -6.475,
        9.72597
      ],
      "to": [
        11.99977,
        -5.5,
        11.72597
      ],
      "rotation": {
        "angle": -22.5,
        "axis": "y",
        "origin": [
          9.19977,
          -6.5,
          10.22597
        ]
      },
      "faces": {
        "north": {
          "uv": [
            1.25,
            6,
            2.75,
            6.5
          ],
          "texture": "#0"
        },
        "east": {
          "uv": [
            3,
            4.5,
            3.25,
            4.75
          ],
          "texture": "#0"
        },
        "south": {
          "uv": [
            0.75,
            5,
            3.25,
            5.25
          ],
          "texture": "#0"
        },
        "west": {
          "uv": [
            3,
            4.5,
            3.25,
            4.75
          ],
          "texture": "#0"
        },
        "up": {
          "uv": [
            12.5,
            6.75,
            9,
            7
          ],
          "texture": "#0"
        },
        "down": {
          "uv": [
            3,
            4.5,
            3.25,
            4.75
          ],
          "texture": "#0"
        }
      }
    },
    {
      "name": "shield",
      "from": [
        4.03582,
        -6.47,
        9.72597
      ],
      "to": [
        8.31082,
        -5.5,
        11.72597
      ],
      "rotation": {
        "angle": 22.5,
        "axis": "y",
        "origin": [
          6.81082,
          -6.495,
          10.22597
        ]
      },
      "faces": {
        "north": {
          "uv": [
            1.25,
            6,
            2.75,
            6.5
          ],
          "texture": "#0"
        },
        "east": {
          "uv": [
            3,
            4.5,
            3.25,
            4.75
          ],
          "texture": "#0"
        },
        "south": {
          "uv": [
            0.75,
            5,
            3.25,
            5.25
          ],
          "texture": "#0"
        },
        "west": {
          "uv": [
            3,
            4.5,
            3.25,
            4.75
          ],
          "texture": "#0"
        },
        "up": {
          "uv": [
            12.5,
            6.75,
            9,
            7
          ],
          "texture": "#0"
        },
        "down": {
          "uv": [
            3,
            4.5,
            3.25,
            4.75
          ],
          "texture": "#0"
        }
      }
    },
    {
      "name": "shield",
      "from": [
        7.69977,
        -5.475,
        9.42597
      ],
      "to": [
        12.19977,
        -4.5,
        11.42597
      ],
      "rotation": {
        "angle": -22.5,
        "axis": "y",
        "origin": [
          9.19977,
          -5.5,
          9.92597
        ]
      },
      "faces": {
        "north": {
          "uv": [
            1.25,
            6,
            2.75,
            6.5
          ],
          "texture": "#0"
        },
        "east": {
          "uv": [
            3,
            4.5,
            3.25,
            4.75
          ],
          "texture": "#0"
        },
        "south": {
          "uv": [
            0.75,
            5,
            3.25,
            5.25
          ],
          "texture": "#0"
        },
        "west": {
          "uv": [
            3,
            4.5,
            3.25,
            4.75
          ],
          "texture": "#0"
        },
        "up": {
          "uv": [
            12.5,
            6.75,
            9,
            7
          ],
          "texture": "#0"
        },
        "down": {
          "uv": [
            3,
            4.5,
            3.25,
            4.75
          ],
          "texture": "#0"
        }
      }
    },
    {
      "name": "shield",
      "from": [
        4.29289,
        18.45,
        10.78921
      ],
      "to": [
        7.29289,
        19.45,
        12.18921
      ],
      "rotation": {
        "angle": 45,
        "axis": "y",
        "origin": [
          5.79289,
          18.95,
          11.28921
        ]
      },
      "faces": {
        "north": {
          "uv": [
            3.75,
            0.25,
            2.75,
            0.5
          ],
          "texture": "#0"
        },
        "east": {
          "uv": [
            3.75,
            0.25,
            2.75,
            0.5
          ],
          "texture": "#0"
        },
        "south": {
          "uv": [
            3.75,
            0.25,
            2.75,
            0.5
          ],
          "texture": "#0"
        },
        "west": {
          "uv": [
            3.75,
            0.25,
            2.75,
            0.5
          ],
          "texture": "#0"
        },
        "up": {
          "uv": [
            3.75,
            0.25,
            2.75,
            0.5
          ],
          "texture": "#0"
        },
        "down": {
          "uv": [
            3.75,
            0.25,
            2.75,
            0.5
          ],
          "texture": "#0"
        }
      }
    },
    {
      "name": "shield",
      "from": [
        6.3,
        18.475,
        10.15
      ],
      "to": [
        9.7,
        19.425,
        12.025
      ],
      "rotation": {
        "angle": 0,
        "axis": "y",
        "origin": [
          7,
          13.975,
          10.425
        ]
      },
      "faces": {
        "north": {
          "uv": [
            2.75,
            0.25,
            3.75,
            0.5
          ],
          "texture": "#0"
        },
        "east": {
          "uv": [
            2.75,
            0.25,
            3.75,
            0.5
          ],
          "texture": "#0"
        },
        "south": {
          "uv": [
            2.75,
            0.25,
            3.75,
            0.5
          ],
          "texture": "#0"
        },
        "west": {
          "uv": [
            2.75,
            0.25,
            3.75,
            0.5
          ],
          "texture": "#0"
        },
        "up": {
          "uv": [
            2.75,
            0.25,
            3.75,
            0.5
          ],
          "texture": "#0"
        },
        "down": {
          "uv": [
            2.75,
            0.25,
            3.75,
            0.5
          ],
          "texture": "#0"
        }
      }
    },
    {
      "name": "shield",
      "from": [
        8.70711,
        18.45,
        10.78921
      ],
      "to": [
        11.70711,
        19.45,
        12.18921
      ],
      "rotation": {
        "angle": -45,
        "axis": "y",
        "origin": [
          10.20711,
          18.95,
          11.28921
        ]
      },
      "faces": {
        "north": {
          "uv": [
            2.75,
            0.25,
            3.75,
            0.5
          ],
          "texture": "#0"
        },
        "east": {
          "uv": [
            2.75,
            0.25,
            3.75,
            0.5
          ],
          "texture": "#0"
        },
        "south": {
          "uv": [
            2.75,
            0.25,
            3.75,
            0.5
          ],
          "texture": "#0"
        },
        "west": {
          "uv": [
            2.75,
            0.25,
            3.75,
            0.5
          ],
          "texture": "#0"
        },
        "up": {
          "uv": [
            2.75,
            0.25,
            3.75,
            0.5
          ],
          "texture": "#0"
        },
        "down": {
          "uv": [
            2.75,
            0.25,
            3.75,
            0.5
          ],
          "texture": "#0"
        }
      }
    },
    {
      "name": "shield",
      "from": [
        1.46306,
        17.5,
        10.19134
      ],
      "to": [
        8.46306,
        18.5,
        11.19134
      ],
      "rotation": {
        "angle": 22.5,
        "axis": "y",
        "origin": [
          4.96306,
          18,
          10.69134
        ]
      },
      "faces": {
        "north": {
          "uv": [
            2,
            0.25,
            3.5,
            0.5
          ],
          "texture": "#0"
        },
        "east": {
          "uv": [
            0.25,
            0.25,
            0.5,
            4
          ],
          "texture": "#0"
        },
        "south": {
          "uv": [
            0.25,
            0.25,
            3.75,
            4.25
          ],
          "texture": "#0"
        },
        "west": {
          "uv": [
            3.5,
            0.25,
            3.75,
            4
          ],
          "texture": "#0"
        },
        "up": {
          "uv": [
            3.75,
            0.25,
            0.25,
            0.5
          ],
          "texture": "#0"
        },
        "down": {
          "uv": [
            3.75,
            0.25,
            0.25,
            0.5
          ],
          "texture": "#0"
        }
      }
    },
    {
      "name": "shield",
      "from": [
        7.54753,
        17.5,
        10.19134
      ],
      "to": [
        14.54753,
        18.5,
        11.19134
      ],
      "rotation": {
        "angle": -22.5,
        "axis": "y",
        "origin": [
          11.04753,
          18,
          10.69134
        ]
      },
      "faces": {
        "north": {
          "uv": [
            0.25,
            0.25,
            2,
            0.5
          ],
          "rotation": 180,
          "texture": "#0"
        },
        "east": {
          "uv": [
            0.25,
            0.25,
            0.5,
            4
          ],
          "rotation": 180,
          "texture": "#0"
        },
        "south": {
          "uv": [
            2,
            0.25,
            3.5,
            0.5
          ],
          "rotation": 180,
          "texture": "#0"
        },
        "west": {
          "uv": [
            3.5,
            0.25,
            3.75,
            4
          ],
          "rotation": 180,
          "texture": "#0"
        },
        "up": {
          "uv": [
            3.75,
            0.25,
            0.25,
            0.5
          ],
          "texture": "#0"
        },
        "down": {
          "uv": [
            3.75,
            0.25,
            0.25,
            0.5
          ],
          "texture": "#0"
        }
      }
    },
    {
      "from": [
        6.5,
        16.45,
        8.875
      ],
      "to": [
        9.5,
        19.45,
        10.15
      ],
      "rotation": {
        "angle": 0,
        "axis": "y",
        "origin": [
          7,
          17.95,
          9.875
        ]
      },
      "faces": {
        "north": {
          "uv": [
            12.5,
            8.25,
            13.5,
            9.25
          ],
          "texture": "#0"
        },
        "east": {
          "uv": [
            13.25,
            8.25,
            13.5,
            9.25
          ],
          "texture": "#0"
        },
        "west": {
          "uv": [
            12.5,
            8.25,
            12.75,
            9.25
          ],
          "texture": "#0"
        },
        "up": {
          "uv": [
            12.5,
            8.25,
            13.5,
            8.5
          ],
          "texture": "#0"
        },
        "down": {
          "uv": [
            12.5,
            9,
            13.5,
            9.25
          ],
          "texture": "#0"
        }
      }
    },
    {
      "name": "handle",
      "from": [
        7,
        8,
        13
      ],
      "to": [
        9,
        14,
        19
      ],
      "rotation": {
        "angle": 0,
        "axis": "y",
        "origin": [
          14,
          15.5,
          13.5
        ]
      },
      "faces": {
        "east": {
          "uv": [
            12.5,
            9.25,
            14,
            10.75
          ],
          "texture": "#0"
        },
        "south": {
          "uv": [
            12.75,
            9.25,
            12.5,
            10.75
          ],
          "texture": "#0"
        },
        "west": {
          "uv": [
            14,
            9.25,
            12.5,
            10.75
          ],
          "texture": "#0"
        },
        "up": {
          "uv": [
            12.5,
            9.25,
            12.75,
            10.75
          ],
          "texture": "#0"
        },
        "down": {
          "uv": [
            13.75,
            9.25,
            14,
            10.75
          ],
          "texture": "#0"
        }
      }
    },
    {
      "name": "shield",
      "from": [
        0,
        1.5,
        12
      ],
      "to": [
        16,
        19.5,
        13
      ],
      "rotation": {
        "angle": 0,
        "axis": "y",
        "origin": [
          8,
          11,
          12.5
        ]
      },
      "faces": {
        "north": {
          "uv": [
            0.25,
            0.25,
            3.75,
            4.25
          ],
          "texture": "#0"
        },
        "east": {
          "uv": [
            0.25,
            0.25,
            0.5,
            4
          ],
          "texture": "#0"
        },
        "south": {
          "uv": [
            0.25,
            0.25,
            3.75,
            4.25
          ],
          "texture": "#0"
        },
        "west": {
          "uv": [
            3.5,
            0.25,
            3.75,
            4
          ],
          "texture": "#0"
        },
        "up": {
          "uv": [
            3.75,
            0.25,
            0.25,
            0.5
          ],
          "texture": "#0"
        },
        "down": {
          "uv": [
            3.75,
            0.25,
            0.25,
            0.5
          ],
          "texture": "#0"
        }
      }
    },
    {
      "name": "shield",
      "from": [
        5,
        -6.5,
        11
      ],
      "to": [
        11,
        -4.5,
        12
      ],
      "rotation": {
        "angle": 0,
        "axis": "y",
        "origin": [
          8,
          -5.5,
          11.5
        ]
      },
      "faces": {
        "north": {
          "uv": [
            1.25,
            6,
            2.75,
            6.5
          ],
          "texture": "#0"
        },
        "east": {
          "uv": [
            3,
            4.5,
            3.25,
            4.75
          ],
          "texture": "#0"
        },
        "south": {
          "uv": [
            0.75,
            5,
            3.25,
            5.25
          ],
          "texture": "#0"
        },
        "west": {
          "uv": [
            3,
            4.5,
            3.25,
            4.75
          ],
          "texture": "#0"
        },
        "up": {
          "uv": [
            12.5,
            6.75,
            9,
            7
          ],
          "texture": "#0"
        },
        "down": {
          "uv": [
            3,
            4.5,
            3.25,
            4.75
          ],
          "texture": "#0"
        }
      }
    },
    {
      "name": "shield",
      "from": [
        4,
        -4.5,
        11
      ],
      "to": [
        12,
        -2.5,
        12
      ],
      "rotation": {
        "angle": 0,
        "axis": "y",
        "origin": [
          8,
          4,
          11.5
        ]
      },
      "faces": {
        "north": {
          "uv": [
            1,
            5.5,
            3,
            6
          ],
          "texture": "#0"
        },
        "east": {
          "uv": [
            3,
            4.5,
            3.25,
            4.75
          ],
          "texture": "#0"
        },
        "south": {
          "uv": [
            0.75,
            4.75,
            3.25,
            5
          ],
          "texture": "#0"
        },
        "west": {
          "uv": [
            3,
            4.5,
            3.25,
            4.75
          ],
          "texture": "#0"
        },
        "up": {
          "uv": [
            12.5,
            6.75,
            9,
            7
          ],
          "texture": "#0"
        },
        "down": {
          "uv": [
            3,
            4.5,
            3.25,
            4.75
          ],
          "texture": "#0"
        }
      }
    },
    {
      "name": "shield",
      "from": [
        3,
        -2.5,
        11
      ],
      "to": [
        13,
        -0.5,
        12
      ],
      "rotation": {
        "angle": 0,
        "axis": "y",
        "origin": [
          8,
          6,
          11.5
        ]
      },
      "faces": {
        "north": {
          "uv": [
            0.75,
            5,
            3.25,
            5.5
          ],
          "texture": "#0"
        },
        "east": {
          "uv": [
            3,
            4.5,
            3.25,
            4.75
          ],
          "texture": "#0"
        },
        "south": {
          "uv": [
            0.75,
            4.5,
            3.25,
            4.75
          ],
          "texture": "#0"
        },
        "west": {
          "uv": [
            3,
            4.5,
            3.25,
            4.75
          ],
          "texture": "#0"
        },
        "up": {
          "uv": [
            12.5,
            6.75,
            9,
            7
          ],
          "texture": "#0"
        },
        "down": {
          "uv": [
            3,
            4.5,
            3.25,
            4.75
          ],
          "texture": "#0"
        }
      }
    },
    {
      "name": "shield",
      "from": [
        2,
        -0.5,
        11
      ],
      "to": [
        14,
        2.5,
        12
      ],
      "rotation": {
        "angle": 0,
        "axis": "y",
        "origin": [
          8,
          8,
          11.5
        ]
      },
      "faces": {
        "north": {
          "uv": [
            0.5,
            4.25,
            3.5,
            5
          ],
          "texture": "#0"
        },
        "east": {
          "uv": [
            3,
            4.5,
            3.25,
            4.75
          ],
          "texture": "#0"
        },
        "south": {
          "uv": [
            0.5,
            4.25,
            3.5,
            4.5
          ],
          "texture": "#0"
        },
        "west": {
          "uv": [
            3,
            4.5,
            3.25,
            4.75
          ],
          "texture": "#0"
        },
        "up": {
          "uv": [
            12.5,
            6.75,
            9,
            7
          ],
          "texture": "#0"
        },
        "down": {
          "uv": [
            3,
            4.5,
            3.25,
            4.75
          ],
          "texture": "#0"
        }
      }
    },
    {
      "name": "shield",
      "from": [
        1,
        2.5,
        11
      ],
      "to": [
        15,
        18.5,
        12
      ],
      "rotation": {
        "angle": 0,
        "axis": "y",
        "origin": [
          8,
          10.5,
          11.5
        ]
      },
      "faces": {
        "north": {
          "uv": [
            0.25,
            0.25,
            3.75,
            4.25
          ],
          "texture": "#0"
        },
        "east": {
          "uv": [
            0.25,
            0.25,
            0.5,
            4
          ],
          "texture": "#0"
        },
        "south": {
          "uv": [
            0.25,
            0.25,
            3.75,
            4.25
          ],
          "texture": "#0"
        },
        "west": {
          "uv": [
            3.5,
            0.25,
            3.75,
            4
          ],
          "texture": "#0"
        },
        "up": {
          "uv": [
            3.75,
            0.25,
            0.25,
            0.5
          ],
          "texture": "#0"
        },
        "down": {
          "uv": [
            3.75,
            0.25,
            0.25,
            0.5
          ],
          "texture": "#0"
        }
      }
    },
    {
      "name": "shield",
      "from": [
        1,
        -0.5,
        12
      ],
      "to": [
        15,
        1.5,
        13
      ],
      "rotation": {
        "angle": 0,
        "axis": "y",
        "origin": [
          8,
          8,
          12.5
        ]
      },
      "faces": {
        "north": {
          "uv": [
            0.5,
            4.25,
            3.5,
            5
          ],
          "texture": "#0"
        },
        "east": {
          "uv": [
            3,
            4.5,
            3.25,
            4.75
          ],
          "texture": "#0"
        },
        "south": {
          "uv": [
            0.5,
            4.25,
            3.5,
            5
          ],
          "texture": "#0"
        },
        "west": {
          "uv": [
            3,
            4.5,
            3.25,
            4.75
          ],
          "texture": "#0"
        },
        "up": {
          "uv": [
            12.5,
            6.75,
            9,
            7
          ],
          "texture": "#0"
        },
        "down": {
          "uv": [
            3,
            4.5,
            3.25,
            4.75
          ],
          "texture": "#0"
        }
      }
    },
    {
      "name": "shield",
      "from": [
        2,
        -2.5,
        12
      ],
      "to": [
        14,
        -0.5,
        13
      ],
      "rotation": {
        "angle": 0,
        "axis": "y",
        "origin": [
          8,
          6,
          12.5
        ]
      },
      "faces": {
        "north": {
          "uv": [
            0.75,
            5,
            3.25,
            5.5
          ],
          "texture": "#0"
        },
        "east": {
          "uv": [
            3,
            4.5,
            3.25,
            4.75
          ],
          "texture": "#0"
        },
        "south": {
          "uv": [
            0.75,
            5,
            3.25,
            5.5
          ],
          "texture": "#0"
        },
        "west": {
          "uv": [
            3,
            4.5,
            3.25,
            4.75
          ],
          "texture": "#0"
        },
        "up": {
          "uv": [
            12.5,
            6.75,
            9,
            7
          ],
          "texture": "#0"
        },
        "down": {
          "uv": [
            3,
            4.5,
            3.25,
            4.75
          ],
          "texture": "#0"
        }
      }
    },
    {
      "name": "shield",
      "from": [
        3,
        -4.5,
        12
      ],
      "to": [
        13,
        -2.5,
        13
      ],
      "rotation": {
        "angle": 0,
        "axis": "y",
        "origin": [
          8,
          4,
          12.5
        ]
      },
      "faces": {
        "north": {
          "uv": [
            1,
            5.5,
            3,
            6
          ],
          "texture": "#0"
        },
        "east": {
          "uv": [
            3,
            4.5,
            3.25,
            4.75
          ],
          "texture": "#0"
        },
        "south": {
          "uv": [
            1,
            5.5,
            3,
            6
          ],
          "texture": "#0"
        },
        "west": {
          "uv": [
            3,
            4.5,
            3.25,
            4.75
          ],
          "texture": "#0"
        },
        "up": {
          "uv": [
            12.5,
            6.75,
            9,
            7
          ],
          "texture": "#0"
        },
        "down": {
          "uv": [
            3,
            4.5,
            3.25,
            4.75
          ],
          "texture": "#0"
        }
      }
    },
    {
      "name": "shield",
      "from": [
        4,
        -6.5,
        12
      ],
      "to": [
        12,
        -4.5,
        13
      ],
      "rotation": {
        "angle": 0,
        "axis": "y",
        "origin": [
          8,
          2,
          12.5
        ]
      },
      "faces": {
        "north": {
          "uv": [
            1.25,
            6,
            2.75,
            6.5
          ],
          "texture": "#0"
        },
        "east": {
          "uv": [
            3,
            4.5,
            3.25,
            4.75
          ],
          "texture": "#0"
        },
        "south": {
          "uv": [
            1.25,
            6,
            2.75,
            6.5
          ],
          "texture": "#0"
        },
        "west": {
          "uv": [
            3,
            4.5,
            3.25,
            4.75
          ],
          "texture": "#0"
        },
        "up": {
          "uv": [
            12.5,
            6.75,
            9,
            7
          ],
          "texture": "#0"
        },
        "down": {
          "uv": [
            3,
            4.5,
            3.25,
            4.75
          ],
          "texture": "#0"
        }
      }
    }
  ],
  "display": {
    "thirdperson_righthand": {
      "rotation": [
        90,
        -90,
        90
      ],
      "translation": [
        8,
        -5,
        3
      ]
    },
    "thirdperson_lefthand": {
      "rotation": [
        90,
        -90,
        90
      ],
      "translation": [
        8,
        -5,
        3
      ]
    },
    "firstperson_righthand": {
      "rotation": [
        180,
        -164,
        180
      ],
      "translation": [
        1.5,
        -1.25,
        0.75
      ]
    },
    "firstperson_lefthand": {
      "rotation": [
        180,
        -164,
        180
      ],
      "translation": [
        1.5,
        -1.25,
        0.75
      ]
    },
    "ground": {
      "rotation": [
        45,
        0,
        0
      ],
      "translation": [
        0,
        3,
        0
      ],
      "scale": [
        0.5,
        0.5,
        0.5
      ]
    },
    "gui": {
      "rotation": [
        177.37,
        8.95,
        179.94
      ],
      "translation": [
        -0.75,
        1,
        0
      ],
      "scale": [
        0.65,
        0.6,
        1
      ]
    },
    "head": {
      "rotation": [
        90,
        0,
        0
      ],
      "translation": [
        0,
        11.75,
        -3
      ]
    },
    "fixed": {
      "translation": [
        0,
        0.75,
        -3
      ],
      "scale": [
        0.8,
        0.8,
        0.8
      ]
    }
  },
  "groups": [
    {
      "name": "shield",
      "origin": [
        0,
        11,
        1
      ],
      "color": 0,
      "children": [
        {
          "name": "bulk",
          "origin": [
            9.19977,
            -5.5,
            9.92597
          ],
          "color": 0,
          "children": [
            0,
            1,
            2,
            3,
            4,
            5,
            6,
            7,
            8,
            9,
            10,
            11,
            12,
            13,
            14,
            15,
            16,
            17,
            18,
            19
          ]
        },
        20,
        21,
        22,
        23,
        24,
        25,
        26,
        27,
        28,
        29,
        30
      ]
    }
  ]
}