{
  "credit": "Made By AtPoe",
  "texture_size": [
    64,
    64
  ],
  "elements": [
    {
      "name": "handle",
      "from": [
        7,
        8,
        13
      ],
      "to": [
        9,
        14,
        19
      ],
      "rotation": {
        "angle": 0,
        "axis": "y",
        "origin": [
          14,
          15.5,
          13.5
        ]
      },
      "faces": {
        "east": {
          "uv": [
            12.5,
            9.25,
            14,
            10.75
          ],
          "texture": "#0"
        },
        "south": {
          "uv": [
            12.75,
            9.25,
            12.5,
            10.75
          ],
          "texture": "#0"
        },
        "west": {
          "uv": [
            14,
            9.25,
            12.5,
            10.75
          ],
          "texture": "#0"
        },
        "up": {
          "uv": [
            12.5,
            9.25,
            12.75,
            10.75
          ],
          "texture": "#0"
        },
        "down": {
          "uv": [
            13.75,
            9.25,
            14,
            10.75
          ],
          "texture": "#0"
        }
      }
    },
    {
      "from": [
        6,
        10.45,
        10.5
      ],
      "to": [
        10,
        14.45,
        11.5
      ],
      "rotation": {
        "angle": 0,
        "axis": "y",
        "origin": [
          7.5,
          11.95,
          11.5
        ]
      },
      "faces": {
        "north": {
          "uv": [
            12.5,
            8.25,
            13.5,
            9.25
          ],
          "texture": "#0"
        },
        "east": {
          "uv": [
            13.25,
            8.25,
            13.5,
            9.25
          ],
          "texture": "#0"
        },
        "west": {
          "uv": [
            12.5,
            8.25,
            12.75,
            9.25
          ],
          "texture": "#0"
        },
        "up": {
          "uv": [
            12.5,
            8.25,
            13.5,
            8.5
          ],
          "texture": "#0"
        },
        "down": {
          "uv": [
            12.5,
            9,
            13.5,
            9.25
          ],
          "texture": "#0"
        }
      }
    },
    {
      "from": [
        6,
        -0.45,
        10.5
      ],
      "to": [
        10,
        3.55,
        11.5
      ],
      "rotation": {
        "angle": 0,
        "axis": "y",
        "origin": [
          7.5,
          1.05,
          11.5
        ]
      },
      "faces": {
        "north": {
          "uv": [
            12.5,
            8.25,
            13.5,
            9.25
          ],
          "texture": "#0"
        },
        "east": {
          "uv": [
            13.25,
            8.25,
            13.5,
            9.25
          ],
          "texture": "#0"
        },
        "west": {
          "uv": [
            12.5,
            8.25,
            12.75,
            9.25
          ],
          "texture": "#0"
        },
        "up": {
          "uv": [
            12.5,
            8.25,
            13.5,
            8.5
          ],
          "texture": "#0"
        },
        "down": {
          "uv": [
            12.5,
            9,
            13.5,
            9.25
          ],
          "texture": "#0"
        }
      }
    },
    {
      "from": [
        6,
        4.95,
        10.5
      ],
      "to": [
        10,
        8.95,
        11.5
      ],
      "rotation": {
        "angle": 0,
        "axis": "y",
        "origin": [
          7.5,
          6.45,
          11.5
        ]
      },
      "faces": {
        "north": {
          "uv": [
            12.5,
            8.25,
            13.5,
            9.25
          ],
          "texture": "#0"
        },
        "east": {
          "uv": [
            13.25,
            8.25,
            13.5,
            9.25
          ],
          "texture": "#0"
        },
        "west": {
          "uv": [
            12.5,
            8.25,
            12.75,
            9.25
          ],
          "texture": "#0"
        },
        "up": {
          "uv": [
            12.5,
            8.25,
            13.5,
            8.5
          ],
          "texture": "#0"
        },
        "down": {
          "uv": [
            12.5,
            9,
            13.5,
            9.25
          ],
          "texture": "#0"
        }
      }
    },
    {
      "name": "shield",
      "from": [
        0,
        1.5,
        12
      ],
      "to": [
        16,
        19.5,
        13
      ],
      "rotation": {
        "angle": 0,
        "axis": "y",
        "origin": [
          8,
          11,
          12.5
        ]
      },
      "faces": {
        "north": {
          "uv": [
            0.25,
            0.25,
            3.75,
            4.25
          ],
          "texture": "#0"
        },
        "east": {
          "uv": [
            0.25,
            0.25,
            0.5,
            4
          ],
          "texture": "#0"
        },
        "south": {
          "uv": [
            0.25,
            0.25,
            3.75,
            4.25
          ],
          "texture": "#0"
        },
        "west": {
          "uv": [
            3.5,
            0.25,
            3.75,
            4
          ],
          "texture": "#0"
        },
        "up": {
          "uv": [
            3.75,
            0.25,
            0.25,
            0.5
          ],
          "texture": "#0"
        },
        "down": {
          "uv": [
            3.75,
            0.25,
            0.25,
            0.5
          ],
          "texture": "#0"
        }
      }
    },
    {
      "name": "shield",
      "from": [
        5,
        -6.5,
        11
      ],
      "to": [
        11,
        -4.5,
        12
      ],
      "rotation": {
        "angle": 0,
        "axis": "y",
        "origin": [
          8,
          2,
          11.5
        ]
      },
      "faces": {
        "north": {
          "uv": [
            0.75,
            5,
            3.25,
            5.25
          ],
          "texture": "#0"
        },
        "east": {
          "uv": [
            3,
            4.5,
            3.25,
            4.75
          ],
          "texture": "#0"
        },
        "south": {
          "uv": [
            0.75,
            5,
            3.25,
            5.25
          ],
          "texture": "#0"
        },
        "west": {
          "uv": [
            3,
            4.5,
            3.25,
            4.75
          ],
          "texture": "#0"
        },
        "up": {
          "uv": [
            12.5,
            6.75,
            9,
            7
          ],
          "texture": "#0"
        },
        "down": {
          "uv": [
            3,
            4.5,
            3.25,
            4.75
          ],
          "texture": "#0"
        }
      }
    },
    {
      "name": "shield",
      "from": [
        4,
        -4.5,
        11
      ],
      "to": [
        12,
        -2.5,
        12
      ],
      "rotation": {
        "angle": 0,
        "axis": "y",
        "origin": [
          8,
          4,
          11.5
        ]
      },
      "faces": {
        "north": {
          "uv": [
            0.75,
            4.75,
            3.25,
            5
          ],
          "texture": "#0"
        },
        "east": {
          "uv": [
            3,
            4.5,
            3.25,
            4.75
          ],
          "texture": "#0"
        },
        "south": {
          "uv": [
            0.75,
            4.75,
            3.25,
            5
          ],
          "texture": "#0"
        },
        "west": {
          "uv": [
            3,
            4.5,
            3.25,
            4.75
          ],
          "texture": "#0"
        },
        "up": {
          "uv": [
            12.5,
            6.75,
            9,
            7
          ],
          "texture": "#0"
        },
        "down": {
          "uv": [
            3,
            4.5,
            3.25,
            4.75
          ],
          "texture": "#0"
        }
      }
    },
    {
      "name": "shield",
      "from": [
        3,
        -2.5,
        11
      ],
      "to": [
        13,
        -0.5,
        12
      ],
      "rotation": {
        "angle": 0,
        "axis": "y",
        "origin": [
          8,
          6,
          11.5
        ]
      },
      "faces": {
        "north": {
          "uv": [
            0.75,
            4.5,
            3.25,
            4.75
          ],
          "texture": "#0"
        },
        "east": {
          "uv": [
            3,
            4.5,
            3.25,
            4.75
          ],
          "texture": "#0"
        },
        "south": {
          "uv": [
            0.75,
            4.5,
            3.25,
            4.75
          ],
          "texture": "#0"
        },
        "west": {
          "uv": [
            3,
            4.5,
            3.25,
            4.75
          ],
          "texture": "#0"
        },
        "up": {
          "uv": [
            12.5,
            6.75,
            9,
            7
          ],
          "texture": "#0"
        },
        "down": {
          "uv": [
            3,
            4.5,
            3.25,
            4.75
          ],
          "texture": "#0"
        }
      }
    },
    {
      "name": "shield",
      "from": [
        2,
        -0.5,
        11
      ],
      "to": [
        14,
        2.5,
        12
      ],
      "rotation": {
        "angle": 0,
        "axis": "y",
        "origin": [
          8,
          8,
          11.5
        ]
      },
      "faces": {
        "north": {
          "uv": [
            0.5,
            4.25,
            3.5,
            4.5
          ],
          "texture": "#0"
        },
        "east": {
          "uv": [
            3,
            4.5,
            3.25,
            4.75
          ],
          "texture": "#0"
        },
        "south": {
          "uv": [
            0.5,
            4.25,
            3.5,
            4.5
          ],
          "texture": "#0"
        },
        "west": {
          "uv": [
            3,
            4.5,
            3.25,
            4.75
          ],
          "texture": "#0"
        },
        "up": {
          "uv": [
            12.5,
            6.75,
            9,
            7
          ],
          "texture": "#0"
        },
        "down": {
          "uv": [
            3,
            4.5,
            3.25,
            4.75
          ],
          "texture": "#0"
        }
      }
    },
    {
      "name": "shield",
      "from": [
        1,
        2.5,
        11
      ],
      "to": [
        15,
        18.5,
        12
      ],
      "rotation": {
        "angle": 0,
        "axis": "y",
        "origin": [
          8,
          11,
          11.5
        ]
      },
      "faces": {
        "north": {
          "uv": [
            0.25,
            0.25,
            3.75,
            4.25
          ],
          "texture": "#0"
        },
        "east": {
          "uv": [
            0.25,
            0.25,
            0.5,
            4
          ],
          "texture": "#0"
        },
        "south": {
          "uv": [
            0.25,
            0.25,
            3.75,
            4.25
          ],
          "texture": "#0"
        },
        "west": {
          "uv": [
            3.5,
            0.25,
            3.75,
            4
          ],
          "texture": "#0"
        },
        "up": {
          "uv": [
            3.75,
            0.25,
            0.25,
            0.5
          ],
          "texture": "#0"
        },
        "down": {
          "uv": [
            3.75,
            0.25,
            0.25,
            0.5
          ],
          "texture": "#0"
        }
      }
    },
    {
      "name": "shield",
      "from": [
        1,
        -0.5,
        12
      ],
      "to": [
        15,
        1.5,
        13
      ],
      "rotation": {
        "angle": 0,
        "axis": "y",
        "origin": [
          8,
          8,
          12.5
        ]
      },
      "faces": {
        "north": {
          "uv": [
            0.5,
            4.25,
            3.5,
            4.5
          ],
          "texture": "#0"
        },
        "east": {
          "uv": [
            3,
            4.5,
            3.25,
            4.75
          ],
          "texture": "#0"
        },
        "south": {
          "uv": [
            0.5,
            4.25,
            3.5,
            4.5
          ],
          "texture": "#0"
        },
        "west": {
          "uv": [
            3,
            4.5,
            3.25,
            4.75
          ],
          "texture": "#0"
        },
        "up": {
          "uv": [
            12.5,
            6.75,
            9,
            7
          ],
          "texture": "#0"
        },
        "down": {
          "uv": [
            3,
            4.5,
            3.25,
            4.75
          ],
          "texture": "#0"
        }
      }
    },
    {
      "name": "shield",
      "from": [
        2,
        -2.5,
        12
      ],
      "to": [
        14,
        -0.5,
        13
      ],
      "rotation": {
        "angle": 0,
        "axis": "y",
        "origin": [
          8,
          6,
          12.5
        ]
      },
      "faces": {
        "north": {
          "uv": [
            0.75,
            4.5,
            3.25,
            4.75
          ],
          "texture": "#0"
        },
        "east": {
          "uv": [
            3,
            4.5,
            3.25,
            4.75
          ],
          "texture": "#0"
        },
        "south": {
          "uv": [
            0.75,
            4.5,
            3.25,
            4.75
          ],
          "texture": "#0"
        },
        "west": {
          "uv": [
            3,
            4.5,
            3.25,
            4.75
          ],
          "texture": "#0"
        },
        "up": {
          "uv": [
            12.5,
            6.75,
            9,
            7
          ],
          "texture": "#0"
        },
        "down": {
          "uv": [
            3,
            4.5,
            3.25,
            4.75
          ],
          "texture": "#0"
        }
      }
    },
    {
      "name": "shield",
      "from": [
        3,
        -4.5,
        12
      ],
      "to": [
        13,
        -2.5,
        13
      ],
      "rotation": {
        "angle": 0,
        "axis": "y",
        "origin": [
          8,
          4,
          12.5
        ]
      },
      "faces": {
        "north": {
          "uv": [
            0.75,
            4.75,
            3.25,
            5
          ],
          "texture": "#0"
        },
        "east": {
          "uv": [
            3,
            4.5,
            3.25,
            4.75
          ],
          "texture": "#0"
        },
        "south": {
          "uv": [
            0.75,
            4.75,
            3.25,
            5
          ],
          "texture": "#0"
        },
        "west": {
          "uv": [
            3,
            4.5,
            3.25,
            4.75
          ],
          "texture": "#0"
        },
        "up": {
          "uv": [
            12.5,
            6.75,
            9,
            7
          ],
          "texture": "#0"
        },
        "down": {
          "uv": [
            3,
            4.5,
            3.25,
            4.75
          ],
          "texture": "#0"
        }
      }
    },
    {
      "name": "shield",
      "from": [
        4,
        -6.5,
        12
      ],
      "to": [
        12,
        -4.5,
        13
      ],
      "rotation": {
        "angle": 0,
        "axis": "y",
        "origin": [
          8,
          2,
          12.5
        ]
      },
      "faces": {
        "north": {
          "uv": [
            0.75,
            5,
            3.25,
            5.25
          ],
          "texture": "#0"
        },
        "east": {
          "uv": [
            3,
            4.5,
            3.25,
            4.75
          ],
          "texture": "#0"
        },
        "south": {
          "uv": [
            0.75,
            5,
            3.25,
            5.25
          ],
          "texture": "#0"
        },
        "west": {
          "uv": [
            3,
            4.5,
            3.25,
            4.75
          ],
          "texture": "#0"
        },
        "up": {
          "uv": [
            12.5,
            6.75,
            9,
            7
          ],
          "texture": "#0"
        },
        "down": {
          "uv": [
            3,
            4.5,
            3.25,
            4.75
          ],
          "texture": "#0"
        }
      }
    }
  ],
  "display": {
    "thirdperson_righthand": {
      "rotation": [
        90,
        -90,
        90
      ],
      "translation": [
        8,
        -5,
        3
      ]
    },
    "thirdperson_lefthand": {
      "rotation": [
        90,
        -90,
        90
      ],
      "translation": [
        8,
        -5,
        3
      ]
    },
    "firstperson_righthand": {
      "rotation": [
        180,
        -164,
        180
      ],
      "translation": [
        1.5,
        -2.75,
        0.75
      ]
    },
    "firstperson_lefthand": {
      "rotation": [
        180,
        -164,
        180
      ],
      "translation": [
        1.5,
        -2.75,
        0.75
      ]
    },
    "ground": {
      "rotation": [
        45,
        0,
        0
      ],
      "translation": [
        0,
        3,
        0
      ],
      "scale": [
        0.5,
        0.5,
        0.5
      ]
    },
    "gui": {
      "rotation": [
        167.98,
        -0.24,
        179.95
      ],
      "translation": [
        -0.25,
        1.5,
        0
      ],
      "scale": [
        0.83,
        0.63,
        0.8
      ]
    },
    "head": {
      "rotation": [
        90,
        0,
        0
      ],
      "translation": [
        0,
        11.75,
        -3
      ]
    },
    "fixed": {
      "translation": [
        0,
        -0.75,
        -3
      ],
      "scale": [
        0.8,
        0.8,
        0.8
      ]
    }
  },
  "groups": [
    {
      "name": "shield",
      "origin": [
        0,
        11,
        1
      ],
      "color": 0,
      "children": [
        0,
        1,
        2,
        3,
        4,
        5,
        6,
        7,
        8,
        9,
        10,
        11,
        12,
        13
      ]
    }
  ]
}