{
  "credit": "Made By AtPoe",
  "texture_size": [
    32,
    32
  ],
  "elements": [
    {
      "from": [
        4,
        18,
        4
      ],
      "to": [
        12,
        19,
        12
      ],
      "rotation": {
        "angle": 0,
        "axis": "y",
        "origin": [
          7,
          7,
          7
        ]
      },
      "faces": {
        "north": {
          "uv": [
            1,
            13.75,
            8.5,
            14.75
          ],
          "texture": "#0"
        },
        "east": {
          "uv": [
            1,
            14.75,
            8.5,
            15.75
          ],
          "texture": "#0"
        },
        "south": {
          "uv": [
            1.75,
            11.5,
            9.25,
            12.5
          ],
          "texture": "#0"
        },
        "west": {
          "uv": [
            0.95313,
            12.5,
            8.45313,
            13.5
          ],
          "texture": "#0"
        },
        "up": {
          "uv": [
            6.5,
            5.25,
            1.5,
            0.25
          ],
          "texture": "#0"
        },
        "down": {
          "uv": [
            16,
            6.225,
            8.5,
            11.725
          ],
          "texture": "#0"
        }
      }
    },
    {
      "from": [
        5,
        17,
        5
      ],
      "to": [
        11,
        18,
        11
      ],
      "rotation": {
        "angle": 0,
        "axis": "y",
        "origin": [
          7,
          7,
          7
        ]
      },
      "faces": {
        "north": {
          "uv": [
            4,
            15,
            8,
            16
          ],
          "texture": "#0"
        },
        "east": {
          "uv": [
            0,
            15,
            4,
            16
          ],
          "texture": "#0"
        },
        "south": {
          "uv": [
            12,
            10.25,
            16,
            11.25
          ],
          "texture": "#0"
        },
        "west": {
          "uv": [
            8,
            15,
            12,
            16
          ],
          "texture": "#0"
        },
        "up": {
          "uv": [
            8,
            15,
            4,
            9
          ],
          "texture": "#0"
        },
        "down": {
          "uv": [
            12,
            9,
            8,
            15
          ],
          "texture": "#0"
        }
      }
    },
    {
      "from": [
        6.5,
        0,
        6.5
      ],
      "to": [
        9.5,
        9,
        9.5
      ],
      "rotation": {
        "angle": 0,
        "axis": "y",
        "origin": [
          7,
          -5,
          7
        ]
      },
      "faces": {
        "north": {
          "uv": [
            9.75,
            10.5,
            13.25,
            0.75
          ],
          "texture": "#0"
        },
        "east": {
          "uv": [
            12.5,
            10.5,
            16,
            0.75
          ],
          "texture": "#0"
        },
        "south": {
          "uv": [
            10.75,
            10.5,
            14.25,
            0.75
          ],
          "texture": "#0"
        },
        "west": {
          "uv": [
            8.25,
            10.5,
            11.5,
            0.75
          ],
          "texture": "#0"
        },
        "up": {
          "uv": [
            12.5,
            16,
            9.25,
            12.25
          ],
          "texture": "#0"
        },
        "down": {
          "uv": [
            16,
            12.25,
            12.75,
            16
          ],
          "texture": "#0"
        }
      }
    },
    {
      "from": [
        6.3,
        9,
        6.3
      ],
      "to": [
        9.7,
        14,
        9.7
      ],
      "rotation": {
        "angle": 0,
        "axis": "y",
        "origin": [
          7,
          1,
          7
        ]
      },
      "faces": {
        "north": {
          "uv": [
            4.75,
            10.6875,
            8.5,
            16
          ],
          "texture": "#0"
        },
        "east": {
          "uv": [
            1,
            10.6875,
            4.75,
            16
          ],
          "texture": "#0"
        },
        "south": {
          "uv": [
            12.25,
            5.6875,
            16,
            11
          ],
          "texture": "#0"
        },
        "west": {
          "uv": [
            8.5,
            10.6875,
            12.25,
            16
          ],
          "texture": "#0"
        },
        "up": {
          "uv": [
            8.5,
            10.6875,
            4.75,
            7.5
          ],
          "texture": "#0"
        },
        "down": {
          "uv": [
            12.25,
            7.5,
            8.5,
            10.6875
          ],
          "texture": "#0"
        }
      }
    },
    {
      "from": [
        6,
        14,
        6
      ],
      "to": [
        10,
        17,
        10
      ],
      "rotation": {
        "angle": 0,
        "axis": "y",
        "origin": [
          7,
          6,
          7
        ]
      },
      "faces": {
        "north": {
          "uv": [
            8.75,
            1.75,
            13.25,
            3.75
          ],
          "texture": "#0"
        },
        "east": {
          "uv": [
            8.75,
            1.75,
            13.25,
            3.75
          ],
          "texture": "#0"
        },
        "south": {
          "uv": [
            8.75,
            1.75,
            13.25,
            3.75
          ],
          "texture": "#0"
        },
        "west": {
          "uv": [
            8.75,
            1.75,
            13.25,
            3.75
          ],
          "texture": "#0"
        },
        "up": {
          "uv": [
            12,
            2,
            10,
            0
          ],
          "texture": "#0"
        },
        "down": {
          "uv": [
            14,
            0,
            12,
            2
          ],
          "texture": "#0"
        }
      }
    },
    {
      "from": [
        4,
        20,
        12
      ],
      "to": [
        12,
        22,
        13
      ],
      "rotation": {
        "angle": 0,
        "axis": "y",
        "origin": [
          4,
          20,
          12
        ]
      },
      "faces": {
        "north": {
          "uv": [
            7.5,
            11.8,
            0,
            13.9
          ],
          "texture": "#0"
        },
        "east": {
          "uv": [
            8.4375,
            11.8,
            7.5,
            13.9
          ],
          "texture": "#0"
        },
        "south": {
          "uv": [
            7.5,
            13.9,
            0,
            16
          ],
          "texture": "#0"
        },
        "west": {
          "uv": [
            8.4375,
            13.9,
            7.5,
            16
          ],
          "texture": "#0"
        },
        "up": {
          "uv": [
            0,
            11.8,
            7.5,
            10.75
          ],
          "texture": "#0"
        },
        "down": {
          "uv": [
            7.5,
            10.75,
            15,
            11.8
          ],
          "texture": "#0"
        }
      }
    },
    {
      "from": [
        4,
        20,
        3
      ],
      "to": [
        12,
        22,
        4
      ],
      "rotation": {
        "angle": 0,
        "axis": "y",
        "origin": [
          12,
          20,
          2
        ]
      },
      "faces": {
        "north": {
          "uv": [
            8,
            13,
            0,
            14.5
          ],
          "texture": "#0"
        },
        "east": {
          "uv": [
            5.5,
            8.5,
            7.25,
            10.25
          ],
          "texture": "#0"
        },
        "south": {
          "uv": [
            8,
            11.5,
            0,
            13
          ],
          "texture": "#0"
        },
        "west": {
          "uv": [
            0.5,
            5.5,
            0,
            6.5
          ],
          "texture": "#0"
        },
        "up": {
          "uv": [
            0,
            11.5,
            8,
            10.75
          ],
          "texture": "#0"
        },
        "down": {
          "uv": [
            0,
            10,
            8,
            10.75
          ],
          "texture": "#0"
        }
      }
    },
    {
      "from": [
        4,
        18.9,
        3.5
      ],
      "to": [
        12,
        20.1,
        4.5
      ],
      "rotation": {
        "angle": 0,
        "axis": "y",
        "origin": [
          12,
          18.1,
          2.5
        ]
      },
      "faces": {
        "north": {
          "uv": [
            9.25,
            6.5,
            0.5,
            7.25
          ],
          "texture": "#0"
        },
        "east": {
          "uv": [
            9.75,
            6.5,
            4.5,
            7.25
          ],
          "texture": "#0"
        },
        "south": {
          "uv": [
            13.75,
            6.5,
            5,
            7.25
          ],
          "texture": "#0"
        },
        "west": {
          "uv": [
            5.25,
            6.5,
            0,
            7.25
          ],
          "texture": "#0"
        },
        "up": {
          "uv": [
            1,
            8,
            9.75,
            7.25
          ],
          "texture": "#0"
        },
        "down": {
          "uv": [
            0.75,
            8,
            9.5,
            8.75
          ],
          "texture": "#0"
        }
      }
    },
    {
      "from": [
        11.5,
        18.8,
        4
      ],
      "to": [
        12.5,
        20,
        12
      ],
      "rotation": {
        "angle": 0,
        "axis": "y",
        "origin": [
          13.5,
          18,
          4
        ]
      },
      "faces": {
        "north": {
          "uv": [
            6.70588,
            10.27778,
            7.54412,
            11
          ],
          "texture": "#0"
        },
        "east": {
          "uv": [
            2,
            10.52778,
            8.70588,
            11.25
          ],
          "texture": "#0"
        },
        "south": {
          "uv": [
            13.5,
            15.5,
            14,
            16
          ],
          "texture": "#0"
        },
        "west": {
          "uv": [
            0.54412,
            11.27778,
            7.25,
            12
          ],
          "texture": "#0"
        },
        "up": {
          "uv": [
            6.79412,
            10.27778,
            5.95588,
            4.5
          ],
          "texture": "#0"
        },
        "down": {
          "uv": [
            8.38235,
            4.5,
            7.54412,
            10.27778
          ],
          "texture": "#0"
        }
      }
    },
    {
      "from": [
        4,
        18.9,
        11.5
      ],
      "to": [
        12,
        20.1,
        12.5
      ],
      "rotation": {
        "angle": 0,
        "axis": "y",
        "origin": [
          4,
          18.1,
          11.5
        ]
      },
      "faces": {
        "north": {
          "uv": [
            9.5,
            9.75,
            0.75,
            10.5
          ],
          "texture": "#0"
        },
        "east": {
          "uv": [
            10.25,
            8.75,
            5,
            9.5
          ],
          "texture": "#0"
        },
        "south": {
          "uv": [
            9,
            11,
            0.25,
            11.75
          ],
          "texture": "#0"
        },
        "west": {
          "uv": [
            5.25,
            7,
            0,
            7.75
          ],
          "texture": "#0"
        },
        "up": {
          "uv": [
            0.5,
            7.25,
            9.25,
            6.5
          ],
          "texture": "#0"
        },
        "down": {
          "uv": [
            4.5,
            6.5,
            13.25,
            7.25
          ],
          "texture": "#0"
        }
      }
    },
    {
      "from": [
        3.5,
        18.8,
        4
      ],
      "to": [
        4.5,
        20,
        12
      ],
      "rotation": {
        "angle": 0,
        "axis": "y",
        "origin": [
          2.5,
          18,
          4
        ]
      },
      "faces": {
        "north": {
          "uv": [
            12,
            13.25,
            5.25,
            14.75
          ],
          "texture": "#0"
        },
        "east": {
          "uv": [
            13.75,
            8,
            3.5,
            9.5
          ],
          "texture": "#0"
        },
        "south": {
          "uv": [
            12.25,
            15,
            10.75,
            15.75
          ],
          "texture": "#0"
        },
        "west": {
          "uv": [
            11.5,
            13.25,
            1.25,
            14.75
          ],
          "texture": "#0"
        },
        "up": {
          "uv": [
            5.25,
            14.25,
            12,
            9.25
          ],
          "texture": "#0"
        },
        "down": {
          "uv": [
            5.75,
            9.25,
            12.5,
            14.25
          ],
          "texture": "#0"
        }
      }
    },
    {
      "from": [
        12,
        20,
        4
      ],
      "to": [
        13,
        22,
        12
      ],
      "rotation": {
        "angle": 0,
        "axis": "y",
        "origin": [
          14,
          20,
          4
        ]
      },
      "faces": {
        "north": {
          "uv": [
            10.36111,
            10.83333,
            11.5,
            12.66667
          ],
          "texture": "#0"
        },
        "east": {
          "uv": [
            1.25,
            10.83333,
            10.36111,
            12.66667
          ],
          "texture": "#0"
        },
        "south": {
          "uv": [
            10.36111,
            12.66667,
            11.5,
            14.5
          ],
          "texture": "#0"
        },
        "west": {
          "uv": [
            1.25,
            12.66667,
            10.36111,
            14.5
          ],
          "texture": "#0"
        },
        "up": {
          "uv": [
            2.38889,
            10.83333,
            1.25,
            3.5
          ],
          "texture": "#0"
        },
        "down": {
          "uv": [
            3.52778,
            3.5,
            2.38889,
            10.83333
          ],
          "texture": "#0"
        }
      }
    },
    {
      "from": [
        3,
        20,
        4
      ],
      "to": [
        4,
        22,
        12
      ],
      "rotation": {
        "angle": 0,
        "axis": "y",
        "origin": [
          2,
          20,
          4
        ]
      },
      "faces": {
        "north": {
          "uv": [
            14.5,
            5.16667,
            13.16667,
            6.83333
          ],
          "texture": "#0"
        },
        "east": {
          "uv": [
            12.41667,
            9.83333,
            1.75,
            11.5
          ],
          "texture": "#0"
        },
        "south": {
          "uv": [
            14.5,
            6.83333,
            13.16667,
            8.5
          ],
          "texture": "#0"
        },
        "west": {
          "uv": [
            12.41667,
            8.16667,
            1.75,
            9.83333
          ],
          "texture": "#0"
        },
        "up": {
          "uv": [
            2.25,
            4.66667,
            2.58333,
            0
          ],
          "texture": "#0"
        },
        "down": {
          "uv": [
            10.83333,
            5,
            11.91667,
            11.66667
          ],
          "texture": "#0"
        }
      }
    }
  ],
  "display": {
    "thirdperson_righthand": {
      "translation": [
        -0.25,
        -0.25,
        0
      ],
      "scale": [
        0.5,
        0.5,
        0.5
      ]
    },
    "thirdperson_lefthand": {
      "translation": [
        -0.25,
        -0.25,
        0
      ],
      "scale": [
        0.5,
        0.5,
        0.5
      ]
    },
    "firstperson_righthand": {
      "translation": [
        2,
        0,
        0
      ],
      "scale": [
        0.5,
        0.5,
        0.5
      ]
    },
    "firstperson_lefthand": {
      "translation": [
        2,
        0,
        0
      ],
      "scale": [
        0.5,
        0.5,
        0.5
      ]
    },
    "ground": {
      "rotation": [
        2,
        0,
        90
      ],
      "translation": [
        1.75,
        0,
        0
      ],
      "scale": [
        0.5,
        0.5,
        0.5
      ]
    },
    "gui": {
      "rotation": [
        0,
        0,
        45
      ],
      "translation": [
        2.25,
        -2.5,
        0
      ],
      "scale": [
        0.6,
        0.75,
        1
      ]
    },
    "head": {
      "rotation": [
        180,
        0,
        0
      ],
      "translation": [
        0,
        20,
        0
      ]
    },
    "fixed": {
      "translation": [
        0,
        -3,
        0
      ],
      "scale": [
        0.75,
        0.75,
        1
      ]
    }
  },
  "groups": [
    {
      "name": "Cup bottom",
      "origin": [
        7,
        15,
        7
      ],
      "color": 0,
      "children": [
        0,
        1
      ]
    },
    {
      "name": "Peg",
      "origin": [
        7,
        14,
        7
      ],
      "color": 0,
      "children": [
        2,
        3,
        4
      ]
    },
    {
      "name": "Cup top",
      "origin": [
        12,
        28,
        2
      ],
      "color": 0,
      "children": [
        5,
        6,
        7,
        8,
        9,
        10,
        11,
        12
      ]
    }
  ]
}